Gene	Average shortest path length to known risk genes	FDR p-value (Average shortest path length)	Average cosine similarity with known risk genes	FDR p-value (Average cosine similarity)
VHL	4.569230769230769	3.0939982967133957e-109	0.6342601	0.0
MUC4	5.0	1.3821620935970935e-58	0.64315027	0.0
PBRM1	4.492307692307692	2.2130482394829787e-119	0.6386424	0.0
PHF17	5.424242424242424	2.923156208519247e-22	0.4153623	1.2371740051603754e-291
RNF139	4.590909090909091	1.9637076384770094e-106	0.39469525	6.422482570667306e-254
GALNT11	6.0	0.46300423940933777	0.3271195	3.7181903324356225e-136
SETD2	4.3076923076923075	9.43999407987039e-145	0.64658093	0.0
HIF3A	4.606060606060606	1.737959073153401e-104	0.5025577	0.0
MTOR	3.8153846153846156	2.5177794841595725e-217	0.65072465	0.0
NR4A2	4.257575757575758	7.504677503470952e-152	0.4811643	0.0
TP53	3.0153846153846153	0.0	0.62079453	0.0
NR4A3	4.196969696969697	1.4895433699893624e-160	0.58003557	0.0
BAP1	4.2153846153846155	6.768000233316062e-158	0.6489853	0.0
FSIP2	15.0	1.0	-0.17554034	1.0
PTS	5.045454545454546	5.659481355966012e-54	0.04794874	1.0
EP300	3.272727272727273	7.173488257919496e-301	-0.08868557	1.0
SRC	3.303030303030303	3.8172055723602106e-296	-0.13210958	1.0
EGFR	3.4393939393939394	3.593275698228136e-275	0.65767103	0.0
CREBBP	3.3230769230769233	4.1384529441108814e-293	-0.13924171	1.0
SMARCA4	3.523076923076923	3.567648208474595e-262	0.66538024	0.0
DST	5.318181818181818	7.64416891530246e-30	0.665367	0.0
ZNF197	5.424242424242424	2.923156208519247e-22	0.08986016	1.0
ESR1	2.984848484848485	0.0	-0.20077832	1.0
YWHAG	3.3636363636363638	7.206231060485754e-287	-0.18832825	1.0
ATM	3.8615384615384616	2.5340080819690207e-210	0.6719411	0.0
AR	3.0606060606060606	0.0	-0.13643685	1.0
SMG1	6.484848484848484	1.0	-0.20595515	1.0
GRB2	3.727272727272727	8.661232710659125e-231	-0.15132315	1.0
PRKDC	3.5303030303030303	4.289071394504821e-261	-0.23861618	1.0
PABPC1	4.9393939393939394	5.535048770797336e-65	0.6614847	0.0
PIK3R1	3.878787878787879	9.67482637323781e-208	-0.06435545	1.0
KMT2D	3.787878787878788	1.5217783380568327e-221	0.67328596	0.0
PIK3CA	4.230769230769231	1.1089156993196505e-155	0.6602767	0.0
SHC1	3.8333333333333335	1.2495185782783626e-214	-0.06896714	1.0
SPEN	4.369230769230769	3.735105486336274e-136	0.67056274	0.0
HDAC1	3.409090909090909	7.374735666447581e-280	-0.1000106	1.0
NCOR2	3.6818181818181817	9.250608637383135e-238	0.056198608	1.0
SMAD3	3.090909090909091	0.0	-0.18884718	1.0
PLCG1	3.8484848484848486	2.5389712526985893e-212	-0.22939827	1.0
INSR	3.6666666666666665	4.481469987237711e-240	0.045647852	1.0
BRCA1	3.1818181818181817	5.98055978e-315	0.098086886	1.0
FYN	3.893939393939394	1.8846682085548561e-205	-0.14135572	1.0
BAHCC1	6.015151515151516	0.5905005552315811	-0.17426115	1.0
SMAD2	3.015151515151515	0.0	-0.10605915	1.0
PRKCA	3.4393939393939394	3.593275698228136e-275	-0.21581933	1.0
SP1	3.4242424242424243	1.7193549214974014e-277	-0.20318654	1.0
PCLO	4.9393939393939394	5.535048770797336e-65	0.6736751	0.0
FLG	4.212121212121212	2.28090257442149e-158	0.6797744	0.0
RELA	3.3636363636363638	7.206231060485754e-287	-0.11347226	1.0
JAK2	3.8181818181818183	6.290434548230126e-217	0.14058468	1.0
VAV1	3.5606060606060606	1.9808280964868887e-256	0.047686886	1.0
NR3C1	3.272727272727273	7.173488257919496e-301	-0.16360469	1.0
NCOA1	3.5606060606060606	1.9808280964868887e-256	-0.03790742	1.0
RB1	3.393939393939394	3.465050473983721e-282	-0.2265366	1.0
BIRC6	4.166666666666667	6.137148820145575e-165	0.6822841	0.0
LRP1B	5.538461538461538	2.5331839854395635e-15	0.6800452	0.0
IRS1	3.5	9.031999547346577e-266	0.10573299	1.0
PTK2	3.9242424242424243	6.899921184262694e-201	-0.12650327	1.0
RAF1	3.378787878787879	1.5723454709824182e-284	-0.20157008	1.0
SOS1	4.045454545454546	9.413247275261345e-183	0.4091967	2.321697072829941e-280
EPAS1	4.666666666666667	8.237161641457738e-97	0.5821912	0.0
CCDC88C	5.106060606060606	4.4949480382805774e-48	-0.18009849	1.0
NCOA6	3.621212121212121	4.51207343571108e-247	0.17982131	1.0
CBL	4.015151515151516	2.9248875795462624e-187	-0.10786828	1.0
LYN	4.015151515151516	2.9248875795462624e-187	-0.19398837	1.0
NCOR1	3.727272727272727	8.661232710659125e-231	0.11787351	1.0
USH2A	8.075757575757576	1.0	0.6617497	0.0
BRCA2	3.712121212121212	4.113335036416179e-233	0.656836	0.0
STAT3	3.3333333333333335	1.4672605007720724e-291	-0.09372201	1.0
PTPN11	3.787878787878788	1.5217783380568327e-221	-0.12779681	1.0
PDGFRB	3.878787878787879	9.67482637323781e-208	-0.061913468	1.0
AKAP4	15.0	1.0	0.46510324	0.0
LCK	3.8484848484848486	2.5389712526985893e-212	-0.18209794	1.0
NRIP1	3.757575757575758	3.7009411193979e-226	0.5503775	0.0
RXRA	3.6363636363636362	9.558788646000851e-245	-0.18566495	1.0
PML	3.4545454545454546	8.004071388685758e-273	0.12439868	1.0
CTNNB1	3.196969696969697	1.19414427719e-312	-0.14623165	1.0
PRKCZ	3.3181818181818183	7.306615007980084e-294	0.06610577	1.0
BCAR1	3.984848484848485	8.694410217617934e-192	0.23894282	4.645297209898347e-24
HSP90AA1	3.227272727272727	6.031913308335611e-308	0.09081901	1.0
CRK	3.9696969696969697	4.645458642258488e-194	-0.11756718	1.0
ABL1	3.484848484848485	4.0727477987926333e-268	-0.076292634	1.0
RASA1	3.9242424242424243	6.899921184262694e-201	0.028449008	1.0
SMAD4	3.1666666666666665	2.759901e-317	-0.15629311	1.0
SMG5	5.818181818181818	0.0004998900831057169	-0.085177	1.0
LRP2	5.045454545454546	5.659481355966012e-54	0.68772864	0.0
AKT1	3.0454545454545454	0.0	-0.06579801	1.0
ERBB2	4.0	1.6094176380028617e-189	0.10365729	1.0
TBP	3.5303030303030303	4.289071394504821e-261	-0.17394614	1.0
KDR	4.106060606060606	8.500160823487073e-174	0.40374765	2.0882586609669877e-270
PTEN	3.9076923076923076	2.3597660628148565e-203	0.6386633	0.0
PXN	3.5303030303030303	4.289071394504821e-261	-0.17723435	1.0
MAPK1	3.0303030303030303	0.0	-0.18698268	1.0
RARA	3.742424242424242	1.7943064372120767e-228	0.22787578	5.849058854850949e-16
CIC	5.106060606060606	4.4949480382805774e-48	0.3821346	3.521350665797902e-231
HIF1A	3.621212121212121	4.51207343571108e-247	0.15454035	1.0
KCNJ12	5.636363636363637	1.960882398441318e-10	0.654453	0.0
STAT5B	3.6818181818181817	9.250608637383135e-238	0.066277035	1.0
JAK1	3.909090909090909	3.667840828331614e-203	-0.026525931	1.0
IGF1R	3.8333333333333335	1.2495185782783626e-214	-0.20452023	1.0
YWHAB	3.3181818181818183	7.306615007980084e-294	-0.17110322	1.0
EPPK1	4.4393939393939394	1.6126884793906135e-126	-0.08637539	1.0
JUN	3.4393939393939394	3.593275698228136e-275	-0.07455632	1.0
NCK1	3.9242424242424243	6.899921184262694e-201	-0.15606384	1.0
MED13	6.4393939393939394	1.0	0.696938	0.0
PLXNB3	15.0	1.0	-0.15666595	1.0
TNXB	6.287878787878788	1.0	-0.18018632	1.0
SVIL	4.242424242424242	5.153875612728923e-154	0.6293463	0.0
LRP1	5.409090909090909	2.812288621595938e-23	0.64468163	0.0
PRKCD	3.378787878787879	1.5723454709824182e-284	-0.042283908	1.0
SHANK1	5.3076923076923075	1.1902643759583022e-30	-0.23737833	1.0
FBN2	7.515151515151516	1.0	0.6906315	0.0
CSNK2A1	3.212121212121212	2.67359220428315e-310	-0.17931585	1.0
RUSC2	15.0	1.0	-0.15836355	1.0
MAP2K3	3.9545454545454546	2.497113161143616e-196	0.65570676	0.0
STAT1	3.5757575757575757	4.414577322077375e-254	0.26172197	1.2011400963202923e-45
MYH14	6.196969696969697	1.0	-0.17963235	1.0
PTK2B	3.742424242424242	1.7943064372120767e-228	0.0088892905	1.0
BCR	3.712121212121212	4.113335036416179e-233	0.02156287	1.0
AKAP9	5.092307692307692	2.1850127598135007e-49	0.68913066	0.0
CLSTN1	5.015151515151516	4.965087209642441e-57	0.24851683	2.337717635045785e-32
NCOA3	3.621212121212121	4.51207343571108e-247	0.3156112	6.850605333923869e-118
PTPN6	4.015151515151516	2.9248875795462624e-187	-0.06093755	1.0
KIF1B	5.590909090909091	1.3974580680846262e-12	0.69903964	0.0
MAPK8	3.272727272727273	7.173488257919496e-301	-0.17162555	1.0
SOCS1	4.151515151515151	3.849589723230579e-167	-0.0062192325	1.0
RANBP2	4.6	2.9369251821753882e-105	0.68223435	0.0
PDE4DIP	5.2272727272727275	3.567716469429752e-37	0.65436935	0.0
SIN3A	3.712121212121212	4.113335036416179e-233	-0.066236496	1.0
RYR3	5.545454545454546	6.0781751734860976e-15	0.6901654	0.0
TRAF2	4.045454545454546	9.413247275261345e-183	-0.21448383	1.0
CHD3	3.5454545454545454	9.230529732264593e-259	0.19526246	0.046513607685448176
HERC2	5.106060606060606	4.4949480382805774e-48	0.6860216	0.0
NOS1	5.5606060606060606	3.933561957910748e-14	0.68434733	0.0
SPTA1	4.590909090909091	1.9637076384770094e-106	0.68025976	0.0
PDGFRA	4.015151515151516	2.9248875795462624e-187	0.63363194	0.0
TAF1	3.909090909090909	3.667840828331614e-203	0.47030842	0.0
YWHAE	3.3181818181818183	7.306615007980084e-294	-0.018661626	1.0
PLCG2	4.318181818181818	2.7918664717826296e-143	-0.07168873	1.0
MYC	3.3333333333333335	1.4672605007720724e-291	-0.05776183	1.0
MYH10	6.257575757575758	1.0	-0.19681728	1.0
AKAP13	3.707692307692308	9.098338211903617e-234	0.5644297	0.0
CDC42	3.757575757575758	3.7009411193979e-226	-0.074718595	1.0
PAK1	3.3333333333333335	1.4672605007720724e-291	-0.16778037	1.0
RYR1	4.938461538461539	4.437496784518107e-65	0.672736	0.0
APC	3.8333333333333335	1.2495185782783626e-214	0.5933772	0.0
DLG4	4.712121212121212	3.445049409216623e-91	-0.11196353	1.0
GRIN2B	4.0606060606060606	1.6578578839968477e-180	0.5347964	0.0
MAP3K5	3.712121212121212	4.113335036416179e-233	0.4957244	0.0
DNMT1	4.075757575757576	2.898466868756153e-178	0.6839242	0.0
PRKACA	3.590909090909091	9.987841669980425e-252	-0.13736585	1.0
PTPN1	3.484848484848485	4.0727477987926333e-268	0.22798333	4.973688138471494e-16
TSC2	3.3692307692307693	5.328210581734834e-286	0.47168276	0.0
ESR2	3.757575757575758	3.7009411193979e-226	-0.00281645	1.0
PIAS1	3.5454545454545454	9.230529732264593e-259	-0.01971231	1.0
MED1	3.757575757575758	3.7009411193979e-226	-0.22458756	1.0
FLT1	4.287878787878788	1.4852780113973228e-147	0.6400544	0.0
RYR2	5.212121212121212	1.8119808505712916e-38	0.6762933	0.0
AKD1	4.7272727272727275	2.421712560332582e-89	-0.18077366	1.0
BAZ2B	5.318181818181818	7.64416891530246e-30	0.6791815	0.0
ZMYM2	3.9696969696969697	4.645458642258488e-194	0.6845425	0.0
SVEP1	3.8636363636363638	4.990437000413431e-210	0.70204556	0.0
LCP2	4.333333333333333	3.721508830056371e-141	0.15388294	1.0
HUWE1	4.0	1.6094176380028617e-189	0.68919307	0.0
CEBPB	3.393939393939394	3.465050473983721e-282	-0.044127867	1.0
JMJD1C	4.0	1.6094176380028617e-189	0.7107939	0.0
ANK2	5.378787878787879	2.2421187423656065e-25	0.6946765	0.0
BLM	3.9242424242424243	6.899921184262694e-201	0.67766905	0.0
ATF2	3.6363636363636362	9.558788646000851e-245	0.14104486	1.0
IKBKB	3.5606060606060606	1.9808280964868887e-256	-0.18370876	1.0
TGFBR1	3.5	9.031999547346577e-266	-0.22700515	1.0
MAGEC1	15.0	1.0	0.5286577	0.0
DOK1	4.121212121212121	1.4224876522889679e-171	-0.061562993	1.0
PLEC	4.090909090909091	4.996803001880512e-176	0.61513007	0.0
HDAC2	3.6818181818181817	9.250608637383135e-238	-0.19228284	1.0
PAK2	3.5757575757575757	4.414577322077375e-254	-0.13731456	1.0
XPO1	3.893939393939394	1.8846682085548561e-205	0.5338834	0.0
YWHAQ	3.4545454545454546	8.004071388685758e-273	-0.14246821	1.0
BCL6	4.03030303030303	5.2929460164396896e-185	0.6029208	0.0
IRS2	4.287878787878788	1.4852780113973228e-147	-0.0759196	1.0
PTPRC	4.2272727272727275	3.468440810002327e-156	0.49086547	0.0
CR1	9.181818181818182	1.0	0.69335467	0.0
SYK	3.878787878787879	9.67482637323781e-208	-0.1687736	1.0
CCDC141	6.121212121212121	1.0	-0.17858768	1.0
BTK	4.0606060606060606	1.6578578839968477e-180	-0.044600815	1.0
MACF1	6.9393939393939394	1.0	0.6672898	0.0
NFKB1	3.4696969696969697	1.8729862460886004e-270	-0.13877991	1.0
PTPN13	3.8484848484848486	2.5389712526985893e-212	0.6513048	0.0
RPS6KA1	3.4545454545454546	8.004071388685758e-273	0.29991776	2.4293354430345004e-94
MDM4	3.409090909090909	7.374735666447581e-280	0.10275448	1.0
CASP3	3.3484848484848486	3.461046439971032e-289	-0.16574284	1.0
POU2F1	3.6515151515151514	2.1236689029112368e-242	0.13366379	1.0
MDM2	3.3636363636363638	7.206231060485754e-287	-0.13170722	1.0
EPOR	4.166666666666667	6.137148820145575e-165	-0.09500494	1.0
PKD1	3.8181818181818183	6.290434548230126e-217	0.014310668	1.0
RET	3.9242424242424243	6.899921184262694e-201	-0.1971999	1.0
DAXX	3.5	9.031999547346577e-266	0.4021047	2.081032337934235e-267
CUL9	5.96969696969697	0.24669780146475193	0.6848866	0.0
LYST	6.621212121212121	1.0	0.6782619	0.0
ZNFX1	6.2272727272727275	1.0	0.680474	0.0
NOTCH1	4.151515151515151	3.849589723230579e-167	0.518952	0.0
YWHAZ	3.393939393939394	3.465050473983721e-282	-0.1739789	1.0
HNF4A	3.606060606060606	2.155985073601556e-249	-0.1136227	1.0
CLTC	4.2	4.105417809491858e-160	0.6142204	0.0
SMAD1	3.5454545454545454	9.230529732264593e-259	-0.21122088	1.0
MDC1	3.696969696969697	1.9680734649659724e-235	-0.22251606	1.0
KAT2B	3.5454545454545454	9.230529732264593e-259	-0.09439429	1.0
SPTAN1	4.075757575757576	2.898466868756153e-178	0.47918835	0.0
FAT1	5.292307692307692	7.436650780891399e-32	0.65135354	0.0
GRIN2A	4.318181818181818	2.7918664717826296e-143	0.6169594	0.0
TEC	4.303030303030303	2.0612681446983352e-145	0.5829815	0.0
SUMO1	3.6363636363636362	9.558788646000851e-245	-0.09265129	1.0
VAV2	4.242424242424242	5.153875612728923e-154	0.6600145	0.0
ATXN1	4.151515151515151	3.849589723230579e-167	-0.15426004	1.0
CSF1R	4.630769230769231	2.485993013891348e-101	0.64414024	0.0
ANKRD12	5.454545454545454	2.703891876666768e-20	-0.18572988	1.0
PARP1	3.772727272727273	7.597686340594044e-224	0.12969024	1.0
FOS	3.5454545454545454	9.230529732264593e-259	-0.14502886	1.0
GRB10	3.5606060606060606	1.9808280964868887e-256	0.32499212	1.0082030611575369e-132
FLNC	5.2727272727272725	2.0333752743474065e-33	0.31734726	1.3513798045772002e-120
MYO3A	4.4393939393939394	1.6126884793906135e-126	0.6777026	0.0
ERBB4	4.3538461538461535	2.757263010893689e-138	0.6472294	0.0
CHEK2	3.696969696969697	1.9680734649659724e-235	0.454451	0.0
RHEB	4.030769230769231	6.203039475121663e-185	0.59320784	0.0
BSN	6.515151515151516	1.0	0.10131809	1.0
MAP4K1	4.212121212121212	2.28090257442149e-158	-0.14066897	1.0
PDZD2	5.409090909090909	2.812288621595938e-23	0.6925039	0.0
TP53BP1	3.757575757575758	3.7009411193979e-226	0.51210946	0.0
MAPK3	3.196969696969697	1.19414427719e-312	-0.11305635	1.0
THRA	3.787878787878788	1.5217783380568327e-221	-0.13111342	1.0
RAB3GAP1	15.0	1.0	0.53450894	0.0
APOB	6.454545454545454	1.0	0.65113276	0.0
UBE2I	3.409090909090909	7.374735666447581e-280	-0.14640053	1.0
WASL	4.212121212121212	2.28090257442149e-158	0.6236381	0.0
THRB	3.757575757575758	3.7009411193979e-226	-0.1805013	1.0
STAT5A	3.6666666666666665	4.481469987237711e-240	-0.1676036	1.0
CCND1	3.621212121212121	4.51207343571108e-247	-0.02053905	1.0
NF1	4.553846153846154	3.036347280764897e-111	0.65660006	0.0
RHOA	4.0606060606060606	1.6578578839968477e-180	-0.115501314	1.0
NCOA2	3.621212121212121	4.51207343571108e-247	-0.119156	1.0
NSD1	3.8333333333333335	1.2495185782783626e-214	0.12884226	1.0
ABCA1	5.196969696969697	8.770307777023999e-40	0.68120694	0.0
NISCH	5.318181818181818	7.64416891530246e-30	-0.18092732	1.0
JAK3	4.03030303030303	5.2929460164396896e-185	0.30988815	4.175956552817642e-109
DLGAP1	5.151515151515151	7.625974972303267e-44	0.541496	0.0
SALL1	3.878787878787879	9.67482637323781e-208	0.6802893	0.0
C4A	11.151515151515152	1.0	-0.20569678	1.0
ARHGAP5	4.590909090909091	1.9637076384770094e-106	0.67681146	0.0
SMAD9	3.757575757575758	3.7009411193979e-226	-0.11063021	1.0
VAV3	4.181818181818182	9.63590226073286e-163	-0.13321172	1.0
HDAC3	3.6363636363636362	9.558788646000851e-245	-0.17271248	1.0
CDK5RAP2	4.2727272727272725	1.056112086203131e-149	0.67671937	0.0
NUP155	15.0	1.0	-0.17921627	1.0
GRM5	4.075757575757576	2.898466868756153e-178	0.67427933	0.0
COPS5	3.621212121212121	4.51207343571108e-247	-0.11662674	1.0
CHUK	3.3636363636363638	7.206231060485754e-287	-0.17314057	1.0
PELP1	3.6818181818181817	9.250608637383135e-238	-0.12603952	1.0
HLA-DRB1	15.0	1.0	0.60866314	0.0
GHR	4.015151515151516	2.9248875795462624e-187	0.29468718	6.79438516961763e-87
TYK2	4.136363636363637	2.3580860918747585e-169	0.41406214	2.948562289651879e-289
ITPR2	4.545454545454546	2.3923140793058067e-112	0.70079434	0.0
ATRX	4.318181818181818	2.7918664717826296e-143	0.7022095	0.0
INPP5D	4.46969696969697	2.040032193293724e-122	0.009130508	1.0
FGFR1	4.242424242424242	5.153875612728923e-154	0.46316963	0.0
RBL1	3.8333333333333335	1.2495185782783626e-214	-0.22966982	1.0
CSK	4.015151515151516	2.9248875795462624e-187	0.25904	8.762317014849145e-43
PIAS4	3.378787878787879	1.5723454709824182e-284	-0.14410253	1.0
WAS	4.015151515151516	2.9248875795462624e-187	-0.1101679	1.0
NFE2L2	4.2153846153846155	6.768000233316062e-158	0.6527109	0.0
GAB2	4.196969696969697	1.4895433699893624e-160	0.3468342	5.256883305460186e-169
IKBKG	3.8636363636363638	4.990437000413431e-210	-0.17434067	1.0
ITGB4	3.9545454545454546	2.497113161143616e-196	-0.08301951	1.0
CDK1	3.3181818181818183	7.306615007980084e-294	-0.17528072	1.0
PKHD1	7.045454545454546	1.0	0.6957325	0.0
CAV1	3.5757575757575757	4.414577322077375e-254	-0.10173256	1.0
NTRK1	3.8333333333333335	1.2495185782783626e-214	0.4778462	0.0
PTPRF	3.8636363636363638	4.990437000413431e-210	0.35527915	1.4674435736681227e-183
PCNA	3.8636363636363638	4.990437000413431e-210	0.103274606	1.0
COL5A3	7.196969696969697	1.0	0.6762417	0.0
GOLGA3	4.318181818181818	2.7918664717826296e-143	0.6894863	0.0
VPRBP	4.7727272727272725	6.962344027357639e-84	-0.17859228	1.0
DOCK2	4.424242424242424	1.3907764601371584e-128	0.71174765	0.0
LAMA5	6.181818181818182	1.0	0.34090555	6.032791572238861e-159
LAMA1	6.5	1.0	0.6956325	0.0
KIF20B	4.166666666666667	6.137148820145575e-165	0.6855177	0.0
COL6A3	7.590909090909091	1.0	0.6823844	0.0
HSPA8	3.5606060606060606	1.9808280964868887e-256	0.49124312	0.0
KIF1A	3.876923076923077	5.390220427817964e-208	0.70262134	0.0
TLN1	4.318181818181818	2.7918664717826296e-143	0.53315693	0.0
ZFPM2	4.0606060606060606	1.6578578839968477e-180	0.67808527	0.0
MST1R	3.6515151515151514	2.1236689029112368e-242	0.58212835	0.0
UBB	3.484848484848485	4.0727477987926333e-268	-0.08517447	1.0
CSF3R	4.5	2.320495940381192e-118	0.5292082	0.0
VWF	6.424242424242424	1.0	0.6813163	0.0
SP3	3.6666666666666665	4.481469987237711e-240	0.38507682	1.7348527289225492e-236
FLT4	4.569230769230769	3.0939982967133957e-109	0.6906795	0.0
MRC1	4.696969696969697	4.730191825147677e-93	-0.17870164	1.0
MUC6	6.878787878787879	1.0	0.6704255	0.0
FAT4	5.2	1.6143334933064452e-39	0.6638909	0.0
KIT	4.090909090909091	4.996803001880512e-176	0.1379048	1.0
TRIM24	3.742424242424242	1.7943064372120767e-228	0.2545671	3.4304713674959787e-38
HCK	4.136363636363637	2.3580860918747585e-169	0.095027626	1.0
CDC25B	3.4393939393939394	3.593275698228136e-275	-0.027688177	1.0
COL4A5	7.075757575757576	1.0	0.695862	0.0
PLXNB1	5.515151515151516	1.237552061909311e-16	0.7145808	0.0
UBR4	5.424242424242424	2.923156208519247e-22	0.6158356	0.0
RIF1	4.166666666666667	6.137148820145575e-165	0.69295645	0.0
UBN1	6.015151515151516	0.5905005552315811	0.66214985	0.0
RAC1	3.772727272727273	7.597686340594044e-224	-0.08379076	1.0
MYH9	5.363636363636363	1.847101461835938e-26	-0.08513344	1.0
SETDB1	4.015151515151516	2.9248875795462624e-187	0.09743523	1.0
CEBPA	3.757575757575758	3.7009411193979e-226	0.19043665	0.2842796893108156
ROS1	4.424242424242424	1.3907764601371584e-128	0.70878994	0.0
KIF14	5.242424242424242	6.647471978626986e-36	0.68228817	0.0
UBR5	3.9696969696969697	4.645458642258488e-194	0.69952667	0.0
DNM1	3.893939393939394	1.8846682085548561e-205	-0.03038431	1.0
TOP2A	3.5	9.031999547346577e-266	0.5665963	0.0
CEP192	6.984848484848484	1.0	-0.12885344	1.0
DYNC1H1	3.787878787878788	1.5217783380568327e-221	0.57872623	0.0
HDAC5	4.075757575757576	2.898466868756153e-178	-0.23593709	1.0
CRKL	4.181818181818182	9.63590226073286e-163	-0.07857398	1.0
PIK3R2	4.075757575757576	2.898466868756153e-178	0.26471227	6.1917134407848554e-49
CHD4	4.107692307692307	1.4809652768634383e-173	0.7104498	0.0
GFI1B	5.196969696969697	8.770307777023999e-40	0.13952634	1.0
ZAP70	4.242424242424242	5.153875612728923e-154	-0.117016956	1.0
WDR7	15.0	1.0	-0.17098641	1.0
RPS6KA3	3.4696969696969697	1.8729862460886004e-270	-0.1506719	1.0
AXL	4.196969696969697	1.4895433699893624e-160	0.48746705	0.0
PRKCQ	3.6818181818181817	9.250608637383135e-238	0.536438	0.0
MEGF6	5.242424242424242	6.647471978626986e-36	-0.19621058	1.0
C3	9.151515151515152	1.0	0.57006234	0.0
DIDO1	4.7727272727272725	6.962344027357639e-84	-0.22333975	1.0
GAB1	4.181818181818182	9.63590226073286e-163	0.1627365	1.0
FN1	6.075757575757576	1.0	0.1613099	1.0
PTCH1	15.0	1.0	0.6546934	0.0
BDP1	4.03030303030303	5.2929460164396896e-185	0.7108335	0.0
GRIN1	3.878787878787879	9.67482637323781e-208	0.14254253	1.0
ADAM15	4.106060606060606	8.500160823487073e-174	-0.19009016	1.0
FLII	4.696969696969697	4.730191825147677e-93	-0.17199488	1.0
SMURF2	3.803030303030303	3.15269927984589e-219	0.2368258	2.1979124425188123e-22
CACNA1C	4.651515151515151	1.037003425140186e-98	0.7005587	0.0
MYH2	4.545454545454546	2.3923140793058067e-112	0.53909564	0.0
RBL2	4.0	1.6094176380028617e-189	0.18610781	0.8157259891701838
SMC2	15.0	1.0	0.51716626	0.0
PRKCE	3.5757575757575757	4.414577322077375e-254	0.042257555	1.0
TP73	3.4545454545454546	8.004071388685758e-273	0.29766232	4.1954621822734946e-91
DLG1	4.893939393939394	5.918212061668534e-70	-0.23154645	1.0
SON	3.9242424242424243	6.899921184262694e-201	0.64331347	0.0
UBQLN4	4.409090909090909	1.1709431526636087e-130	-0.27432176	1.0
MYCBP2	3.8181818181818183	6.290434548230126e-217	0.2040675	0.000257434783960942
TRAF6	4.0	1.6094176380028617e-189	-0.21520026	1.0
TRPS1	4.954545454545454	2.339787434928052e-63	-0.18771169	1.0
AHNAK	6.969230769230769	1.0	0.4187767	6.996572985252953e-298
C4B	10.181818181818182	1.0	-0.2190803	1.0
BTBD3	15.0	1.0	0.20401597	0.00026725782775912987
VCL	4.075757575757576	2.898466868756153e-178	0.3401176	1.2771632453865039e-157
ATF7IP	4.075757575757576	2.898466868756153e-178	0.34929377	3.21935116040331e-173
KNTC1	15.0	1.0	-0.08917739	1.0
CEP350	5.909090909090909	0.03906974193032677	-0.023608902	1.0
LAMA3	6.666666666666667	1.0	0.4472041	0.0
SOS2	4.136363636363637	2.3580860918747585e-169	-0.02442158	1.0
FES	4.0606060606060606	1.6578578839968477e-180	0.2502873	5.095208093250221e-34
MLLT4	4.196969696969697	1.4895433699893624e-160	0.47674277	0.0
HSF1	3.409090909090909	7.374735666447581e-280	-0.12224694	1.0
CDHR2	5.848484848484849	0.002671922425091299	-0.14797664	1.0
GSK3B	3.3333333333333335	1.4672605007720724e-291	-0.18546528	1.0
NOTCH2	4.984848484848484	3.703611499304987e-60	0.5921855	0.0
PAG1	4.242424242424242	5.153875612728923e-154	0.1759247	1.0
VPS13D	6.363636363636363	1.0	0.60913986	0.0
SHB	4.181818181818182	9.63590226073286e-163	0.008095294	1.0
FOXO3	3.5606060606060606	1.9808280964868887e-256	-0.050697163	1.0
RGS3	4.045454545454546	9.413247275261345e-183	0.62269527	0.0
MAPT	3.5454545454545454	9.230529732264593e-259	0.046202745	1.0
CBLB	4.212121212121212	2.28090257442149e-158	0.11338888	1.0
LPHN1	5.03030303030303	1.7150705756327545e-55	0.007173055	1.0
SREBF2	3.6818181818181817	9.250608637383135e-238	0.6484101	0.0
XRCC6	3.5	9.031999547346577e-266	-0.20565149	1.0
TRIP4	3.712121212121212	4.113335036416179e-233	0.025911832	1.0
HERC6	6.803030303030303	1.0	-0.13195468	1.0
HDAC6	3.8484848484848486	2.5389712526985893e-212	0.66734326	0.0
GRIA1	4.318181818181818	2.7918664717826296e-143	0.6557245	0.0
LRIF1	4.045454545454546	9.413247275261345e-183	-0.051234815	1.0
COL1A2	6.318181818181818	1.0	0.67242235	0.0
DAB1	4.166666666666667	6.137148820145575e-165	0.59127307	0.0
PIAS3	3.5	9.031999547346577e-266	-0.092161775	1.0
CAD	3.742424242424242	1.7943064372120767e-228	0.5158996	0.0
GATA2	3.6666666666666665	4.481469987237711e-240	0.6095891	0.0
HDAC4	4.106060606060606	8.500160823487073e-174	-0.09305316	1.0
CSPG4	4.742424242424242	1.6577844026969324e-87	0.4316456	1.98e-321
HSPA1A	3.515151515151515	2.0583489951150487e-263	-0.21779835	1.0
RECQL4	6.242424242424242	1.0	-0.17466046	1.0
NOMO1	7.409090909090909	1.0	-0.16312133	1.0
SRPR	15.0	1.0	-0.021492595	1.0
XRCC5	3.742424242424242	1.7943064372120767e-228	0.34167165	3.0814191231271466e-160
MTR	5.2727272727272725	2.0333752743474065e-33	-0.17763473	1.0
ZBTB16	3.484848484848485	4.0727477987926333e-268	0.02695092	1.0
ARID1A	4.507692307692308	2.4777061079646293e-117	0.68588346	0.0
HSPG2	5.818181818181818	0.0004998900831057169	0.35100302	3.6941003644211966e-176
NF2	3.830769230769231	5.421808602394194e-215	0.5808172	0.0
AOX1	6.196969696969697	1.0	0.66562676	0.0
PKN2	3.772727272727273	7.597686340594044e-224	0.67703384	0.0
LAMA2	7.787878787878788	1.0	0.4705902	0.0
TRRAP	3.8615384615384616	2.5340080819690207e-210	0.011571169	1.0
ATR	3.8484848484848486	2.5389712526985893e-212	0.18430983	1.0
ZBTB38	6.015151515151516	0.5905005552315811	0.65487224	0.0
MYBL2	4.015151515151516	2.9248875795462624e-187	0.58180344	0.0
MKI67	5.106060606060606	4.4949480382805774e-48	0.6832925	0.0
ATN1	4.287878787878788	1.4852780113973228e-147	0.022056121	1.0
AKT1S1	3.878787878787879	9.67482637323781e-208	0.2731097	1.1068209683463732e-58
CHEK1	3.5303030303030303	4.289071394504821e-261	-0.09927936	1.0
POLR2A	4.090909090909091	4.996803001880512e-176	0.28658274	8.376980373560592e-76
ERBB3	4.181818181818182	9.63590226073286e-163	0.34695467	3.272729253131854e-169
CPAMD8	8.833333333333334	1.0	0.6600658	0.0
PTPN12	3.893939393939394	1.8846682085548561e-205	0.0877839	1.0
ZFHX3	4.318181818181818	2.7918664717826296e-143	0.49739504	0.0
UBR1	4.621212121212121	1.49917227250215e-102	0.6999998	0.0
CCDC85B	4.5	2.320495940381192e-118	-0.22973487	1.0
SYNJ2	4.5	2.320495940381192e-118	0.6972931	0.0
CNOT1	4.454545454545454	1.8308025417514746e-124	0.7104425	0.0
MAP3K3	3.893939393939394	1.8846682085548561e-205	-0.1703386	1.0
ZNF423	4.0606060606060606	1.6578578839968477e-180	0.6908741	0.0
RELN	5.166666666666667	1.799159943379442e-42	-0.18678372	1.0
ATP1A1	5.03030303030303	1.7150705756327545e-55	0.5085652	0.0
PRKCG	3.803030303030303	3.15269927984589e-219	-0.0603774	1.0
BAZ1B	5.363636363636363	1.847101461835938e-26	0.4112054	4.9429636092220077e-284
FMNL2	5.424242424242424	2.923156208519247e-22	-0.15459329	1.0
MET	3.923076923076923	4.940159513623371e-201	0.42215815	4.504540569032689e-304
TIAM1	4.045454545454546	9.413247275261345e-183	0.32616857	1.2827871922396255e-134
CDK2	3.606060606060606	2.155985073601556e-249	-0.062405378	1.0
SYNJ1	4.287878787878788	1.4852780113973228e-147	0.6392561	0.0
IRS4	4.393939393939394	9.660381979554807e-133	-0.17085412	1.0
CD247	4.409090909090909	1.1709431526636087e-130	-0.041864425	1.0
PEG3	4.803030303030303	2.5916093890928528e-80	0.68997407	0.0
UTY	5.151515151515151	7.625974972303267e-44	-0.1883514	1.0
EEF1A1	4.121212121212121	1.4224876522889679e-171	0.00019017268	1.0
VIM	3.696969696969697	1.9680734649659724e-235	-0.21018481	1.0
LPHN2	6.2272727272727275	1.0	0.45333755	0.0
BLNK	4.348484848484849	4.8892849748765516e-139	0.018602172	1.0
PCDH17	5.409090909090909	2.812288621595938e-23	-0.16578384	1.0
ASAP1	4.106060606060606	8.500160823487073e-174	0.67989135	0.0
VDR	3.772727272727273	7.597686340594044e-224	0.17619537	1.0
NUMA1	5.909090909090909	0.03906974193032677	-0.098249465	1.0
TNFAIP3	3.9393939393939394	1.3168145906029157e-198	-0.1606958	1.0
MCM7	4.606060606060606	1.737959073153401e-104	0.55383325	0.0
HTT	3.409090909090909	7.374735666447581e-280	-0.21172403	1.0
COL18A1	7.181818181818182	1.0	-0.20649008	1.0
NFKB2	3.8333333333333335	1.2495185782783626e-214	-0.21912949	1.0
EPHB6	4.545454545454546	2.3923140793058067e-112	0.68269044	0.0
CUX2	4.212121212121212	2.28090257442149e-158	-0.1694042	1.0
REV3L	5.090909090909091	1.6019351837119586e-49	-0.17016646	1.0
DSP	4.484848484848484	2.2002490221096544e-120	0.1838871	1.0
CDKN2A	4.454545454545454	1.8308025417514746e-124	0.5456285	0.0
HERC1	5.106060606060606	4.4949480382805774e-48	0.37659883	3.0994236700930564e-221
BCL3	3.5606060606060606	1.9808280964868887e-256	0.011541807	1.0
CASP8	3.4545454545454546	8.004071388685758e-273	-0.16901988	1.0
COL11A1	6.0	0.46300423940933777	0.67289776	0.0
NOTCH3	5.0606060606060606	1.797670388943156e-52	0.7074525	0.0
ITK	4.333333333333333	3.721508830056371e-141	-0.07236283	1.0
INPPL1	4.090909090909091	4.996803001880512e-176	0.05570084	1.0
YWHAH	3.3636363636363638	7.206231060485754e-287	-0.08115567	1.0
EVC2	4.757575757575758	1.090042831805119e-85	-0.16998851	1.0
IL6ST	4.090909090909091	4.996803001880512e-176	0.50603294	0.0
SPTBN4	6.2153846153846155	1.0	-0.15698713	1.0
SCN1B	6.257575757575758	1.0	0.08268188	1.0
RBBP8	3.8333333333333335	1.2495185782783626e-214	-0.19393599	1.0
MAP3K4	3.893939393939394	1.8846682085548561e-205	0.69015974	0.0
BRD7	4.409090909090909	1.1709431526636087e-130	0.62796515	0.0
GTF2B	3.6666666666666665	4.481469987237711e-240	-0.063145235	1.0
PAK6	3.696969696969697	1.9680734649659724e-235	0.6445153	0.0
PTPRN2	5.151515151515151	7.625974972303267e-44	0.57969266	0.0
MAP2K1	3.6363636363636362	9.558788646000851e-245	-0.13434316	1.0
CRB2	4.757575757575758	1.090042831805119e-85	-0.1726971	1.0
ABCC2	6.090909090909091	1.0	-0.21217772	1.0
USP9X	3.727272727272727	8.661232710659125e-231	0.6245812	0.0
SCAF11	4.681818181818182	6.333737555295499e-95	0.6887936	0.0
ALK	4.287878787878788	1.4852780113973228e-147	0.70817316	0.0
COL2A1	6.833333333333333	1.0	0.6934149	0.0
E2F1	3.606060606060606	2.155985073601556e-249	-0.17440036	1.0
RBP3	5.151515151515151	7.625974972303267e-44	-0.17507605	1.0
PCNT	4.909090909090909	2.7919646467736866e-68	0.7065306	0.0
RRAD	3.787878787878788	1.5217783380568327e-221	0.6290966	0.0
MYOD1	3.696969696969697	1.9680734649659724e-235	-0.11800794	1.0
CSNK2B	3.3181818181818183	7.306615007980084e-294	-0.0937202	1.0
CDC25A	3.4393939393939394	3.593275698228136e-275	0.29795358	1.610385267912653e-91
PRKD1	3.727272727272727	8.661232710659125e-231	0.5889573	0.0
RBBP4	3.9393939393939394	1.3168145906029157e-198	-0.09626076	1.0
KAT5	3.484848484848485	4.0727477987926333e-268	-0.21409854	1.0
CNTNAP4	6.166666666666667	1.0	0.68281054	0.0
IQGAP1	3.772727272727273	7.597686340594044e-224	0.61072475	0.0
LRRCC1	4.9393939393939394	5.535048770797336e-65	0.59956145	0.0
EPHA2	4.303030303030303	2.0612681446983352e-145	-0.21158625	1.0
WNK1	3.909090909090909	3.667840828331614e-203	0.6810591	0.0
CLASP2	5.7272727272727275	8.579595772540609e-07	-0.2064253	1.0
NPAT	4.257575757575758	7.504677503470952e-152	-0.18559194	1.0
CD22	4.484848484848484	2.2002490221096544e-120	0.42359713	1.0488344942409943e-306
BRWD1	4.46969696969697	2.040032193293724e-122	0.5884104	0.0
MAPK14	3.303030303030303	3.8172055723602106e-296	-0.084177405	1.0
THBS1	6.393939393939394	1.0	0.6284347	0.0
RBM39	3.9393939393939394	1.3168145906029157e-198	0.62386334	0.0
CENPF	6.257575757575758	1.0	0.7031515	0.0
CDH1	3.742424242424242	1.7943064372120767e-228	0.22151393	4.637091167085964e-12
GRIN2D	3.803030303030303	3.15269927984589e-219	-0.24203132	1.0
ADD1	4.03030303030303	5.2929460164396896e-185	0.61297894	0.0
TANC1	4.7727272727272725	6.962344027357639e-84	0.1545804	1.0
CUX1	3.9846153846153847	8.32705014149193e-192	0.6576163	0.0
SUPT5H	4.333333333333333	3.721508830056371e-141	0.6842875	0.0
SORBS2	4.136363636363637	2.3580860918747585e-169	0.5481823	0.0
CHD9	3.893939393939394	1.8846682085548561e-205	0.2917607	7.950351636858006e-83
PAN3	5.181818181818182	4.0646540127585765e-41	0.6027534	0.0
CARD11	4.292307692307692	6.338110024384716e-147	0.6912024	0.0
FOXO1	3.4393939393939394	3.593275698228136e-275	0.4653093	0.0
MPO	15.0	1.0	0.6298872	0.0
CTBP1	3.8636363636363638	4.990437000413431e-210	0.23544566	2.5303777946850813e-21
SNTA1	5.378787878787879	2.2421187423656065e-25	-0.19488746	1.0
SYN1	3.742424242424242	1.7943064372120767e-228	-0.1409755	1.0
ACTA1	3.8484848484848486	2.5389712526985893e-212	-0.20160097	1.0
DMXL2	7.409090909090909	1.0	0.7006946	0.0
CD5	4.2272727272727275	3.468440810002327e-156	-0.019324372	1.0
HIPK2	3.621212121212121	4.51207343571108e-247	-0.10174356	1.0
CLTCL1	4.257575757575758	7.504677503470952e-152	0.69837785	0.0
NR2C1	3.8484848484848486	2.5389712526985893e-212	0.6406715	0.0
CYFIP2	4.621212121212121	1.49917227250215e-102	0.68795866	0.0
ACAN	7.590909090909091	1.0	0.61837137	0.0
ATP2A1	4.484848484848484	2.2002490221096544e-120	0.66359717	0.0
SHANK2	5.333333333333333	1.077567019711722e-28	-0.07085547	1.0
NCLN	6.409090909090909	1.0	0.45360243	0.0
CNTNAP2	6.575757575757576	1.0	0.66801584	0.0
MLST8	4.742424242424242	1.6577844026969324e-87	0.0566282	1.0
PTPRJ	3.9242424242424243	6.899921184262694e-201	0.6655169	0.0
SPI1	3.8181818181818183	6.290434548230126e-217	-0.06482215	1.0
AXIN1	3.5606060606060606	1.9808280964868887e-256	0.28032556	1.2306443143752522e-67
NAV2	4.393939393939394	9.660381979554807e-133	-0.14724612	1.0
SI	4.590909090909091	1.9637076384770094e-106	0.6884091	0.0
GBF1	4.363636363636363	6.189853655707169e-137	0.7006617	0.0
SNX19	8.121212121212121	1.0	-0.16029777	1.0
BAD	3.5757575757575757	4.414577322077375e-254	0.060766596	1.0
CDKN1A	3.6363636363636362	9.558788646000851e-245	0.046834577	1.0
DSCAML1	5.257575757575758	1.1911514938980334e-34	0.7116827	0.0
MFAP5	6.984848484848484	1.0	0.36867914	4.146305351260614e-207
RICTOR	4.757575757575758	1.090042831805119e-85	0.26581293	3.6074307479632885e-50
NR4A1	3.4393939393939394	3.593275698228136e-275	0.24201272	1.3605982566419304e-26
CUBN	6.045454545454546	0.8578473876992072	0.6821432	0.0
DGKD	5.545454545454546	6.0781751734860976e-15	-0.2002649	1.0
SH3BP2	4.196969696969697	1.4895433699893624e-160	0.35350147	1.7815209978162473e-180
ATG9A	5.257575757575758	1.1911514938980334e-34	-0.113362856	1.0
PIK3C2B	4.303030303030303	2.0612681446983352e-145	0.6596336	0.0
DOK2	4.121212121212121	1.4224876522889679e-171	0.12685882	1.0
CABIN1	4.106060606060606	8.500160823487073e-174	0.7123622	0.0
BMX	3.909090909090909	3.667840828331614e-203	0.53806543	0.0
ANKS1A	4.333333333333333	3.721508830056371e-141	-0.16371202	1.0
TDG	3.6818181818181817	9.250608637383135e-238	0.41865462	1.1685776174125858e-297
CACNA1B	6.636363636363637	1.0	0.0283901	1.0
RUNX2	3.5606060606060606	1.9808280964868887e-256	0.4014438	3.3396322179578507e-266
ARHGEF7	4.151515151515151	3.849589723230579e-167	0.521916	0.0
DOCK9	4.757575757575758	1.090042831805119e-85	-0.09281251	1.0
IL16	4.696969696969697	4.730191825147677e-93	0.7012175	0.0
SORBS1	4.166666666666667	6.137148820145575e-165	0.33354664	1.1428316158063855e-146
ZNF646	4.909090909090909	2.7919646467736866e-68	0.70736617	0.0
FRS2	3.9696969696969697	4.645458642258488e-194	0.36227462	8.626408851089894e-196
SKI	3.8181818181818183	6.290434548230126e-217	-0.11982238	1.0
DUOX1	15.0	1.0	0.6705584	0.0
PROX1	4.075757575757576	2.898466868756153e-178	0.6643985	0.0
EWSR1	4.242424242424242	5.153875612728923e-154	-0.13363741	1.0
IL2RB	4.0	1.6094176380028617e-189	0.22483353	5.038118115825898e-14
KRT14	5.621212121212121	3.982970927086116e-11	-0.05581633	1.0
SNW1	3.772727272727273	7.597686340594044e-224	-0.08965169	1.0
MAP3K7	3.878787878787879	9.67482637323781e-208	-0.18516794	1.0
TUB	4.136363636363637	2.3580860918747585e-169	0.6002008	0.0
PIK3C2A	4.424242424242424	1.3907764601371584e-128	-0.17822497	1.0
KHDRBS1	3.696969696969697	1.9680734649659724e-235	0.27221394	1.3160186605789527e-57
DHX38	4.893939393939394	5.918212061668534e-70	-0.19896649	1.0
MDFI	4.4393939393939394	1.6126884793906135e-126	-0.2431565	1.0
PTPRZ1	4.454545454545454	1.8308025417514746e-124	0.6848881	0.0
TRPM7	4.287878787878788	1.4852780113973228e-147	0.71129715	0.0
EP400	4.287878787878788	1.4852780113973228e-147	0.65185165	0.0
N4BP2	4.0	1.6094176380028617e-189	-0.19909278	1.0
ITPR3	5.515151515151516	1.237552061909311e-16	0.25705504	1.0236538517106424e-40
MEGF10	5.2272727272727275	3.567716469429752e-37	0.6306841	0.0
PRUNE2	5.2272727272727275	3.567716469429752e-37	0.70373785	0.0
CELSR2	4.924242424242424	1.265707574008615e-66	0.5413841	0.0
OGT	3.9545454545454546	2.497113161143616e-196	0.688516	0.0
SELE	4.378787878787879	7.77867107031269e-135	0.6517864	0.0
MLL	4.681818181818182	6.333737555295499e-95	0.22896661	1.1046897259926372e-16
SPHKAP	5.878787878787879	0.011370719431532743	0.6731072	0.0
UNC119	4.257575757575758	7.504677503470952e-152	-0.10985313	1.0
CPS1	4.378787878787879	7.77867107031269e-135	0.6924184	0.0
CCNE1	3.6666666666666665	4.481469987237711e-240	0.24005526	5.800022638284337e-25
PRKCI	3.6818181818181817	9.250608637383135e-238	-0.17388597	1.0
COL3A1	5.621212121212121	3.982970927086116e-11	-0.21645164	1.0
FER	3.787878787878788	1.5217783380568327e-221	-0.13418406	1.0
PRMT2	3.9242424242424243	6.899921184262694e-201	0.15324308	1.0
RAD50	4.909090909090909	2.7919646467736866e-68	0.7012536	0.0
CTNND2	3.878787878787879	9.67482637323781e-208	0.42117622	2.8262145168248724e-302
NCAPG	5.0	1.3821620935970935e-58	-0.171242	1.0
MAP3K14	4.045454545454546	9.413247275261345e-183	-0.23773843	1.0
HELZ	8.045454545454545	1.0	-0.0878812	1.0
ANK3	7.257575757575758	1.0	0.69141996	0.0
SMURF1	3.787878787878788	1.5217783380568327e-221	-0.25395355	1.0
KAT6A	4.363636363636363	6.189853655707169e-137	0.70249236	0.0
CIT	4.621212121212121	1.49917227250215e-102	0.6968584	0.0
PCDH7	4.515151515151516	2.3986497037817864e-116	0.6749767	0.0
ARHGEF12	5.363636363636363	1.847101461835938e-26	-0.22352621	1.0
SPTBN1	3.8181818181818183	6.290434548230126e-217	0.17925969	1.0
BARD1	3.696969696969697	1.9680734649659724e-235	0.5507374	0.0
MAML1	4.151515151515151	3.849589723230579e-167	0.68947375	0.0
PTPRS	4.181818181818182	9.63590226073286e-163	0.3571085	9.61071268385317e-187
ARHGEF2	3.9242424242424243	6.899921184262694e-201	-0.14823999	1.0
CDKN1B	3.5606060606060606	1.9808280964868887e-256	-0.022200389	1.0
GTF2I	3.6666666666666665	4.481469987237711e-240	0.12471553	1.0
ELK1	3.515151515151515	2.0583489951150487e-263	0.38018698	1.1265534306551627e-227
MAPK9	3.606060606060606	2.155985073601556e-249	0.30343068	1.8424009764987266e-99
UPF2	6.090909090909091	1.0	0.6636166	0.0
SNAPC4	4.5	2.320495940381192e-118	-0.22010864	1.0
CACNA1S	5.545454545454546	6.0781751734860976e-15	0.68884784	0.0
GNB2L1	3.727272727272727	8.661232710659125e-231	-0.110900804	1.0
HERC3	5.803030303030303	0.00019878369230689233	0.66540194	0.0
GRIK2	5.212121212121212	1.8119808505712916e-38	0.6823487	0.0
TH	3.6515151515151514	2.1236689029112368e-242	0.027636833	1.0
KDM5A	3.8333333333333335	1.2495185782783626e-214	0.6333187	0.0
RNF10	4.7272727272727275	2.421712560332582e-89	0.66253555	0.0
DOCK3	4.5	2.320495940381192e-118	0.71126634	0.0
UPF3A	6.7272727272727275	1.0	0.039068643	1.0
PRKCB	3.772727272727273	7.597686340594044e-224	-0.08978207	1.0
SREK1	4.2727272727272725	1.056112086203131e-149	0.48598757	0.0
KRT18	3.6666666666666665	4.481469987237711e-240	-0.0793317	1.0
PLD1	4.090909090909091	4.996803001880512e-176	0.43670568	0.0
RHEBL1	3.6666666666666665	4.481469987237711e-240	0.4694598	0.0
CENPE	5.666666666666667	3.999973542524087e-09	0.69241625	0.0
ANKRD11	4.46969696969697	2.040032193293724e-122	0.016484637	1.0
MVP	4.848484848484849	4.5854224261642e-75	0.49548253	0.0
ALMS1	6.2272727272727275	1.0	0.5010727	0.0
SYMPK	4.181818181818182	9.63590226073286e-163	-0.18383488	1.0
NBN	3.9545454545454546	2.497113161143616e-196	0.17200668	1.0
CD163	4.409090909090909	1.1709431526636087e-130	-0.16002151	1.0
EEF1G	4.090909090909091	4.996803001880512e-176	-0.086134516	1.0
DDX5	3.712121212121212	4.113335036416179e-233	-0.06994207	1.0
ARNT	3.696969696969697	1.9680734649659724e-235	0.02397961	1.0
ACTB	3.9696969696969697	4.645458642258488e-194	-0.2224729	1.0
RECK	7.575757575757576	1.0	-0.15022644	1.0
STAP2	3.9242424242424243	6.899921184262694e-201	0.512988	0.0
PGR	3.727272727272727	8.661232710659125e-231	0.053315755	1.0
PDE4D	4.454545454545454	1.8308025417514746e-124	0.43612435	0.0
JUND	3.5303030303030303	4.289071394504821e-261	-0.04135688	1.0
ROCK1	4.045454545454546	9.413247275261345e-183	0.60713583	0.0
RAPGEF2	4.121212121212121	1.4224876522889679e-171	0.69580895	0.0
NCOA4	3.984848484848485	8.694410217617934e-192	0.6367899	0.0
PPARA	3.9545454545454546	2.497113161143616e-196	-0.16480227	1.0
YLPM1	5.424242424242424	2.923156208519247e-22	0.14426723	1.0
MAN2C1	7.181818181818182	1.0	0.6308102	0.0
KIAA0368	6.5	1.0	0.69471455	0.0
MAN2B1	4.757575757575758	1.090042831805119e-85	-0.16183689	1.0
PRPF8	5.287878787878788	3.3122123718160204e-32	0.69930524	0.0
FLNA	4.015151515151516	2.9248875795462624e-187	-0.10182618	1.0
TEK	4.409090909090909	1.1709431526636087e-130	-0.014477084	1.0
CACNA1E	4.515151515151516	2.3986497037817864e-116	-0.10707397	1.0
HMGB1	3.621212121212121	4.51207343571108e-247	-0.081271626	1.0
NFAT5	5.545454545454546	6.0781751734860976e-15	0.6756137	0.0
FANCA	3.606060606060606	2.155985073601556e-249	0.6290031	0.0
NRXN1	5.636363636363637	1.960882398441318e-10	0.49149784	0.0
HRAS	3.8636363636363638	4.990437000413431e-210	-0.0044784932	1.0
LAMC2	7.196969696969697	1.0	0.68699986	0.0
MYO10	7.151515151515151	1.0	0.53034556	0.0
NCAPD2	15.0	1.0	0.05734941	1.0
ADCY8	4.424242424242424	1.3907764601371584e-128	0.67036396	0.0
PARG	4.348484848484849	4.8892849748765516e-139	-0.15159492	1.0
CTTN	4.045454545454546	9.413247275261345e-183	-0.15733972	1.0
SMARCA2	3.696969696969697	1.9680734649659724e-235	0.6100645	0.0
RAPGEF6	4.651515151515151	1.037003425140186e-98	0.6635653	0.0
PI4KA	15.0	1.0	0.5764736	0.0
EVL	4.181818181818182	9.63590226073286e-163	-0.06460266	1.0
DCN	6.545454545454546	1.0	0.5621147	0.0
GOLGA4	7.424242424242424	1.0	-0.12881926	1.0
ADCY10	7.333333333333333	1.0	-0.20536269	1.0
ETS1	3.606060606060606	2.155985073601556e-249	-0.032729607	1.0
LARP1	4.151515151515151	3.849589723230579e-167	0.6625194	0.0
UBE4B	4.257575757575758	7.504677503470952e-152	0.7023342	0.0
MYLK	3.803030303030303	3.15269927984589e-219	0.44789284	0.0
SCAF1	5.409090909090909	2.812288621595938e-23	-0.17040968	1.0
SREBF1	3.621212121212121	4.51207343571108e-247	0.11257573	1.0
PPARGC1A	3.893939393939394	1.8846682085548561e-205	0.5434793	0.0
TRIO	4.454545454545454	1.8308025417514746e-124	-0.027481467	1.0
LNX1	4.515151515151516	2.3986497037817864e-116	-0.25589344	1.0
CSF2RB	4.0	1.6094176380028617e-189	0.08707736	1.0
SETD5	4.984848484848484	3.703611499304987e-60	0.6961449	0.0
LIPE	3.9393939393939394	1.3168145906029157e-198	0.6848717	0.0
RASGRF1	4.045454545454546	9.413247275261345e-183	0.6767432	0.0
KIAA1377	4.015151515151516	2.9248875795462624e-187	-0.17584087	1.0
RP1	4.833333333333333	8.451693755487221e-77	0.6978194	0.0
HERC4	7.803030303030303	1.0	-0.117528185	1.0
HDAC9	4.121212121212121	1.4224876522889679e-171	0.5439278	0.0
REM1	4.121212121212121	1.4224876522889679e-171	0.61993927	0.0
PDPK1	3.5454545454545454	9.230529732264593e-259	-0.15478997	1.0
ATF7IP2	4.303030303030303	2.0612681446983352e-145	0.63974583	0.0
KIF1C	3.878787878787879	9.67482637323781e-208	0.600682	0.0
FRYL	4.242424242424242	5.153875612728923e-154	-0.017329443	1.0
CDK9	3.6515151515151514	2.1236689029112368e-242	-0.13760965	1.0
CLCA2	4.954545454545454	2.339787434928052e-63	-0.14184877	1.0
YES1	4.242424242424242	5.153875612728923e-154	0.16871443	1.0
DCAF6	3.6818181818181817	9.250608637383135e-238	-0.11034387	1.0
MECOM	3.9393939393939394	1.3168145906029157e-198	0.67800266	0.0
ADCY7	4.378787878787879	7.77867107031269e-135	-0.16093166	1.0
MEN1	3.8636363636363638	4.990437000413431e-210	-0.1293043	1.0
PPARG	3.984848484848485	8.694410217617934e-192	0.043319248	1.0
TERT	3.8333333333333335	1.2495185782783626e-214	0.6717722	0.0
CCNB3	4.606060606060606	1.737959073153401e-104	0.69209516	0.0
TFF1	5.878787878787879	0.011370719431532743	0.22852708	2.1716940390733226e-16
SNIP1	3.606060606060606	2.155985073601556e-249	-0.09421031	1.0
MYBBP1A	3.9696969696969697	4.645458642258488e-194	0.026916968	1.0
INADL	5.03030303030303	1.7150705756327545e-55	0.279783	6.040162625804538e-67
DOCK7	4.257575757575758	7.504677503470952e-152	0.5506698	0.0
STUB1	3.5303030303030303	4.289071394504821e-261	-0.032279786	1.0
CDH23	8.121212121212121	1.0	0.6975077	0.0
CCNB2	4.292307692307692	6.338110024384716e-147	0.62766063	0.0
ATP2A3	4.5	2.320495940381192e-118	-0.16165642	1.0
DLG2	5.015151515151516	4.965087209642441e-57	-0.068099454	1.0
WASF1	4.151515151515151	3.849589723230579e-167	-0.14479463	1.0
WRN	3.9242424242424243	6.899921184262694e-201	-0.07866882	1.0
FBN1	7.166666666666667	1.0	0.7043511	0.0
HLA-DQB1	5.893939393939394	0.021657682436614336	0.5410681	0.0
GLI3	3.9393939393939394	1.3168145906029157e-198	0.62091666	0.0
MNAT1	3.772727272727273	7.597686340594044e-224	0.13589378	1.0
PTPN22	4.257575757575758	7.504677503470952e-152	-0.09460965	1.0
FGFR3	5.575757575757576	2.407667682078258e-13	0.35662493	6.685960470945158e-186
DOCK10	4.666666666666667	8.237161641457738e-97	0.69554484	0.0
RHOG	4.454545454545454	1.8308025417514746e-124	0.17874438	1.0
EPB41L3	4.03030303030303	5.2929460164396896e-185	0.686681	0.0
RBBP7	4.0	1.6094176380028617e-189	-0.11540329	1.0
PIK3CG	4.393939393939394	9.660381979554807e-133	0.664173	0.0
CASC5	6.484848484848484	1.0	-0.14628224	1.0
CDK5	3.712121212121212	4.113335036416179e-233	-0.12264333	1.0
TSC1	3.6769230769230767	1.7654035220799552e-238	0.096609585	1.0
SPTB	4.833333333333333	8.451693755487221e-77	0.7130341	0.0
NR3C2	3.712121212121212	4.113335036416179e-233	-0.18870132	1.0
PIAS2	3.8181818181818183	6.290434548230126e-217	-0.12117639	1.0
SRF	3.696969696969697	1.9680734649659724e-235	-0.044096492	1.0
SMC3	4.696969696969697	4.730191825147677e-93	0.6775748	0.0
NEDD9	4.03030303030303	5.2929460164396896e-185	0.277335	7.29330004347946e-64
SYNE2	5.507692307692308	4.6001014523622865e-17	0.613745	0.0
COPS6	3.8181818181818183	6.290434548230126e-217	-0.2004767	1.0
FYB	4.212121212121212	2.28090257442149e-158	0.57417095	0.0
IFI16	3.712121212121212	4.113335036416179e-233	-0.14310357	1.0
EGR1	3.6818181818181817	9.250608637383135e-238	0.5790301	0.0
DENND4A	4.363636363636363	6.189853655707169e-137	0.6997554	0.0
PTPN2	3.893939393939394	1.8846682085548561e-205	0.14311408	1.0
DISC1	5.121212121212121	1.2068095274004981e-46	0.46423823	0.0
PTPRN	7.121212121212121	1.0	0.5563671	0.0
NPHS1	4.287878787878788	1.4852780113973228e-147	0.055757698	1.0
GMEB1	3.727272727272727	8.661232710659125e-231	0.018415632	1.0
SIPA1	4.9393939393939394	5.535048770797336e-65	-0.17705195	1.0
DNMT3A	4.106060606060606	8.500160823487073e-174	0.5173116	0.0
GPC1	7.106060606060606	1.0	-0.028258111	1.0
ANPEP	5.4	6.798276888894274e-24	0.61381435	0.0
JUP	4.2272727272727275	3.468440810002327e-156	0.049680047	1.0
CLIP1	4.863636363636363	2.3944386296676495e-73	0.6765364	0.0
JDP2	3.878787878787879	9.67482637323781e-208	0.34182823	1.676959779178917e-160
EPHB2	4.075757575757576	2.898466868756153e-178	0.05829827	1.0
ELF3	4.0	1.6094176380028617e-189	0.2784295	3.10835127596984e-65
SMC4	15.0	1.0	-0.1738721	1.0
PPP2R2B	3.696969696969697	1.9680734649659724e-235	0.6167467	0.0
WIZ	6.333333333333333	1.0	0.57528245	0.0
AFAP1	4.03030303030303	5.2929460164396896e-185	-0.108815245	1.0
MYOM1	6.121212121212121	1.0	0.66489846	0.0
ING1	3.590909090909091	9.987841669980425e-252	0.12332188	1.0
DHX37	15.0	1.0	0.65813404	0.0
CTNND1	4.015151515151516	2.9248875795462624e-187	0.556552	0.0
FBLN2	6.636363636363637	1.0	0.6554509	0.0
RASAL2	4.242424242424242	5.153875612728923e-154	-0.18497193	1.0
PTPRR	3.9545454545454546	2.497113161143616e-196	0.64922684	0.0
GSK3A	3.621212121212121	4.51207343571108e-247	0.55490136	0.0
TTC28	15.0	1.0	0.06606997	1.0
BAZ1A	3.9393939393939394	1.3168145906029157e-198	-0.20150413	1.0
MCM2	4.5	2.320495940381192e-118	0.27310288	1.1276402978732362e-58
SAP130	4.090909090909091	4.996803001880512e-176	0.6681787	0.0
KIAA0319	5.363636363636363	1.847101461835938e-26	0.62809074	0.0
KPNB1	3.6363636363636362	9.558788646000851e-245	-0.055652373	1.0
RPTOR	4.303030303030303	2.0612681446983352e-145	0.49613917	0.0
CASK	5.196969696969697	8.770307777023999e-40	-0.21865155	1.0
SPIB	3.6818181818181817	9.250608637383135e-238	0.58104783	0.0
DHX30	4.303030303030303	2.0612681446983352e-145	0.5313375	0.0
TNK2	3.9696969696969697	4.645458642258488e-194	-0.23522116	1.0
CRIPAK	4.333333333333333	3.721508830056371e-141	0.63214797	0.0
CASP10	4.2727272727272725	1.056112086203131e-149	0.46297446	0.0
IL1RAP	5.03030303030303	1.7150705756327545e-55	0.6371425	0.0
PTPRA	4.090909090909091	4.996803001880512e-176	0.36466336	5.336457500268324e-200
TRPV1	8.333333333333334	1.0	-0.14233148	1.0
NTRK3	3.8181818181818183	6.290434548230126e-217	0.5845144	0.0
PRRC2A	6.181818181818182	1.0	0.6391771	0.0
ZWILCH	15.0	1.0	-0.041712195	1.0
HABP4	3.393939393939394	3.465050473983721e-282	-0.049354598	1.0
NOTCH4	3.9242424242424243	6.899921184262694e-201	-0.12279069	1.0
SSPO	15.0	1.0	0.51355934	0.0
TOPBP1	4.242424242424242	5.153875612728923e-154	0.71179926	0.0
NRXN2	6.0	0.46300423940933777	0.6882466	0.0
TCF4	3.803030303030303	3.15269927984589e-219	-0.19154254	1.0
ZNF521	4.045454545454546	9.413247275261345e-183	0.6979329	0.0
MAP3K10	4.045454545454546	9.413247275261345e-183	0.65431297	0.0
TRPV6	4.2727272727272725	1.056112086203131e-149	0.64526576	0.0
PARD3	3.9242424242424243	6.899921184262694e-201	0.3950196	1.653724233896954e-254
TAF1A	3.9242424242424243	6.899921184262694e-201	0.60587806	0.0
COL4A3	7.075757575757576	1.0	0.64200896	0.0
GRIP1	4.075757575757576	2.898466868756153e-178	-0.18045552	1.0
KIAA1549L	5.151515151515151	7.625974972303267e-44	0.6936491	0.0
ITGAL	5.545454545454546	6.0781751734860976e-15	0.67669564	0.0
NIPBL	5.818181818181818	0.0004998900831057169	-0.011368613	1.0
ACTG1	4.2272727272727275	3.468440810002327e-156	0.44557124	0.0
MYRIP	6.121212121212121	1.0	-0.14630462	1.0
MCM3AP	15.0	1.0	0.33886173	1.638687206536608e-155
DOK4	4.242424242424242	5.153875612728923e-154	0.5152458	0.0
NR0B1	3.8484848484848486	2.5389712526985893e-212	-0.01577886	1.0
FXR2	4.5	2.320495940381192e-118	-0.24865797	1.0
ARHGAP4	5.2727272727272725	2.0333752743474065e-33	-0.17150158	1.0
EPS8	4.136363636363637	2.3580860918747585e-169	0.6632433	0.0
ZZEF1	5.909090909090909	0.03906974193032677	0.6289434	0.0
RAD51	3.803030303030303	3.15269927984589e-219	0.3088754	1.4205511602862852e-107
BOC	4.181818181818182	9.63590226073286e-163	0.68238616	0.0
STAG2	5.7846153846153845	6.0294830464303454e-05	0.6638716	0.0
PLA2R1	7.833333333333333	1.0	-0.21151592	1.0
GRB7	4.257575757575758	7.504677503470952e-152	0.5669001	0.0
PPP1CA	3.515151515151515	2.0583489951150487e-263	-0.19656473	1.0
CCNA2	3.6818181818181817	9.250608637383135e-238	-0.12304003	1.0
SLC27A6	4.4393939393939394	1.6126884793906135e-126	0.63705295	0.0
PPP1R10	4.515151515151516	2.3986497037817864e-116	-0.15780237	1.0
CXCR4	4.318181818181818	2.7918664717826296e-143	0.42742378	1.04621130605e-313
EIF5B	4.924242424242424	1.265707574008615e-66	-0.19197291	1.0
IFNAR1	4.0606060606060606	1.6578578839968477e-180	0.27776426	2.1213095183120984e-64
RUNX1	3.757575757575758	3.7009411193979e-226	-0.15097862	1.0
AHR	3.606060606060606	2.155985073601556e-249	0.42762464	4.4912504167e-314
RUNX1T1	4.181818181818182	9.63590226073286e-163	0.47633862	0.0
MYO16	4.484848484848484	2.2002490221096544e-120	0.7011288	0.0
TP53BP2	3.6363636363636362	9.558788646000851e-245	0.5088377	0.0
PSEN2	4.106060606060606	8.500160823487073e-174	0.53135675	0.0
MAPK8IP3	3.893939393939394	1.8846682085548561e-205	-0.059451763	1.0
ITPR1	4.575757575757576	2.1596514624631015e-108	-0.094184324	1.0
NCF1	3.621212121212121	4.51207343571108e-247	0.14728144	1.0
TCF20	3.9393939393939394	1.3168145906029157e-198	0.70295006	0.0
STARD9	6.984848484848484	1.0	0.3502626	6.95267358435768e-175
ELF1	4.106060606060606	8.500160823487073e-174	0.6374633	0.0
SCAP	4.666666666666667	8.237161641457738e-97	-0.22336298	1.0
UTRN	6.378787878787879	1.0	0.3651539	7.260485114553175e-201
XPC	4.5606060606060606	2.3057357993651317e-110	0.66213703	0.0
TNS1	4.924242424242424	1.265707574008615e-66	0.7002311	0.0
APC2	4.196969696969697	1.4895433699893624e-160	0.67256725	0.0
PSMD11	3.621212121212121	4.51207343571108e-247	0.2433672	9.485731862310104e-28
ASAP2	4.409090909090909	1.1709431526636087e-130	0.6899909	0.0
SMARCA1	5.363636363636363	1.847101461835938e-26	-0.18207656	1.0
HAP1	4.090909090909091	4.996803001880512e-176	0.041938365	1.0
PIN1	3.409090909090909	7.374735666447581e-280	-0.047850378	1.0
HLA-DRB5	15.0	1.0	0.55049795	0.0
LAT	4.363636363636363	6.189853655707169e-137	0.061533365	1.0
RFX4	7.03030303030303	1.0	-0.118184134	1.0
PLG	5.893939393939394	0.021657682436614336	0.53283894	0.0
RPS6KA4	3.757575757575758	3.7009411193979e-226	-0.12457495	1.0
ACACA	4.121212121212121	1.4224876522889679e-171	0.4751042	0.0
BIRC2	4.424242424242424	1.3907764601371584e-128	0.62084675	0.0
KIAA1549	5.181818181818182	4.0646540127585765e-41	0.4503872	0.0
TLN2	6.378787878787879	1.0	0.69250506	0.0
PIK3R3	4.378787878787879	7.77867107031269e-135	0.0038739457	1.0
SRI	4.984848484848484	3.703611499304987e-60	0.16959883	1.0
AKT2	3.6363636363636362	9.558788646000851e-245	0.57873654	0.0
MPHOSPH9	5.242424242424242	6.647471978626986e-36	-0.17856874	1.0
GRAP2	4.2272727272727275	3.468440810002327e-156	0.30397883	2.87051715786329e-100
ATP7B	6.909090909090909	1.0	0.46724123	0.0
IGHMBP2	7.878787878787879	1.0	-0.17815994	1.0
PTPRH	3.8636363636363638	4.990437000413431e-210	0.6024543	0.0
SOX9	3.9696969696969697	4.645458642258488e-194	0.6235761	0.0
PTPRU	6.075757575757576	1.0	0.696522	0.0
ATAD2	3.984848484848485	8.694410217617934e-192	-0.18474865	1.0
GAB3	4.212121212121212	2.28090257442149e-158	0.51728207	0.0
BIN1	4.257575757575758	7.504677503470952e-152	0.5631894	0.0
DCC	3.9393939393939394	1.3168145906029157e-198	0.6705978	0.0
ABI1	4.196969696969697	1.4895433699893624e-160	0.27675086	3.8864275515313744e-63
CD79B	4.590909090909091	1.9637076384770094e-106	0.29130366	3.3830091347853056e-82
FOXO4	3.4242424242424243	1.7193549214974014e-277	0.51215816	0.0
PPARD	4.075757575757576	2.898466868756153e-178	0.31893325	4.4001883080946355e-123
NIN	4.0	1.6094176380028617e-189	0.05762608	1.0
APAF1	4.181818181818182	9.63590226073286e-163	-0.22832803	1.0
TAOK3	4.96969696969697	9.498709933095162e-62	-0.14635782	1.0
CDK12	4.461538461538462	1.6286212562190847e-123	0.69437605	0.0
NOMO3	5.409090909090909	2.812288621595938e-23	-0.18378541	1.0
CTAG1B	15.0	1.0	0.08662221	1.0
ACVR1	4.136363636363637	2.3580860918747585e-169	-0.20523505	1.0
ZBTB17	3.742424242424242	1.7943064372120767e-228	-0.15768538	1.0
WEE1	3.621212121212121	4.51207343571108e-247	0.38587034	6.390381966567218e-238
CDC25C	3.484848484848485	4.0727477987926333e-268	0.5268548	0.0
TRAF5	4.575757575757576	2.1596514624631015e-108	0.5555757	0.0
CNTRL	5.545454545454546	6.0781751734860976e-15	0.7004421	0.0
IL4R	4.196969696969697	1.4895433699893624e-160	0.46720788	0.0
TUBA4A	3.8181818181818183	6.290434548230126e-217	0.23742573	7.475526097523191e-23
MYO5B	5.454545454545454	2.703891876666768e-20	0.6568799	0.0
SPAG9	3.9696969696969697	4.645458642258488e-194	0.5428659	0.0
YTHDC1	4.166666666666667	6.137148820145575e-165	0.64511955	0.0
EIF2AK2	3.5757575757575757	4.414577322077375e-254	0.3299947	7.84076722364275e-141
TNC	5.833333333333333	0.0011874730962516493	0.68631583	0.0
MMP2	6.590909090909091	1.0	0.57316464	0.0
LEF1	3.757575757575758	3.7009411193979e-226	0.38250723	7.506323240928911e-232
C1QBP	3.6818181818181817	9.250608637383135e-238	0.2998257	3.2976190862735485e-94
HIVEP3	5.045454545454546	5.659481355966012e-54	0.07117313	1.0
CD19	4.2272727272727275	3.468440810002327e-156	0.426968	7.13466870093e-313
PER1	5.0606060606060606	1.797670388943156e-52	0.70702	0.0
CLIP2	5.2727272727272725	2.0333752743474065e-33	0.19591989	0.03445757766767778
MFAP2	7.575757575757576	1.0	0.37935016	3.595800119048709e-226
SETBP1	5.123076923076923	1.806221577679513e-46	0.6127635	0.0
IRAK1	4.03030303030303	5.2929460164396896e-185	0.29216444	2.204508229216259e-83
MORC4	4.803030303030303	2.5916093890928528e-80	-0.15733744	1.0
ATP2B2	5.666666666666667	3.999973542524087e-09	-0.19445324	1.0
GRM1	4.363636363636363	6.189853655707169e-137	0.70026255	0.0
FOXJ3	7.742424242424242	1.0	0.5496593	0.0
SMARCC2	6.015151515151516	0.5905005552315811	-0.18606418	1.0
NES	4.03030303030303	5.2929460164396896e-185	0.6988301	0.0
GRIA4	4.257575757575758	7.504677503470952e-152	0.5796224	0.0
SF3B1	4.123076923076923	2.676273283412554e-171	0.59967965	0.0
WDR6	6.484848484848484	1.0	-0.19694094	1.0
EXPH5	4.712121212121212	3.445049409216623e-91	0.70409614	0.0
TRAF1	4.287878787878788	1.4852780113973228e-147	-0.13888384	1.0
PEBP1	3.742424242424242	1.7943064372120767e-228	0.2927704	3.2006878374055485e-84
MSH6	4.121212121212121	1.4224876522889679e-171	0.68958694	0.0
BAG1	3.5606060606060606	1.9808280964868887e-256	0.14641404	1.0
SYNPO	5.287878787878788	3.3122123718160204e-32	-0.15423141	1.0
KRTAP4-12	5.015151515151516	4.965087209642441e-57	-0.0914419	1.0
TCF3	4.045454545454546	9.413247275261345e-183	0.28826448	4.651152179919908e-78
SMAD7	3.878787878787879	9.67482637323781e-208	-0.16837941	1.0
MAST1	4.818181818181818	1.5059610191706582e-78	-0.19454604	1.0
CCDC120	5.151515151515151	7.625974972303267e-44	0.65860766	0.0
MPRIP	4.166666666666667	6.137148820145575e-165	-0.16158833	1.0
RBM48	4.212121212121212	2.28090257442149e-158	-0.15638271	1.0
SLX4	15.0	1.0	0.5098552	0.0
HSP90AB1	3.5454545454545454	9.230529732264593e-259	0.22390695	1.84497745622663e-13
AARS	6.075757575757576	1.0	-0.17445134	1.0
TICAM1	4.484848484848484	2.2002490221096544e-120	0.5592843	0.0
CCDC33	4.848484848484849	4.5854224261642e-75	0.6102894	0.0
APEX1	3.6363636363636362	9.558788646000851e-245	-0.009870668	1.0
NFATC4	3.803030303030303	3.15269927984589e-219	0.65747315	0.0
CUL1	4.2272727272727275	3.468440810002327e-156	0.28716564	1.39459912798266e-76
BTBD2	3.8636363636363638	4.990437000413431e-210	-0.16675565	1.0
ITGA6	4.878787878787879	1.210302589787204e-71	0.6849706	0.0
CHAT	4.121212121212121	1.4224876522889679e-171	-0.07664304	1.0
UBTF	3.606060606060606	2.155985073601556e-249	0.21389912	3.8383856155118826e-08
TCEB3	6.681818181818182	1.0	-0.13931419	1.0
NCK2	4.015151515151516	2.9248875795462624e-187	-0.11467582	1.0
ZNF638	5.106060606060606	4.4949480382805774e-48	-0.12235153	1.0
PPFIA2	4.666666666666667	8.237161641457738e-97	0.47551984	0.0
ECHDC2	15.0	1.0	0.22103858	8.601122014542928e-12
SH3BP1	4.181818181818182	9.63590226073286e-163	-0.0824979	1.0
GIT1	3.9393939393939394	1.3168145906029157e-198	0.0084470315	1.0
PARP14	7.621212121212121	1.0	0.5383216	0.0
SCN5A	4.909090909090909	2.7919646467736866e-68	-0.12805194	1.0
PRPF40A	4.424242424242424	1.3907764601371584e-128	-0.24776427	1.0
HIPK1	3.8333333333333335	1.2495185782783626e-214	0.013310107	1.0
RAPGEF1	4.454545454545454	1.8308025417514746e-124	0.16706596	1.0
SLC8A3	4.151515151515151	3.849589723230579e-167	0.6622628	0.0
NUAK2	3.909090909090909	3.667840828331614e-203	0.6262099	0.0
MAPK8IP1	3.8636363636363638	4.990437000413431e-210	0.48249465	0.0
ZEB1	3.8615384615384616	2.5340080819690207e-210	0.5958179	0.0
TTBK1	4.545454545454546	2.3923140793058067e-112	0.68870944	0.0
SYNGAP1	4.5606060606060606	2.3057357993651317e-110	0.4597471	0.0
PLAU	6.712121212121212	1.0	0.62127703	0.0
UPF1	5.9393939393939394	0.10865242828933425	0.45936677	0.0
GNAS	5.4393939393939394	2.881456053844129e-21	0.42685145	1.16592152137e-312
NPNT	7.446153846153846	1.0	0.62215906	0.0
KPNA2	3.6818181818181817	9.250608637383135e-238	0.069140986	1.0
PPARGC1B	3.742424242424242	1.7943064372120767e-228	0.68714476	0.0
KCNA4	5.575757575757576	2.407667682078258e-13	0.6250448	0.0
MCF2L	4.590909090909091	1.9637076384770094e-106	-0.1820147	1.0
CSNK2A2	3.484848484848485	4.0727477987926333e-268	-0.041683353	1.0
POLRMT	15.0	1.0	-0.20200609	1.0
RIPK1	3.9545454545454546	2.497113161143616e-196	0.03357075	1.0
SMG7	6.348484848484849	1.0	0.13933952	1.0
ADCY6	5.7727272727272725	2.661357851109339e-05	-0.15795663	1.0
CEP250	4.181818181818182	9.63590226073286e-163	-0.13585353	1.0
DOCK1	4.545454545454546	2.3923140793058067e-112	-0.10620662	1.0
TLE1	4.166666666666667	6.137148820145575e-165	-0.076058194	1.0
DAB2	3.8636363636363638	4.990437000413431e-210	0.21709956	1.0903896952490051e-09
DNMT3B	4.196969696969697	1.4895433699893624e-160	-0.19746418	1.0
KY	6.2727272727272725	1.0	-0.09181904	1.0
GRIK4	6.212121212121212	1.0	-0.17652708	1.0
UBE2O	5.590909090909091	1.3974580680846262e-12	-0.2052832	1.0
TFDP2	4.5	2.320495940381192e-118	0.62309575	0.0
SRGAP3	5.151515151515151	7.625974972303267e-44	0.5925109	0.0
PTPRM	4.03030303030303	5.2929460164396896e-185	0.6809622	0.0
RBPJ	4.287878787878788	1.4852780113973228e-147	0.56876105	0.0
ACACB	6.121212121212121	1.0	0.38007975	1.7553399469965297e-227
ZEB2	4.696969696969697	4.730191825147677e-93	0.66681474	0.0
FRMD4B	7.196969696969697	1.0	-0.18033366	1.0
REL	3.909090909090909	3.667840828331614e-203	-0.13837786	1.0
TUBGCP3	5.075757575757576	5.495762606430855e-51	0.60887766	0.0
VEZT	8.121212121212121	1.0	0.60890347	0.0
KIF3C	5.757575757575758	8.96438933889546e-06	-0.13276507	1.0
CEACAM1	4.106060606060606	8.500160823487073e-174	0.46507484	0.0
TEP1	3.590909090909091	9.987841669980425e-252	0.018640319	1.0
MED14	3.909090909090909	3.667840828331614e-203	0.7091802	0.0
ETS2	3.8333333333333335	1.2495185782783626e-214	-0.1276558	1.0
PUM2	15.0	1.0	0.60376227	0.0
ITGB1BP1	5.696969696969697	6.547083669482187e-08	0.37274766	2.3826909717926385e-214
SKP2	3.803030303030303	3.15269927984589e-219	0.20824678	8.981784860891396e-06
HCFC1	4.212121212121212	2.28090257442149e-158	0.5636494	0.0
RREB1	5.575757575757576	2.407667682078258e-13	0.6707829	0.0
NFYB	3.787878787878788	1.5217783380568327e-221	0.21050376	1.1544407112414947e-06
PLD2	4.075757575757576	2.898466868756153e-178	0.25973707	1.6064318219735979e-43
TG	7.606060606060606	1.0	0.6550076	0.0
DSCAM	4.333333333333333	3.721508830056371e-141	0.201182	0.0018657711536807528
RPS6KB2	4.303030303030303	2.0612681446983352e-145	0.452752	0.0
STK11IP	4.151515151515151	3.849589723230579e-167	0.6651503	0.0
ZHX3	4.4393939393939394	1.6126884793906135e-126	0.6514843	0.0
ATXN2L	5.166666666666667	1.799159943379442e-42	0.63211906	0.0
ADRBK1	4.03030303030303	5.2929460164396896e-185	-0.22680177	1.0
TOPORS	3.727272727272727	8.661232710659125e-231	0.14662832	1.0
RALGAPA1	5.045454545454546	5.659481355966012e-54	0.7011643	0.0
MAST2	4.848484848484849	4.5854224261642e-75	0.29124978	4.011182467240787e-82
ZFYVE9	3.893939393939394	1.8846682085548561e-205	0.7033809	0.0
PACS2	15.0	1.0	0.59093344	0.0
SUPT16H	5.5606060606060606	3.933561957910748e-14	-0.19338194	1.0
LIMA1	4.348484848484849	4.8892849748765516e-139	0.6186676	0.0
MAP3K11	3.8333333333333335	1.2495185782783626e-214	-0.19093013	1.0
CDH2	4.045454545454546	9.413247275261345e-183	0.6476293	0.0
TBC1D1	3.787878787878788	1.5217783380568327e-221	0.59921455	0.0
ZNF804A	5.2	1.6143334933064452e-39	0.65715873	0.0
GOLGB1	5.803030303030303	0.00019878369230689233	-0.08544732	1.0
EGF	4.318181818181818	2.7918664717826296e-143	0.01319284	1.0
TEX10	4.893939393939394	5.918212061668534e-70	-0.15661468	1.0
DLG3	4.984848484848484	3.703611499304987e-60	-0.1332421	1.0
AMPH	4.303030303030303	2.0612681446983352e-145	0.6059131	0.0
DUSP4	3.8636363636363638	4.990437000413431e-210	0.5112767	0.0
CDH18	15.0	1.0	0.6291116	0.0
TNFRSF1A	3.803030303030303	3.15269927984589e-219	0.13184944	1.0
ATP2B4	5.636363636363637	1.960882398441318e-10	-0.19866212	1.0
MMS19	3.984848484848485	8.694410217617934e-192	-0.17423058	1.0
PCDHA6	6.166666666666667	1.0	0.651454	0.0
KIAA2026	5.151515151515151	7.625974972303267e-44	-0.09791315	1.0
THRAP3	4.318181818181818	2.7918664717826296e-143	0.65253675	0.0
HELB	5.333333333333333	1.077567019711722e-28	-0.1874546	1.0
CNKSR2	4.909090909090909	2.7919646467736866e-68	0.5961919	0.0
ANKHD1	5.106060606060606	4.4949480382805774e-48	0.6249147	0.0
STAT6	3.6666666666666665	4.481469987237711e-240	0.5878125	0.0
TYRO3	4.2727272727272725	1.056112086203131e-149	-0.14363918	1.0
PHB	3.787878787878788	1.5217783380568327e-221	0.24217343	9.950755429163763e-27
MYB	3.878787878787879	9.67482637323781e-208	0.12695207	1.0
CDC27	3.8484848484848486	2.5389712526985893e-212	0.6467352	0.0
NEFM	5.03030303030303	1.7150705756327545e-55	-0.17110828	1.0
KTN1	4.590909090909091	1.9637076384770094e-106	-0.19572757	1.0
VEGFB	5.287878787878788	3.3122123718160204e-32	0.32090256	3.4199799777791356e-126
HIP1R	3.984848484848485	8.694410217617934e-192	0.6936941	0.0
CMYA5	8.5	1.0	0.5149564	0.0
SH3PXD2A	4.257575757575758	7.504677503470952e-152	-0.18390341	1.0
OBSCN	5.5	1.6274518014202265e-17	-0.20629914	1.0
TRIOBP	4.696969696969697	4.730191825147677e-93	0.3193334	1.0319818233584043e-123
HECW1	5.363636363636363	1.847101461835938e-26	0.6719943	0.0
NCL	3.6818181818181817	9.250608637383135e-238	0.44984794	0.0
ARID4A	4.378787878787879	7.77867107031269e-135	0.5818644	0.0
WWP2	4.803030303030303	2.5916093890928528e-80	0.6121648	0.0
NR1H2	4.212121212121212	2.28090257442149e-158	-0.049504325	1.0
SACS	5.090909090909091	1.6019351837119586e-49	0.33715057	1.1927255659684775e-152
CASP9	3.6515151515151514	2.1236689029112368e-242	-0.16217563	1.0
COG3	15.0	1.0	-0.15871273	1.0
PARD6B	3.893939393939394	1.8846682085548561e-205	0.5440881	0.0
TGFBRAP1	4.484848484848484	2.2002490221096544e-120	0.6619974	0.0
CDK4	3.6666666666666665	4.481469987237711e-240	0.2004338	0.0029781602480259974
DNM2	4.090909090909091	4.996803001880512e-176	0.09822316	1.0
RXRG	4.03030303030303	5.2929460164396896e-185	0.460416	0.0
RIMS2	5.545454545454546	6.0781751734860976e-15	0.61531645	0.0
PITPNM1	3.9545454545454546	2.497113161143616e-196	0.6857335	0.0
GLS	4.848484848484849	4.5854224261642e-75	0.6060294	0.0
KAT6B	4.4393939393939394	1.6126884793906135e-126	0.708154	0.0
STARD13	4.257575757575758	7.504677503470952e-152	0.5286678	0.0
CTTNBP2	5.045454545454546	5.659481355966012e-54	-0.047222726	1.0
KIF13B	5.666666666666667	3.999973542524087e-09	-0.06834099	1.0
PSEN1	3.757575757575758	3.7009411193979e-226	-0.20050135	1.0
COL7A1	6.545454545454546	1.0	0.17992659	1.0
PSMC5	3.909090909090909	3.667840828331614e-203	-0.00449524	1.0
PDCD11	4.318181818181818	2.7918664717826296e-143	-0.08559042	1.0
SRRM2	4.212121212121212	2.28090257442149e-158	0.019614393	1.0
F5	7.242424242424242	1.0	0.67333	0.0
BCOR	4.287878787878788	1.4852780113973228e-147	0.6206815	0.0
TOP2B	3.6363636363636362	9.558788646000851e-245	-0.07466031	1.0
MAP3K2	3.9242424242424243	6.899921184262694e-201	0.4099523	9.647411711620242e-282
YBX1	3.515151515151515	2.0583489951150487e-263	-0.1030564	1.0
FOXG1	3.787878787878788	1.5217783380568327e-221	-0.06741147	1.0
DEF6	4.515151515151516	2.3986497037817864e-116	-0.053647477	1.0
BAI2	4.863636363636363	2.3944386296676495e-73	-0.024766391	1.0
PARP9	6.136363636363637	1.0	-0.13934027	1.0
AKAP17A	4.984848484848484	3.703611499304987e-60	0.63116324	0.0
SOCS6	4.075757575757576	2.898466868756153e-178	0.48653638	0.0
BMPR1B	4.196969696969697	1.4895433699893624e-160	-0.028445506	1.0
MYBPC3	5.636363636363637	1.960882398441318e-10	0.04346779	1.0
COL17A1	4.318181818181818	2.7918664717826296e-143	-0.22396018	1.0
SUV39H1	4.015151515151516	2.9248875795462624e-187	-0.0707051	1.0
CDK16	4.015151515151516	2.9248875795462624e-187	0.013349217	1.0
BPTF	4.924242424242424	1.265707574008615e-66	0.56988454	0.0
PALLD	4.863636363636363	2.3944386296676495e-73	0.6610403	0.0
GCC1	4.924242424242424	1.265707574008615e-66	0.6597221	0.0
C15orf39	5.575757575757576	2.407667682078258e-13	-0.17782567	1.0
KCNK9	4.0	1.6094176380028617e-189	0.2507381	1.8972178263706055e-34
GABRG2	4.287878787878788	1.4852780113973228e-147	0.6232357	0.0
ADAM10	5.53030303030303	8.920550128250713e-16	0.6326205	0.0
NFYA	3.772727272727273	7.597686340594044e-224	0.011524513	1.0
GRIN2C	5.606060606060606	7.6746572533737e-12	-0.20683552	1.0
CEBPZ	3.9545454545454546	2.497113161143616e-196	-0.19649152	1.0
SERPINB9	3.8636363636363638	4.990437000413431e-210	-0.109999485	1.0
XRN1	5.96969696969697	0.24669780146475193	0.40514055	5.9884261341780925e-273
CTNNA1	4.0	1.6094176380028617e-189	0.43349606	0.0
ANK1	6.492307692307692	1.0	-0.13274024	1.0
MSR1	4.553846153846154	3.036347280764897e-111	0.6167034	0.0
NTRK2	4.2272727272727275	3.468440810002327e-156	-0.1427334	1.0
CD2AP	4.181818181818182	9.63590226073286e-163	0.49360114	0.0
RFWD2	3.9393939393939394	1.3168145906029157e-198	0.62777984	0.0
DSG1	5.9393939393939394	0.10865242828933425	0.67636925	0.0
NR2F1	3.9242424242424243	6.899921184262694e-201	-0.00082375924	1.0
EFEMP2	4.9393939393939394	5.535048770797336e-65	0.41805592	1.4550779783866289e-296
SMARCE1	3.787878787878788	1.5217783380568327e-221	0.4747236	0.0
RPS6KA2	3.8181818181818183	6.290434548230126e-217	-0.1426859	1.0
WT1	3.803030303030303	3.15269927984589e-219	0.57665366	0.0
PCDHA4	4.621212121212121	1.49917227250215e-102	-0.17185245	1.0
TRERF1	4.166666666666667	6.137148820145575e-165	-0.16607147	1.0
EPS15	4.03030303030303	5.2929460164396896e-185	-0.038998194	1.0
XPOT	4.833333333333333	8.451693755487221e-77	0.66476864	0.0
EIF3A	5.151515151515151	7.625974972303267e-44	0.6935441	0.0
FSCN1	3.893939393939394	1.8846682085548561e-205	0.6159423	0.0
BAI1	5.53030303030303	8.920550128250713e-16	-0.053765953	1.0
CREB1	3.4393939393939394	3.593275698228136e-275	-0.09078316	1.0
TPR	3.8181818181818183	6.290434548230126e-217	0.0772582	1.0
KRT15	4.575757575757576	2.1596514624631015e-108	0.13545115	1.0
MAP2	4.2727272727272725	1.056112086203131e-149	0.57789665	0.0
SHROOM2	4.363636363636363	6.189853655707169e-137	-0.020362923	1.0
WWC1	5.757575757575758	8.96438933889546e-06	-0.21785615	1.0
MAP4K4	4.833333333333333	8.451693755487221e-77	0.07077643	1.0
EFHC1	5.424242424242424	2.923156208519247e-22	-0.07499653	1.0
RXRB	4.287878787878788	1.4852780113973228e-147	0.43132046	7.816e-321
SMARCA5	4.363636363636363	6.189853655707169e-137	0.06381759	1.0
PKD2	15.0	1.0	-0.17777456	1.0
MITF	3.8181818181818183	6.290434548230126e-217	0.5522256	0.0
PPM1E	5.03030303030303	1.7150705756327545e-55	0.6291477	0.0
TRIP12	15.0	1.0	0.16073129	1.0
ACTN1	4.151515151515151	3.849589723230579e-167	-0.090240635	1.0
AARS2	6.2272727272727275	1.0	-0.16940092	1.0
TRIP11	4.318181818181818	2.7918664717826296e-143	0.70061266	0.0
TLE2	4.454545454545454	1.8308025417514746e-124	-0.08550245	1.0
COL5A1	6.878787878787879	1.0	0.62449175	0.0
CCNA1	3.757575757575758	3.7009411193979e-226	0.5395281	0.0
LTBP1	6.575757575757576	1.0	0.51190567	0.0
ERN1	4.166666666666667	6.137148820145575e-165	-0.19400994	1.0
GRIA2	4.424242424242424	1.3907764601371584e-128	0.66772056	0.0
MTA1	3.727272727272727	8.661232710659125e-231	0.33461308	1.9724911867722893e-148
PROC	7.712121212121212	1.0	0.62654674	0.0
PHLDB2	4.363636363636363	6.189853655707169e-137	-0.17589636	1.0
ASH2L	4.484848484848484	2.2002490221096544e-120	0.4689691	0.0
KLF4	3.8333333333333335	1.2495185782783626e-214	0.022370534	1.0
PEX1	6.075757575757576	1.0	0.48208943	0.0
CAMK2A	4.0	1.6094176380028617e-189	0.124339856	1.0
CFLAR	4.2727272727272725	1.056112086203131e-149	0.26955014	1.8504776133932998e-54
HLA-B	5.924242424242424	0.06681571323853634	0.5629995	0.0
TNIK	4.696969696969697	4.730191825147677e-93	0.68823653	0.0
PTMA	3.8636363636363638	4.990437000413431e-210	0.03806248	1.0
DNAJC6	4.9393939393939394	5.535048770797336e-65	-0.17165023	1.0
RORA	4.2272727272727275	3.468440810002327e-156	0.41357732	2.271353427072149e-288
LRP12	4.606060606060606	1.737959073153401e-104	0.6569254	0.0
SMG6	4.833333333333333	8.451693755487221e-77	0.6503659	0.0
CDK11B	3.8181818181818183	6.290434548230126e-217	0.436968	0.0
TOP1	3.772727272727273	7.597686340594044e-224	0.65036976	0.0
TBK1	4.121212121212121	1.4224876522889679e-171	-0.19707806	1.0
CSNK1A1	3.5303030303030303	4.289071394504821e-261	0.2571485	8.201200700467803e-41
ACTN2	4.545454545454546	2.3923140793058067e-112	0.5346735	0.0
PCSK6	5.212121212121212	1.8119808505712916e-38	-0.087121546	1.0
PER2	5.333333333333333	1.077567019711722e-28	0.7049281	0.0
CELSR1	9.606060606060606	1.0	0.6341576	0.0
TBR1	6.196969696969697	1.0	-0.10068698	1.0
TRIM28	4.5606060606060606	2.3057357993651317e-110	0.6386448	0.0
ARHGEF10L	5.446153846153846	7.89655111405152e-21	-0.2199984	1.0
BUB1	4.242424242424242	5.153875612728923e-154	-0.19969681	1.0
IFT140	6.666666666666667	1.0	0.676813	0.0
MAP7D1	4.818181818181818	1.5059610191706582e-78	-0.15076031	1.0
RFC1	3.9242424242424243	6.899921184262694e-201	0.5809283	0.0
COL1A1	5.651515151515151	9.112849250268435e-10	-0.12404422	1.0
KRT10	3.696969696969697	1.9680734649659724e-235	-0.004604926	1.0
CAMK2G	4.075757575757576	2.898466868756153e-178	0.35159898	3.46829437853455e-177
SIPA1L1	6.636363636363637	1.0	-0.08477866	1.0
DCTN1	3.984848484848485	8.694410217617934e-192	0.24247152	5.560836977295536e-27
DAB2IP	4.5	2.320495940381192e-118	-0.19757973	1.0
PTPRG	5.712121212121212	2.43404951276035e-07	0.004953276	1.0
GRIK1	4.833333333333333	8.451693755487221e-77	0.66646224	0.0
NPAS2	4.106060606060606	8.500160823487073e-174	-0.11265331	1.0
PCDH8	5.409090909090909	2.812288621595938e-23	-0.16173038	1.0
ZBTB11	4.878787878787879	1.210302589787204e-71	-0.16156952	1.0
PAK3	4.0606060606060606	1.6578578839968477e-180	-0.09107093	1.0
LIPC	6.409090909090909	1.0	0.39944023	1.497256343083003e-262
SKIL	3.803030303030303	3.15269927984589e-219	-0.032489363	1.0
PLAT	6.015151515151516	0.5905005552315811	0.5565855	0.0
DHX9	4.287878787878788	1.4852780113973228e-147	0.6927652	0.0
LAT2	4.681818181818182	6.333737555295499e-95	0.4893346	0.0
ERC2	5.515151515151516	1.237552061909311e-16	-0.17657521	1.0
GATA1	3.5303030303030303	4.289071394504821e-261	0.3662446	8.563867732051106e-203
MBP	3.772727272727273	7.597686340594044e-224	0.5057504	0.0
MRPL17	7.621212121212121	1.0	0.13399322	1.0
SATB1	4.106060606060606	8.500160823487073e-174	-0.14581765	1.0
NUMB	4.0606060606060606	1.6578578839968477e-180	0.2363387	5.241841541802047e-22
MTSS1	4.363636363636363	6.189853655707169e-137	0.64150774	0.0
ENPP1	4.666666666666667	8.237161641457738e-97	-0.15284513	1.0
F2	7.2272727272727275	1.0	0.46050966	0.0
TRPC6	6.106060606060606	1.0	-0.17738783	1.0
FGD6	4.333333333333333	3.721508830056371e-141	0.67175037	0.0
CRMP1	4.2272727272727275	3.468440810002327e-156	-0.2436468	1.0
ARHGEF11	5.363636363636363	1.847101461835938e-26	0.34870988	3.232776240738498e-172
TMEM67	8.0	1.0	-0.1776855	1.0
COL4A6	7.075757575757576	1.0	0.6187365	0.0
ERBB2IP	3.757575757575758	3.7009411193979e-226	0.6615452	0.0
BTRC	3.8181818181818183	6.290434548230126e-217	0.4666787	0.0
SCN4A	5.863636363636363	0.005653383481306722	0.21686837	1.426384587899198e-09
EXOC6B	5.909090909090909	0.03906974193032677	-0.15384732	1.0
TAF1C	4.5	2.320495940381192e-118	0.650415	0.0
ABCC9	15.0	1.0	0.52609676	0.0
MAP3K1	3.953846153846154	2.0487023710496149e-196	0.6912787	0.0
PTN	4.121212121212121	1.4224876522889679e-171	-0.19557391	1.0
THEG	5.378787878787879	2.2421187423656065e-25	0.59048057	0.0
NEURL4	5.7727272727272725	2.661357851109339e-05	0.66265565	0.0
SHANK3	5.363636363636363	1.847101461835938e-26	-0.08320272	1.0
NKRF	4.333333333333333	3.721508830056371e-141	0.64146304	0.0
SSH2	4.954545454545454	2.339787434928052e-63	0.686556	0.0
HGS	3.9242424242424243	6.899921184262694e-201	0.43900403	0.0
ZNF585B	7.045454545454546	1.0	-0.1390089	1.0
MAP1A	4.893939393939394	5.918212061668534e-70	-0.025636392	1.0
COL4A2	7.075757575757576	1.0	-0.1339005	1.0
DTNA	6.2272727272727275	1.0	0.66695803	0.0
NPHP1	4.46969696969697	2.040032193293724e-122	0.6536627	0.0
USHBP1	4.590909090909091	1.9637076384770094e-106	0.2934293	3.8869665427712416e-85
FBXO18	5.166666666666667	1.799159943379442e-42	0.6440153	0.0
TAF1B	3.909090909090909	3.667840828331614e-203	-0.14619936	1.0
DUSP16	3.984848484848485	8.694410217617934e-192	-0.12672184	1.0
SLK	4.348484848484849	4.8892849748765516e-139	0.09390428	1.0
MYOM2	6.090909090909091	1.0	0.42367116	7.686943521687424e-307
MYO1C	5.833333333333333	0.0011874730962516493	-0.16905077	1.0
COIL	4.348484848484849	4.8892849748765516e-139	-0.22016223	1.0
NUP160	7.909090909090909	1.0	0.6499543	0.0
MEGF8	5.242424242424242	6.647471978626986e-36	0.58442456	0.0
CDC14A	3.9696969696969697	4.645458642258488e-194	0.45832348	0.0
JAG2	4.924242424242424	1.265707574008615e-66	0.5858711	0.0
MPDZ	5.4393939393939394	2.881456053844129e-21	-0.14775242	1.0
IFT172	7.53030303030303	1.0	-0.08794394	1.0
CARM1	4.0	1.6094176380028617e-189	-0.060878407	1.0
KCNH1	15.0	1.0	-0.18630503	1.0
JMJD7-PLA2G4B	6.984848484848484	1.0	0.6240448	0.0
USP6NL	4.590909090909091	1.9637076384770094e-106	0.6517102	0.0
BCLAF1	4.075757575757576	2.898466868756153e-178	0.65170765	0.0
CIITA	4.409090909090909	1.1709431526636087e-130	0.58324593	0.0
ITGB7	4.151515151515151	3.849589723230579e-167	0.60835093	0.0
RINT1	5.590909090909091	1.3974580680846262e-12	-0.1275537	1.0
NMT2	3.787878787878788	1.5217783380568327e-221	0.5934062	0.0
DCLRE1C	4.121212121212121	1.4224876522889679e-171	-0.12800564	1.0
C3AR1	10.151515151515152	1.0	0.45769617	0.0
CENPJ	4.166666666666667	6.137148820145575e-165	0.6191126	0.0
PRICKLE2	4.803030303030303	2.5916093890928528e-80	-0.15883961	1.0
L1CAM	4.424242424242424	1.3907764601371584e-128	0.69684833	0.0
GRAP	4.393939393939394	9.660381979554807e-133	0.33614546	5.6348714177635506e-151
FAM120B	5.045454545454546	5.659481355966012e-54	-0.14482075	1.0
GSE1	6.181818181818182	1.0	-0.19930755	1.0
PCDH1	4.015151515151516	2.9248875795462624e-187	0.6327978	0.0
SLC4A8	5.878787878787879	0.011370719431532743	0.62691647	0.0
ABCC8	15.0	1.0	-0.06233633	1.0
PPP1R12A	4.242424242424242	5.153875612728923e-154	-0.17107396	1.0
BRD1	4.606060606060606	1.737959073153401e-104	0.6675431	0.0
GCM1	4.212121212121212	2.28090257442149e-158	0.58360535	0.0
LTK	4.348484848484849	4.8892849748765516e-139	-0.1524467	1.0
GTF2H1	3.727272727272727	8.661232710659125e-231	0.46773735	0.0
KCNK15	4.0	1.6094176380028617e-189	0.29738152	1.0541568422705463e-90
SV2A	7.181818181818182	1.0	-0.12675561	1.0
PTPRE	4.166666666666667	6.137148820145575e-165	-0.05727964	1.0
HSPA9	5.015151515151516	4.965087209642441e-57	0.6068526	0.0
MARK4	3.8333333333333335	1.2495185782783626e-214	0.26889464	1.0715144805404023e-53
VPS41	6.5606060606060606	1.0	0.5929462	0.0
KIAA0930	4.181818181818182	9.63590226073286e-163	0.5983127	0.0
KLF5	4.03030303030303	5.2929460164396896e-185	0.507802	0.0
CACNA1G	5.409090909090909	2.812288621595938e-23	0.57227725	0.0
MAP2K4	3.893939393939394	1.8846682085548561e-205	-0.10478155	1.0
SIGMAR1	6.166666666666667	1.0	0.19880803	0.00775504158813922
NEDD4	4.166666666666667	6.137148820145575e-165	-0.12798186	1.0
TRPV4	4.2727272727272725	1.056112086203131e-149	0.61426693	0.0
TENM1	4.166666666666667	6.137148820145575e-165	0.33004266	6.55487601390056e-141
TNKS1BP1	7.681818181818182	1.0	0.69142485	0.0
SRCAP	4.257575757575758	7.504677503470952e-152	-0.025899215	1.0
DAPP1	4.2272727272727275	3.468440810002327e-156	0.32431662	1.225773555939014e-131
RB1CC1	4.712121212121212	3.445049409216623e-91	-0.030321429	1.0
LRRFIP2	5.696969696969697	6.547083669482187e-08	-0.06241823	1.0
NCAPD3	6.242424242424242	1.0	0.66470784	0.0
CSF2RA	4.651515151515151	1.037003425140186e-98	0.5957822	0.0
IQGAP2	4.606060606060606	1.737959073153401e-104	0.3837024	5.248957991171874e-234
RELB	4.0606060606060606	1.6578578839968477e-180	0.5386979	0.0
KIRREL3	6.181818181818182	1.0	-0.15062049	1.0
TNIP2	4.181818181818182	9.63590226073286e-163	0.19434337	0.06943176160472017
CPSF1	5.53030303030303	8.920550128250713e-16	0.6943145	0.0
PHB2	3.8484848484848486	2.5389712526985893e-212	0.32314545	9.185479965448295e-130
CDC37	3.8181818181818183	6.290434548230126e-217	-0.027102621	1.0
TFAP2A	3.6363636363636362	9.558788646000851e-245	-0.1064898	1.0
ARHGAP21	4.696969696969697	4.730191825147677e-93	0.58944136	0.0
ATP1A2	6.863636363636363	1.0	0.53132915	0.0
PPP6R2	5.151515151515151	7.625974972303267e-44	-0.15580848	1.0
DZIP1	15.0	1.0	-0.16649583	1.0
TRAK2	5.651515151515151	9.112849250268435e-10	-0.17994496	1.0
IST1	5.151515151515151	7.625974972303267e-44	0.583998	0.0
PRDM2	3.9242424242424243	6.899921184262694e-201	0.027618295	1.0
SLC8A2	4.121212121212121	1.4224876522889679e-171	0.6278232	0.0
GRB14	4.0606060606060606	1.6578578839968477e-180	-0.07575342	1.0
RARB	4.378787878787879	7.77867107031269e-135	0.5948004	0.0
SOCS3	4.181818181818182	9.63590226073286e-163	0.08124255	1.0
TACC2	4.0606060606060606	1.6578578839968477e-180	0.53642684	0.0
GADD45G	3.6515151515151514	2.1236689029112368e-242	0.102507606	1.0
SAT1	4.121212121212121	1.4224876522889679e-171	0.014076396	1.0
ACVR1B	5.378787878787879	2.2421187423656065e-25	0.6174026	0.0
REST	4.348484848484849	4.8892849748765516e-139	0.68502617	0.0
SNRNP200	5.606060606060606	7.6746572533737e-12	0.117102355	1.0
GPR125	5.893939393939394	0.021657682436614336	0.04357707	1.0
AKAP12	4.409090909090909	1.1709431526636087e-130	0.1677712	1.0
CALCOCO2	4.651515151515151	1.037003425140186e-98	-0.20764591	1.0
MCM6	5.303030303030303	5.157518393752423e-31	0.6026264	0.0
APOE	5.924242424242424	0.06681571323853634	0.07049167	1.0
KIF13A	4.2727272727272725	1.056112086203131e-149	0.62752825	0.0
NEBL	4.818181818181818	1.5059610191706582e-78	0.60612357	0.0
CCNT1	3.8636363636363638	4.990437000413431e-210	-0.20785041	1.0
SPRED1	4.287878787878788	1.4852780113973228e-147	0.6061105	0.0
PHF12	4.409090909090909	1.1709431526636087e-130	0.682382	0.0
CFH	7.151515151515151	1.0	0.5339732	0.0
MATK	4.136363636363637	2.3580860918747585e-169	0.51341534	0.0
GRIP2	5.318181818181818	7.64416891530246e-30	-0.20739247	1.0
ADAMTSL4	5.166666666666667	1.799159943379442e-42	-0.22737591	1.0
DVL1	4.106060606060606	8.500160823487073e-174	0.30437672	7.425554373103712e-101
KAT2A	4.015151515151516	2.9248875795462624e-187	0.6228176	0.0
KIF2A	5.181818181818182	4.0646540127585765e-41	0.636761	0.0
HNRNPK	3.9545454545454546	2.497113161143616e-196	0.39547375	2.4694354527032965e-255
NUP214	4.878787878787879	1.210302589787204e-71	-0.15747744	1.0
CALD1	4.409090909090909	1.1709431526636087e-130	0.5839501	0.0
CEP55	4.212121212121212	2.28090257442149e-158	-0.13132647	1.0
RFX2	6.03030303030303	0.7263459392288968	-0.12699774	1.0
MCM3	4.5606060606060606	2.3057357993651317e-110	-0.2218647	1.0
ENGASE	15.0	1.0	-0.13617541	1.0
FSIP1	15.0	1.0	-0.03446367	1.0
LIN7B	5.045454545454546	5.659481355966012e-54	0.17715254	1.0
IGF2R	6.96969696969697	1.0	0.58868665	0.0
FLNB	5.0	1.3821620935970935e-58	0.018978648	1.0
PER3	5.0	1.3821620935970935e-58	0.56123996	0.0
SOX10	4.242424242424242	5.153875612728923e-154	-0.20697951	1.0
REXO1	5.681818181818182	1.664947422503421e-08	0.03308326	1.0
RFX1	6.545454545454546	1.0	0.14582452	1.0
NEO1	5.333333333333333	1.077567019711722e-28	-0.017526869	1.0
CNTNAP1	4.257575757575758	7.504677503470952e-152	0.7064128	0.0
AATF	3.893939393939394	1.8846682085548561e-205	-0.13061522	1.0
MTUS2	5.666666666666667	3.999973542524087e-09	0.6109917	0.0
KLC2	4.181818181818182	9.63590226073286e-163	-0.102428764	1.0
RAG1	4.46969696969697	2.040032193293724e-122	-0.19849119	1.0
ABCB1	4.5606060606060606	2.3057357993651317e-110	0.67307633	0.0
ERAP1	4.666666666666667	8.237161641457738e-97	-0.18089025	1.0
E2F4	3.787878787878788	1.5217783380568327e-221	0.020094331	1.0
OSBPL3	4.212121212121212	2.28090257442149e-158	-0.11850926	1.0
PIGQ	15.0	1.0	0.36407328	5.862270219999485e-199
ZNF8	3.878787878787879	9.67482637323781e-208	0.037386272	1.0
E4F1	3.9242424242424243	6.899921184262694e-201	-0.16586523	1.0
TRAPPC11	15.0	1.0	0.5191229	0.0
MED24	3.9696969696969697	4.645458642258488e-194	0.6214985	0.0
PACSIN3	4.424242424242424	1.3907764601371584e-128	-0.11543856	1.0
WWP1	4.287878787878788	1.4852780113973228e-147	-0.19943118	1.0
MERTK	4.424242424242424	1.3907764601371584e-128	-0.17480606	1.0
INTS1	6.545454545454546	1.0	0.65492517	0.0
PRPF6	3.803030303030303	3.15269927984589e-219	-0.18284053	1.0
FADD	3.9393939393939394	1.3168145906029157e-198	-0.06913409	1.0
POLA1	4.484848484848484	2.2002490221096544e-120	-0.055231687	1.0
TGFBI	6.575757575757576	1.0	0.6300311	0.0
CTBP2	4.318181818181818	2.7918664717826296e-143	-0.0077089216	1.0
HOMER3	4.818181818181818	1.5059610191706582e-78	0.057178717	1.0
ITGB3	4.545454545454546	2.3923140793058067e-112	-0.21064049	1.0
COL4A1	7.0606060606060606	1.0	-0.15128796	1.0
MAP3K8	3.878787878787879	9.67482637323781e-208	0.027021438	1.0
HLA-DRA	15.0	1.0	0.014616844	1.0
BCL9L	4.196969696969697	1.4895433699893624e-160	-0.006270889	1.0
GLI2	4.818181818181818	1.5059610191706582e-78	0.67122334	0.0
LCT	5.909090909090909	0.03906974193032677	0.18690538	0.6982512828302189
C2CD2L	5.333333333333333	1.077567019711722e-28	-0.12161567	1.0
NBAS	9.090909090909092	1.0	0.5786488	0.0
MYH7	5.545454545454546	6.0781751734860976e-15	-0.12017844	1.0
SH2B1	4.46969696969697	2.040032193293724e-122	0.44419524	0.0
PTPRD	4.515151515151516	2.3986497037817864e-116	-0.07008277	1.0
PTGES3	3.742424242424242	1.7943064372120767e-228	0.24977314	1.5615044435350657e-33
SLIT1	6.2272727272727275	1.0	-0.026397984	1.0
EIF2C2	7.848484848484849	1.0	0.5544179	0.0
SLC22A4	5.863636363636363	0.005653383481306722	0.5974034	0.0
KCNK3	4.0	1.6094176380028617e-189	0.22717975	1.663589805777389e-15
PLEKHG2	4.590909090909091	1.9637076384770094e-106	0.6815058	0.0
DGKH	6.545454545454546	1.0	0.53416806	0.0
MAP1B	4.7272727272727275	2.421712560332582e-89	0.009301201	1.0
CCNB1	3.772727272727273	7.597686340594044e-224	-0.16506308	1.0
CHAF1A	5.409090909090909	2.812288621595938e-23	0.63444644	0.0
TRPC4AP	4.212121212121212	2.28090257442149e-158	0.63575083	0.0
CD3E	4.5	2.320495940381192e-118	0.4315557	2.91e-321
BRAF	3.606060606060606	2.155985073601556e-249	0.2029889	0.0005573240652967245
KIF5B	4.015151515151516	2.9248875795462624e-187	0.23859864	8.774988348914784e-24
RFX3	6.03030303030303	0.7263459392288968	-0.12927935	1.0
DMD	6.090909090909091	1.0	0.660166	0.0
PRX	8.227272727272727	1.0	0.54667944	0.0
NEFH	4.606060606060606	1.737959073153401e-104	0.18162668	1.0
MAPKAPK5	3.590909090909091	9.987841669980425e-252	-0.16244932	1.0
YY1	3.893939393939394	1.8846682085548561e-205	-0.052676354	1.0
SCN8A	6.121212121212121	1.0	-0.123420164	1.0
RAB3GAP2	15.0	1.0	0.015444188	1.0
AGAP2	4.5606060606060606	2.3057357993651317e-110	0.0858758	1.0
MRPL19	15.0	1.0	0.051725205	1.0
NKTR	6.106060606060606	1.0	-0.023909155	1.0
CASP6	3.787878787878788	1.5217783380568327e-221	-0.07861891	1.0
JUNB	3.6818181818181817	9.250608637383135e-238	0.5378265	0.0
TTN	5.409090909090909	2.812288621595938e-23	-0.12841892	1.0
SIK2	4.5	2.320495940381192e-118	0.65361476	0.0
CREM	3.5303030303030303	4.289071394504821e-261	0.40840018	6.641428345594002e-279
DLGAP3	4.666666666666667	8.237161641457738e-97	-0.1703879	1.0
POLE	4.545454545454546	2.3923140793058067e-112	0.4348636	0.0
ELP2	4.212121212121212	2.28090257442149e-158	0.6325257	0.0
SMARCC1	3.893939393939394	1.8846682085548561e-205	0.06755645	1.0
NCOA7	3.984848484848485	8.694410217617934e-192	-0.15034378	1.0
EHMT1	7.333333333333333	1.0	-0.17940228	1.0
MGEA5	12.151515151515152	1.0	0.5072454	0.0
EFNB1	4.136363636363637	2.3580860918747585e-169	0.024399608	1.0
SND1	4.0	1.6094176380028617e-189	-0.1975501	1.0
GMFB	3.712121212121212	4.113335036416179e-233	0.5485818	0.0
PICK1	4.212121212121212	2.28090257442149e-158	0.37356356	8.333555011930611e-216
STAM2	4.257575757575758	7.504677503470952e-152	-0.14735322	1.0
PLXNB2	5.590909090909091	1.3974580680846262e-12	0.61866593	0.0
TJP2	4.151515151515151	3.849589723230579e-167	0.18876624	0.4542477848253644
LRRFIP1	5.696969696969697	6.547083669482187e-08	0.12336125	1.0
HID1	4.833333333333333	8.451693755487221e-77	-0.16019613	1.0
NINL	4.666666666666667	8.237161641457738e-97	-0.1547836	1.0
C5	10.151515151515152	1.0	0.6025057	0.0
EXOC4	5.045454545454546	5.659481355966012e-54	0.602874	0.0
ZFC3H1	5.348484848484849	1.4467502508287116e-27	-0.098322146	1.0
APOH	6.878787878787879	1.0	0.5524847	0.0
CUL7	5.553846153846154	1.7253174379069515e-14	0.6775258	0.0
PLCL2	4.515151515151516	2.3986497037817864e-116	-0.19327126	1.0
MYO18A	9.651515151515152	1.0	0.6109794	0.0
TXNIP	4.461538461538462	1.6286212562190847e-123	0.58698857	0.0
CLSPN	4.121212121212121	1.4224876522889679e-171	0.7032283	0.0
NR2E3	4.333333333333333	3.721508830056371e-141	0.05782444	1.0
KRT8	3.742424242424242	1.7943064372120767e-228	-0.032372538	1.0
PPP4R1	4.636363636363637	1.2663970208888846e-100	-0.17616463	1.0
SPAG5	5.287878787878788	3.3122123718160204e-32	0.65541995	0.0
NR2F2	3.9696969696969697	4.645458642258488e-194	0.48253155	0.0
IPO7	4.621212121212121	1.49917227250215e-102	0.5941482	0.0
ZNF76	4.121212121212121	1.4224876522889679e-171	0.5091787	0.0
ISL1	6.515151515151516	1.0	0.3372746	7.411221787287097e-153
CABP1	5.363636363636363	1.847101461835938e-26	0.2063154	4.548590460215036e-05
DVL2	4.303030303030303	2.0612681446983352e-145	-0.24470489	1.0
FZD4	5.651515151515151	9.112849250268435e-10	0.6119866	0.0
SCNN1B	5.606060606060606	7.6746572533737e-12	0.60268694	0.0
TLR8	4.893939393939394	5.918212061668534e-70	0.65815765	0.0
LAMA4	3.878787878787879	9.67482637323781e-208	0.57116	0.0
SORL1	6.484848484848484	1.0	0.68135315	0.0
COL9A1	7.424242424242424	1.0	0.6068782	0.0
CDX2	3.712121212121212	4.113335036416179e-233	0.2447382	6.058236015272197e-29
TMCO7	7.9393939393939394	1.0	-0.17271273	1.0
FAF1	3.8636363636363638	4.990437000413431e-210	-0.11097684	1.0
SOCS7	4.212121212121212	2.28090257442149e-158	-0.056357387	1.0
FNTB	4.696969696969697	4.730191825147677e-93	0.49382973	0.0
GRM4	4.863636363636363	2.3944386296676495e-73	0.6661727	0.0
BAZ2A	4.378787878787879	7.77867107031269e-135	-0.10174698	1.0
ZNF518A	5.075757575757576	5.495762606430855e-51	-0.021113513	1.0
TRIM51	5.181818181818182	4.0646540127585765e-41	0.5734729	0.0
RIN1	3.9696969696969697	4.645458642258488e-194	0.3861206	2.256305636842786e-238
NFATC2	3.772727272727273	7.597686340594044e-224	-0.17055492	1.0
NR1H3	4.242424242424242	5.153875612728923e-154	0.37280595	1.8764896618155967e-214
MAP4K5	4.303030303030303	2.0612681446983352e-145	0.38429844	4.41092555976057e-235
PLK4	4.0	1.6094176380028617e-189	-0.16800731	1.0
ATP5A1	4.181818181818182	9.63590226073286e-163	0.56165326	0.0
NFKBIA	3.6515151515151514	2.1236689029112368e-242	-0.14251013	1.0
SEMA4A	6.409090909090909	1.0	-0.14479701	1.0
ITGAV	5.045454545454546	5.659481355966012e-54	-0.24660076	1.0
SRGAP1	4.696969696969697	4.730191825147677e-93	0.67155427	0.0
TNRC6B	5.409090909090909	2.812288621595938e-23	0.48732978	0.0
CACNA1A	4.757575757575758	1.090042831805119e-85	0.41594577	1.0594567670029917e-292
TTC3	5.075757575757576	5.495762606430855e-51	-0.09752442	1.0
ARHGEF6	3.909090909090909	3.667840828331614e-203	0.3256233	9.72004808935029e-134
GLIS3	5.924242424242424	0.06681571323853634	-0.16397467	1.0
EPG5	5.075757575757576	5.495762606430855e-51	0.03952705	1.0
C1orf94	4.803030303030303	2.5916093890928528e-80	0.5797002	0.0
BAIAP2	4.5606060606060606	2.3057357993651317e-110	-0.094275355	1.0
SYTL2	6.015151515151516	0.5905005552315811	0.6581983	0.0
FLT3	4.5606060606060606	2.3057357993651317e-110	0.5945463	0.0
RANBP3	4.742424242424242	1.6577844026969324e-87	0.58312684	0.0
MTMR10	4.681818181818182	6.333737555295499e-95	0.61706066	0.0
VPS11	7.257575757575758	1.0	0.56178087	0.0
HIVEP1	5.909090909090909	0.03906974193032677	0.59141207	0.0
IL2RG	4.363636363636363	6.189853655707169e-137	-0.12422235	1.0
ZNF484	4.757575757575758	1.090042831805119e-85	-0.14655218	1.0
EPHB1	4.257575757575758	7.504677503470952e-152	0.14141655	1.0
PWP2	8.0	1.0	-0.17191502	1.0
CARNS1	15.0	1.0	0.17529902	1.0
MYO18B	4.424242424242424	1.3907764601371584e-128	0.36918578	5.220676160899774e-208
MUC1	4.045454545454546	9.413247275261345e-183	0.12910813	1.0
HSPA4	3.772727272727273	7.597686340594044e-224	0.5315293	0.0
SLC8A1	4.151515151515151	3.849589723230579e-167	-0.16409706	1.0
ARHGAP35	4.3076923076923075	9.43999407987039e-145	0.69123685	0.0
FBF1	5.151515151515151	7.625974972303267e-44	0.57350266	0.0
ONECUT1	4.0	1.6094176380028617e-189	0.606741	0.0
LAMC1	7.03030303030303	1.0	0.35564023	3.4611163306793104e-184
DHX36	6.484848484848484	1.0	0.62996733	0.0
CCDC88A	4.045454545454546	9.413247275261345e-183	0.2539511	1.4102311700397706e-37
PLK3	3.621212121212121	4.51207343571108e-247	-0.16495404	1.0
PAIP1	4.96969696969697	9.498709933095162e-62	0.4991084	0.0
CASKIN1	5.075757575757576	5.495762606430855e-51	0.003275837	1.0
ANKS1B	6.045454545454546	0.8578473876992072	0.6002081	0.0
RALGDS	4.196969696969697	1.4895433699893624e-160	-0.22800736	1.0
ITGA2	5.96969696969697	0.24669780146475193	0.020318834	1.0
XPO4	4.878787878787879	1.210302589787204e-71	-0.20819813	1.0
URB2	4.909090909090909	2.7919646467736866e-68	0.69088507	0.0
KIF5A	4.515151515151516	2.3986497037817864e-116	-0.19990292	1.0
CES1	5.378787878787879	2.2421187423656065e-25	0.39933008	2.3757135533235282e-262
SNX4	4.2727272727272725	1.056112086203131e-149	-0.09428886	1.0
CUL4B	3.787878787878788	1.5217783380568327e-221	0.21878229	1.4651499148011355e-10
KIF6	6.2727272727272725	1.0	-0.15991732	1.0
WDR62	4.363636363636363	6.189853655707169e-137	0.4105242	8.683598021001875e-283
RNF11	4.106060606060606	8.500160823487073e-174	-0.071846016	1.0
GMIP	4.924242424242424	1.265707574008615e-66	-0.18024974	1.0
LTBP4	5.242424242424242	6.647471978626986e-36	0.1835922	1.0
KSR2	3.909090909090909	3.667840828331614e-203	0.62092286	0.0
AXIN2	3.787878787878788	1.5217783380568327e-221	0.33402497	1.851654177447192e-147
DSG2	5.2272727272727275	3.567716469429752e-37	0.6173308	0.0
EPHA4	5.2272727272727275	3.567716469429752e-37	-0.21935473	1.0
WIPI1	3.8484848484848486	2.5389712526985893e-212	0.489452	0.0
MYO1E	4.96969696969697	9.498709933095162e-62	0.65262884	0.0
PLCE1	4.787878787878788	4.3222045956551894e-82	0.0880568	1.0
EIF4EBP1	3.727272727272727	8.661232710659125e-231	0.26760206	3.3265680270464905e-52
ZNF451	4.2727272727272725	1.056112086203131e-149	0.628336	0.0
GABBR2	5.712121212121212	2.43404951276035e-07	-0.19309464	1.0
KEAP1	5.893939393939394	0.021657682436614336	0.4146107	2.92940033364987e-290
ARHGAP17	4.090909090909091	4.996803001880512e-176	0.5887172	0.0
AP1G1	5.378787878787879	2.2421187423656065e-25	0.53433347	0.0
ITGB1	5.106060606060606	4.4949480382805774e-48	0.23127499	2.855778010439384e-18
INTS4	7.393939393939394	1.0	-0.17187995	1.0
MAP3K12	4.636363636363637	1.2663970208888846e-100	0.68719524	0.0
RNF123	3.9393939393939394	1.3168145906029157e-198	0.5268519	0.0
MYO1F	5.242424242424242	6.647471978626986e-36	0.63422084	0.0
SEMA6A	4.984848484848484	3.703611499304987e-60	-0.1981978	1.0
PSMD1	4.242424242424242	5.153875612728923e-154	-0.17319547	1.0
CHRNA7	4.7727272727272725	6.962344027357639e-84	0.01387791	1.0
NRAP	4.787878787878788	4.3222045956551894e-82	-0.08379955	1.0
PBXIP1	5.424242424242424	2.923156208519247e-22	0.5625138	0.0
TRPC3	5.121212121212121	1.2068095274004981e-46	-0.20017572	1.0
BTAF1	4.53030303030303	2.4274693143251508e-114	0.69904923	0.0
NUP210	4.212121212121212	2.28090257442149e-158	0.23392972	3.4594760357848575e-20
S1PR3	6.2272727272727275	1.0	0.53758883	0.0
MTMR4	5.090909090909091	1.6019351837119586e-49	0.6562442	0.0
CFP	10.151515151515152	1.0	0.54108334	0.0
MED12	6.015151515151516	0.5905005552315811	0.68745995	0.0
SIRT1	3.787878787878788	1.5217783380568327e-221	0.44855362	0.0
NR0B2	3.8333333333333335	1.2495185782783626e-214	0.03850445	1.0
SNX17	5.9393939393939394	0.10865242828933425	0.52723247	0.0
MYH11	4.590909090909091	1.9637076384770094e-106	0.69937426	0.0
TCERG1	3.9696969696969697	4.645458642258488e-194	-0.05063178	1.0
BAIAP3	6.53030303030303	1.0	0.11904399	1.0
PAPSS1	5.015151515151516	4.965087209642441e-57	0.5936572	0.0
ASH1L	4.878787878787879	1.210302589787204e-71	0.25544545	4.486340502389524e-39
SOX5	4.484848484848484	2.2002490221096544e-120	0.6361943	0.0
GTF3C1	4.787878787878788	4.3222045956551894e-82	0.44049817	0.0
TXK	4.287878787878788	1.4852780113973228e-147	-0.051835917	1.0
SGK1	3.8181818181818183	6.290434548230126e-217	0.5755394	0.0
DLGAP2	5.651515151515151	9.112849250268435e-10	-0.19854319	1.0
MAP2K5	4.106060606060606	8.500160823487073e-174	0.58285624	0.0
PAXIP1	4.424242424242424	1.3907764601371584e-128	-0.21484521	1.0
RAD9A	4.378787878787879	7.77867107031269e-135	-0.06458967	1.0
RSF1	4.4393939393939394	1.6126884793906135e-126	0.6809335	0.0
TP63	3.803030303030303	3.15269927984589e-219	0.5598201	0.0
PAPPA2	4.984848484848484	3.703611499304987e-60	0.62558407	0.0
COPS2	3.893939393939394	1.8846682085548561e-205	0.50030035	0.0
DAP3	3.742424242424242	1.7943064372120767e-228	0.14555085	1.0
NEDD4L	5.0606060606060606	1.797670388943156e-52	-0.21484524	1.0
TPO	15.0	1.0	0.5422258	0.0
SCN3A	6.409090909090909	1.0	0.6909266	0.0
NUP153	4.303030303030303	2.0612681446983352e-145	-0.11340753	1.0
APBA2	5.515151515151516	1.237552061909311e-16	0.50009584	0.0
WDR24	6.2727272727272725	1.0	-0.15717505	1.0
CELSR3	5.666666666666667	3.999973542524087e-09	0.40632224	4.154191937978482e-275
LINGO1	5.621212121212121	3.982970927086116e-11	0.5997448	0.0
SUN1	7.03030303030303	1.0	0.4390227	0.0
CDH11	4.181818181818182	9.63590226073286e-163	0.62472796	0.0
KALRN	5.348484848484849	1.4467502508287116e-27	0.67418677	0.0
COL6A1	6.0606060606060606	0.9815462904994844	-0.20102954	1.0
PARD6A	3.8636363636363638	4.990437000413431e-210	-0.12697248	1.0
CDC6	4.409090909090909	1.1709431526636087e-130	-0.20207842	1.0
EPHA8	5.363636363636363	1.847101461835938e-26	0.6187585	0.0
MTUS1	7.090909090909091	1.0	0.48950624	0.0
MYO7A	7.121212121212121	1.0	-0.12745976	1.0
NKX2-1	4.106060606060606	8.500160823487073e-174	0.08985246	1.0
TRIM16	5.015151515151516	4.965087209642441e-57	0.5732709	0.0
YY1AP1	4.863636363636363	2.3944386296676495e-73	0.5884189	0.0
EIF4G3	4.878787878787879	1.210302589787204e-71	0.5685447	0.0
CRTC2	4.181818181818182	9.63590226073286e-163	-0.1421914	1.0
ATP6V0A2	5.333333333333333	1.077567019711722e-28	-0.16437583	1.0
KIF4A	4.742424242424242	1.6577844026969324e-87	0.67969435	0.0
TREX1	4.363636363636363	6.189853655707169e-137	0.49958575	0.0
HSPA1B	3.9696969696969697	4.645458642258488e-194	-0.16487509	1.0
GTF3C3	4.53030303030303	2.4274693143251508e-114	-0.19087738	1.0
MAATS1	6.5606060606060606	1.0	-0.16056621	1.0
CROCC	5.0606060606060606	1.797670388943156e-52	0.6917854	0.0
SBF1	4.909090909090909	2.7919646467736866e-68	0.21609895	3.438547518713183e-09
EIF2AK3	4.151515151515151	3.849589723230579e-167	0.61799204	0.0
OPRD1	5.015151515151516	4.965087209642441e-57	0.590508	0.0
BCL11A	4.742424242424242	1.6577844026969324e-87	-0.17256308	1.0
AP3B1	5.863636363636363	0.005653383481306722	0.5378318	0.0
LRP6	12.712121212121213	1.0	-0.085431695	1.0
TBC1D4	5.287878787878788	3.3122123718160204e-32	-0.036638945	1.0
SFN	3.606060606060606	2.155985073601556e-249	-0.011336586	1.0
APBB1	4.287878787878788	1.4852780113973228e-147	-0.18458968	1.0
SGSM2	5.363636363636363	1.847101461835938e-26	-0.22300681	1.0
HIVEP2	7.545454545454546	1.0	0.06880144	1.0
MCM10	4.696969696969697	4.730191825147677e-93	0.021695642	1.0
UBA5	6.96969696969697	1.0	0.38408852	1.0552416643172637e-234
SYCP3	5.9393939393939394	0.10865242828933425	0.018452063	1.0
IRF2	3.878787878787879	9.67482637323781e-208	0.075698875	1.0
LRPPRC	6.106060606060606	1.0	0.5064843	0.0
MAGI1	4.287878787878788	1.4852780113973228e-147	-0.0050643147	1.0
FANCD2	4.03030303030303	5.2929460164396896e-185	0.2956834	2.694570368631153e-88
CDK6	3.8333333333333335	1.2495185782783626e-214	0.0041007474	1.0
SIGLEC1	5.045454545454546	5.659481355966012e-54	-0.081685595	1.0
NR2F6	3.878787878787879	9.67482637323781e-208	0.112885654	1.0
DHX15	4.212121212121212	2.28090257442149e-158	0.5704464	0.0
EXOC1	5.909090909090909	0.03906974193032677	-0.16031802	1.0
PEX6	5.075757575757576	5.495762606430855e-51	-0.1965797	1.0
LATS2	5.0	1.3821620935970935e-58	0.6068934	0.0
SOX6	4.5	2.320495940381192e-118	0.6396185	0.0
MEF2A	3.727272727272727	8.661232710659125e-231	0.39172778	1.5742053404164086e-248
HR	4.287878787878788	1.4852780113973228e-147	0.6034222	0.0
DAG1	6.787878787878788	1.0	-0.18819657	1.0
CD300E	15.0	1.0	0.4360218	0.0
ZMYND11	3.787878787878788	1.5217783380568327e-221	0.46447724	0.0
MAST3	4.848484848484849	4.5854224261642e-75	0.30760804	1.1444966849740134e-105
DNMBP	4.7727272727272725	6.962344027357639e-84	0.26995355	6.24136140704139e-55
FOXM1	3.742424242424242	1.7943064372120767e-228	0.43012404	1.204957e-318
KIF3B	5.0	1.3821620935970935e-58	0.63209474	0.0
SLC9A2	4.181818181818182	9.63590226073286e-163	0.38450888	1.8396096140305846e-235
MAP3K13	4.515151515151516	2.3986497037817864e-116	-0.19213206	1.0
SERPINB13	6.742424242424242	1.0	0.5349871	0.0
CP	15.0	1.0	-0.18814765	1.0
GNA13	5.318181818181818	7.64416891530246e-30	0.5693053	0.0
PCBP2	4.424242424242424	1.3907764601371584e-128	0.5085271	0.0
ADAMTS4	8.015151515151516	1.0	-0.16995543	1.0
ZNF142	15.0	1.0	-0.077838324	1.0
SUCLG1	9.424242424242424	1.0	0.46218392	0.0
GUSB	4.590909090909091	1.9637076384770094e-106	0.593993	0.0
HMGCR	4.515151515151516	2.3986497037817864e-116	-0.19309156	1.0
RNF31	4.863636363636363	2.3944386296676495e-73	-0.20145802	1.0
MLLT1	5.090909090909091	1.6019351837119586e-49	0.30008227	1.4053680988951077e-94
S1PR4	5.409090909090909	2.812288621595938e-23	0.56749594	0.0
ORC2	5.2272727272727275	3.567716469429752e-37	0.20946403	3.030364510747888e-06
EZR	4.136363636363637	2.3580860918747585e-169	-0.21980572	1.0
C17orf70	10.727272727272727	1.0	-0.16951112	1.0
NYNRIN	6.196969696969697	1.0	0.66090125	0.0
EIF4A2	5.681818181818182	1.664947422503421e-08	0.54933333	0.0
SMARCB1	3.727272727272727	8.661232710659125e-231	0.5360347	0.0
HK2	5.878787878787879	0.011370719431532743	-0.16724224	1.0
SUSD1	5.075757575757576	5.495762606430855e-51	-0.14315437	1.0
SH3RF1	4.378787878787879	7.77867107031269e-135	0.21671969	1.6934627674397224e-09
PDZD4	6.196969696969697	1.0	-0.14219464	1.0
DROSHA	4.424242424242424	1.3907764601371584e-128	0.020828959	1.0
MEF2C	3.712121212121212	4.113335036416179e-233	-0.10436661	1.0
NAV1	6.287878787878788	1.0	0.11546457	1.0
CASR	4.348484848484849	4.8892849748765516e-139	0.6861461	0.0
KANSL1	5.212121212121212	1.8119808505712916e-38	0.60088325	0.0
GTF3C5	4.924242424242424	1.265707574008615e-66	0.55437106	0.0
ACO2	5.090909090909091	1.6019351837119586e-49	-0.15395078	1.0
MEF2D	4.015151515151516	2.9248875795462624e-187	0.48290887	0.0
SNAPC1	4.303030303030303	2.0612681446983352e-145	0.56142163	0.0
F8	9.121212121212121	1.0	0.25466886	2.714711755598128e-38
MLXIPL	6.121212121212121	1.0	0.55589354	0.0
CHTF18	4.863636363636363	2.3944386296676495e-73	-0.19106495	1.0
DIS3	6.2272727272727275	1.0	0.6726401	0.0
AGRN	5.242424242424242	6.647471978626986e-36	0.55495906	0.0
FNBP1	4.454545454545454	1.8308025417514746e-124	0.6089228	0.0
RBBP5	4.333333333333333	3.721508830056371e-141	0.6188415	0.0
FGFR4	5.621212121212121	3.982970927086116e-11	0.40977407	2.042803180456163e-281
PEA15	3.727272727272727	8.661232710659125e-231	0.26136717	2.9008458492729836e-45
PPP2CA	3.5303030303030303	4.289071394504821e-261	0.06557125	1.0
USP9Y	4.545454545454546	2.3923140793058067e-112	0.048802957	1.0
VPS18	7.712121212121212	1.0	0.5872888	0.0
PAX7	6.893939393939394	1.0	-0.02437958	1.0
PFKFB2	3.8181818181818183	6.290434548230126e-217	0.086217314	1.0
WFS1	6.2272727272727275	1.0	-0.17397262	1.0
LZTR1	5.196969696969697	8.770307777023999e-40	-0.15356208	1.0
FAM115A	5.106060606060606	4.4949480382805774e-48	-0.18820159	1.0
SCNN1A	5.106060606060606	4.4949480382805774e-48	0.5826966	0.0
GLB1	15.0	1.0	0.42978212	5.083713e-318
PFKP	5.2727272727272725	2.0333752743474065e-33	-0.1551758	1.0
PPL	4.393939393939394	9.660381979554807e-133	0.5212562	0.0
TRAF3IP2	4.257575757575758	7.504677503470952e-152	0.48184013	0.0
MSH5	7.166666666666667	1.0	-0.1663766	1.0
TEX11	4.924242424242424	1.265707574008615e-66	0.19552432	0.041344071373244445
ATP7A	7.666666666666667	1.0	-0.047802076	1.0
SLC26A6	7.848484848484849	1.0	-0.13698201	1.0
TRIM37	4.636363636363637	1.2663970208888846e-100	-0.02186099	1.0
PHC1	5.287878787878788	3.3122123718160204e-32	-0.2227778	1.0
CNTNAP3	6.196969696969697	1.0	0.055324953	1.0
ASPM	5.166666666666667	1.799159943379442e-42	0.49436915	0.0
SERPINE1	6.03030303030303	0.7263459392288968	-0.14127119	1.0
CKAP2	4.363636363636363	6.189853655707169e-137	-0.08865485	1.0
RTN3	6.742424242424242	1.0	0.4508233	0.0
FEN1	4.015151515151516	2.9248875795462624e-187	0.1073832	1.0
XPO5	4.787878787878788	4.3222045956551894e-82	0.57871157	0.0
PIK3AP1	4.606060606060606	1.737959073153401e-104	-0.1264592	1.0
ACTR1A	4.909090909090909	2.7919646467736866e-68	0.095696114	1.0
GLS2	4.909090909090909	2.7919646467736866e-68	0.61800075	0.0
RABGEF1	4.696969696969697	4.730191825147677e-93	0.5640004	0.0
AGK	5.0	1.3821620935970935e-58	0.6000006	0.0
RHOJ	3.6666666666666665	4.481469987237711e-240	0.27264813	3.974519114311105e-58
STRN3	4.909090909090909	2.7919646467736866e-68	0.6224672	0.0
FCHO1	4.287878787878788	1.4852780113973228e-147	-0.16369592	1.0
ZNRF3	6.196969696969697	1.0	-0.15907165	1.0
VPS33B	9.0	1.0	-0.09805221	1.0
CLCN5	4.9393939393939394	5.535048770797336e-65	0.6131528	0.0
EDEM1	7.378787878787879	1.0	-0.10908658	1.0
VLDLR	5.151515151515151	7.625974972303267e-44	0.6351661	0.0
CDC7	4.5606060606060606	2.3057357993651317e-110	0.34316248	9.298427189171431e-163
KCNH5	15.0	1.0	0.331115	1.1494320493713963e-142
GPRASP2	6.621212121212121	1.0	-0.18167591	1.0
NFRKB	4.46969696969697	2.040032193293724e-122	0.05088745	1.0
RIC8B	6.363636363636363	1.0	0.46069264	0.0
ELMO2	5.287878787878788	3.3122123718160204e-32	-0.13553862	1.0
NUP98	4.409090909090909	1.1709431526636087e-130	0.6309636	0.0
HLA-C	7.151515151515151	1.0	0.45432007	0.0
BID	3.9393939393939394	1.3168145906029157e-198	0.36563736	1.0157484638501997e-201
PARD3B	4.333333333333333	3.721508830056371e-141	-0.20071647	1.0
BRMS1	4.106060606060606	8.500160823487073e-174	-0.038930975	1.0
PLEKHG4	5.348484848484849	1.4467502508287116e-27	0.08593713	1.0
MYO5A	5.378787878787879	2.2421187423656065e-25	0.186284	0.7892509864405665
PLAUR	6.015151515151516	0.5905005552315811	0.49329364	0.0
GRM8	4.181818181818182	9.63590226073286e-163	0.6255579	0.0
ABL2	4.378787878787879	7.77867107031269e-135	0.59853977	0.0
USP18	5.166666666666667	1.799159943379442e-42	0.49522856	0.0
TAP1	8.712121212121213	1.0	-0.16949795	1.0
INSC	4.924242424242424	1.265707574008615e-66	0.567022	0.0
PLSCR1	4.46969696969697	2.040032193293724e-122	-0.2262127	1.0
GMEB2	4.075757575757576	2.898466868756153e-178	0.01887095	1.0
SUMO3	3.8181818181818183	6.290434548230126e-217	0.1595043	1.0
KLK10	5.045454545454546	5.659481355966012e-54	0.53814125	0.0
MPHOSPH10	15.0	1.0	0.33364487	7.865872224285053e-147
PPP1CC	3.787878787878788	1.5217783380568327e-221	-0.05949703	1.0
AEBP1	5.045454545454546	5.659481355966012e-54	0.6231502	0.0
TRHDE	15.0	1.0	0.408592	2.9615622052575356e-279
ZNF165	5.196969696969697	8.770307777023999e-40	0.5592398	0.0
GLYAT	5.0606060606060606	1.797670388943156e-52	0.56283134	0.0
GLE1	15.0	1.0	0.3006894	1.8557127060090593e-95
GGT7	15.0	1.0	0.4331632	0.0
CEP170	4.363636363636363	6.189853655707169e-137	0.66497016	0.0
FGD4	4.848484848484849	4.5854224261642e-75	-0.13419273	1.0
NUCB1	6.075757575757576	1.0	0.49042985	0.0
CCNK	5.075757575757576	5.495762606430855e-51	0.53081185	0.0
DHX16	5.348484848484849	1.4467502508287116e-27	-0.18499045	1.0
ALPP	15.0	1.0	0.31886736	5.583493031443155e-123
ATP6V1B1	5.5606060606060606	3.933561957910748e-14	0.58498955	0.0
NHLRC1	15.0	1.0	-0.006886938	1.0
AP1B1	4.696969696969697	4.730191825147677e-93	-0.21040058	1.0
UQCRFS1	7.909090909090909	1.0	0.33601493	9.290586937309312e-151
DAAM1	4.590909090909091	1.9637076384770094e-106	0.6113797	0.0
PPFIA1	4.515151515151516	2.3986497037817864e-116	0.007955516	1.0
TGIF1	3.5757575757575757	4.414577322077375e-254	0.5014449	0.0
PHACTR4	4.303030303030303	2.0612681446983352e-145	0.6217416	0.0
KPNA4	5.409090909090909	2.812288621595938e-23	0.5627982	0.0
DUSP3	3.893939393939394	1.8846682085548561e-205	0.47122866	0.0
SEC23B	7.5606060606060606	1.0	-0.15169059	1.0
APTX	4.909090909090909	2.7919646467736866e-68	0.12193444	1.0
ALCAM	4.4393939393939394	1.6126884793906135e-126	0.3287925	7.162056302662243e-139
GUCY2D	15.0	1.0	-0.20511228	1.0
CLCA1	4.954545454545454	2.339787434928052e-63	-0.17558375	1.0
EIF4ENIF1	5.303030303030303	5.157518393752423e-31	-0.21162657	1.0
BCAN	7.590909090909091	1.0	0.62244564	0.0
KLK6	7.803030303030303	1.0	0.47036427	0.0
PLOD3	5.318181818181818	7.64416891530246e-30	0.52526295	0.0
EIF4B	4.242424242424242	5.153875612728923e-154	-0.15081853	1.0
ESYT2	6.5	1.0	-0.16821943	1.0
PHIP	6.393939393939394	1.0	-0.1098067	1.0
VSIG4	10.151515151515152	1.0	0.4145374	3.984795730410966e-290
ARHGEF5	4.848484848484849	4.5854224261642e-75	0.66279954	0.0
CWC25	5.5	1.6274518014202265e-17	0.55890816	0.0
GABRR1	4.196969696969697	1.4895433699893624e-160	0.5732335	0.0
RASD2	3.8181818181818183	6.290434548230126e-217	0.33225197	1.5576274551319314e-144
PLXND1	7.196969696969697	1.0	0.21173099	3.522255336356742e-07
COG2	15.0	1.0	-0.14048341	1.0
DNAJC10	5.712121212121212	2.43404951276035e-07	0.5575526	0.0
SRSF11	5.181818181818182	4.0646540127585765e-41	0.550169	0.0
SPARC	6.242424242424242	1.0	0.030046102	1.0
SHROOM3	5.2727272727272725	2.0333752743474065e-33	0.18216652	1.0
ANAPC5	4.454545454545454	1.8308025417514746e-124	-0.13300067	1.0
ENC1	4.075757575757576	2.898466868756153e-178	0.5664794	0.0
ADD2	4.212121212121212	2.28090257442149e-158	0.42527333	8.9803255850283e-310
MIB1	4.621212121212121	1.49917227250215e-102	-0.19923759	1.0
ERCC6	4.53030303030303	2.4274693143251508e-114	0.6957561	0.0
DAPK2	4.318181818181818	2.7918664717826296e-143	0.49846983	0.0
GPATCH8	5.151515151515151	7.625974972303267e-44	0.67846787	0.0
CEACAM5	5.106060606060606	4.4949480382805774e-48	0.5719104	0.0
DIO2	5.590909090909091	1.3974580680846262e-12	0.42562914	2.0037084970235e-310
FASLG	4.106060606060606	8.500160823487073e-174	0.4390126	0.0
NTN3	6.333333333333333	1.0	-0.07184799	1.0
CHD1	4.2727272727272725	1.056112086203131e-149	-0.092238754	1.0
SMPD4	7.2272727272727275	1.0	-0.15817256	1.0
EMID2	4.53030303030303	2.4274693143251508e-114	0.5459277	0.0
JAKMIP1	4.257575757575758	7.504677503470952e-152	0.5914176	0.0
MYT1	4.318181818181818	2.7918664717826296e-143	0.5868586	0.0
SRSF4	5.0	1.3821620935970935e-58	0.59913915	0.0
EIF4G2	4.803030303030303	2.5916093890928528e-80	0.6449183	0.0
SKAP1	4.196969696969697	1.4895433699893624e-160	0.27193224	2.854127246106493e-57
ORC1	4.606060606060606	1.737959073153401e-104	0.6035894	0.0
PDZD3	6.863636363636363	1.0	0.4908679	0.0
DAPK1	4.621212121212121	1.49917227250215e-102	0.41192114	2.4245017386540528e-285
SPON1	5.545454545454546	6.0781751734860976e-15	-0.14285718	1.0
SLC9A3	5.863636363636363	0.005653383481306722	0.5779831	0.0
RABEP1	5.409090909090909	2.812288621595938e-23	0.6037596	0.0
REV1	5.121212121212121	1.2068095274004981e-46	5.249273e-06	1.0
NOX4	6.03030303030303	0.7263459392288968	0.52700114	0.0
AGAP1	5.454545454545454	2.703891876666768e-20	-0.18215644	1.0
ARHGAP1	4.090909090909091	4.996803001880512e-176	0.3813236	1.0148015972772534e-229
LRRC1	4.666666666666667	8.237161641457738e-97	0.5631795	0.0
POLH	4.7727272727272725	6.962344027357639e-84	0.6072513	0.0
RLIM	5.53030303030303	8.920550128250713e-16	0.4477962	0.0
TRPM2	6.515151515151516	1.0	-0.00969667	1.0
WIPF1	4.378787878787879	7.77867107031269e-135	-0.031822685	1.0
NLRP1	4.5	2.320495940381192e-118	0.68795276	0.0
CYB5R1	5.363636363636363	1.847101461835938e-26	0.44747943	0.0
GABRB1	4.5	2.320495940381192e-118	0.5288443	0.0
BRE	6.196969696969697	1.0	0.35537618	9.956948333051976e-184
SEMA3A	7.106060606060606	1.0	0.5449513	0.0
LRRC7	4.606060606060606	1.737959073153401e-104	0.35027248	6.688558574466019e-175
STON2	4.96969696969697	9.498709933095162e-62	0.64981693	0.0
NOS2	4.121212121212121	1.4224876522889679e-171	0.59353787	0.0
FRMD6	5.287878787878788	3.3122123718160204e-32	-0.110330015	1.0
FHOD1	4.833333333333333	8.451693755487221e-77	0.66277564	0.0
IRF7	3.984848484848485	8.694410217617934e-192	-0.034916826	1.0
PRRC2B	4.863636363636363	2.3944386296676495e-73	0.463736	0.0
USP2	4.9393939393939394	5.535048770797336e-65	0.6023097	0.0
MMP9	6.575757575757576	1.0	-0.22088686	1.0
IARS	4.0606060606060606	1.6578578839968477e-180	0.66716474	0.0
CRELD1	4.378787878787879	7.77867107031269e-135	0.5677687	0.0
EIF3B	5.7272727272727275	8.579595772540609e-07	-0.19396421	1.0
PPP1R9A	4.409090909090909	1.1709431526636087e-130	0.6159466	0.0
DDX54	3.909090909090909	3.667840828331614e-203	0.36064038	6.393784236781809e-193
COG1	15.0	1.0	0.46873462	0.0
DYRK2	5.2272727272727275	3.567716469429752e-37	0.5156965	0.0
PAX5	3.909090909090909	3.667840828331614e-203	0.032166295	1.0
SH2D3C	3.757575757575758	3.7009411193979e-226	-0.123673774	1.0
PKP3	5.196969696969697	8.770307777023999e-40	-0.17972371	1.0
SLC4A3	7.015151515151516	1.0	0.47942814	0.0
NUMBL	4.2272727272727275	3.468440810002327e-156	-0.09841045	1.0
SRP72	4.2272727272727275	3.468440810002327e-156	0.57088524	0.0
C6	11.151515151515152	1.0	-0.18876798	1.0
APPL2	4.606060606060606	1.737959073153401e-104	0.61519295	0.0
PROS1	8.121212121212121	1.0	0.5257159	0.0
EVI5L	6.53030303030303	1.0	-0.1554792	1.0
TJP3	6.015151515151516	0.5905005552315811	-0.19896917	1.0
ITCH	4.4393939393939394	1.6126884793906135e-126	-0.20476304	1.0
TOB1	3.6363636363636362	9.558788646000851e-245	0.51096225	0.0
SMO	15.0	1.0	0.46710336	0.0
CBLC	4.151515151515151	3.849589723230579e-167	0.51248497	0.0
LIMK2	4.590909090909091	1.9637076384770094e-106	0.61626244	0.0
ABLIM1	4.590909090909091	1.9637076384770094e-106	0.5705404	0.0
MGAM	4.621212121212121	1.49917227250215e-102	0.25205913	1.0153797090966154e-35
SENP3	4.121212121212121	1.4224876522889679e-171	-0.07108001	1.0
PTPN23	7.0	1.0	-0.05719917	1.0
GRIPAP1	3.8333333333333335	1.2495185782783626e-214	-0.14604639	1.0
PPP1R13L	3.8636363636363638	4.990437000413431e-210	0.38114843	2.097060861873323e-229
RPH3A	6.075757575757576	1.0	0.44841897	0.0
USP37	4.363636363636363	6.189853655707169e-137	0.63721627	0.0
CLTA	4.0606060606060606	1.6578578839968477e-180	0.20247182	0.0007964330549049056
SLC22A9	5.863636363636363	0.005653383481306722	0.5337535	0.0
ADCY5	4.4393939393939394	1.6126884793906135e-126	0.6829066	0.0
CAPNS1	5.878787878787879	0.011370719431532743	0.073804736	1.0
SPTBN2	4.893939393939394	5.918212061668534e-70	0.427701	3.256392401e-314
TFRC	8.424242424242424	1.0	-0.15776037	1.0
DCAF8	15.0	1.0	-0.09208217	1.0
NBR1	5.454545454545454	2.703891876666768e-20	0.5390461	0.0
SHMT1	4.303030303030303	2.0612681446983352e-145	0.5251295	0.0
CLK1	4.96969696969697	9.498709933095162e-62	0.57034945	0.0
SORBS3	3.772727272727273	7.597686340594044e-224	0.53498715	0.0
ABP1	5.636363636363637	1.960882398441318e-10	0.5522165	0.0
SLC4A1	6.848484848484849	1.0	0.5715265	0.0
SHPRH	5.045454545454546	5.659481355966012e-54	-0.08900332	1.0
CHD8	4.196969696969697	1.4895433699893624e-160	0.031832777	1.0
UBE3C	5.53030303030303	8.920550128250713e-16	0.6292649	0.0
TCOF1	4.136363636363637	2.3580860918747585e-169	0.6914687	0.0
CACHD1	7.287878787878788	1.0	0.04674117	1.0
TRPV2	9.333333333333334	1.0	-0.14108501	1.0
ANAPC1	5.515151515151516	1.237552061909311e-16	0.19926973	0.00595872669146372
NDUFS1	15.0	1.0	0.50782883	0.0
KIAA0240	8.287878787878787	1.0	0.11279668	1.0
MCAM	4.348484848484849	4.8892849748765516e-139	-0.09198126	1.0
ERP27	5.393939393939394	2.5866430052266783e-24	0.46291324	0.0
TBL3	5.212121212121212	1.8119808505712916e-38	-0.18240738	1.0
BAG6	5.212121212121212	1.8119808505712916e-38	0.23051485	9.70172177169036e-18
FGR	4.136363636363637	2.3580860918747585e-169	-0.04646715	1.0
FAM135B	4.484848484848484	2.2002490221096544e-120	0.6785534	0.0
ANKRD6	4.757575757575758	1.090042831805119e-85	-0.15123096	1.0
ABCD4	4.2727272727272725	1.056112086203131e-149	0.58781123	0.0
KIAA0913	4.878787878787879	1.210302589787204e-71	0.60569125	0.0
MECP2	4.2727272727272725	1.056112086203131e-149	-0.053560592	1.0
CTCF	3.878787878787879	9.67482637323781e-208	0.6293981	0.0
EBF1	4.242424242424242	5.153875612728923e-154	-0.13206676	1.0
SQSTM1	3.590909090909091	9.987841669980425e-252	-0.052936945	1.0
LSM14B	6.136363636363637	1.0	0.41338354	5.129579537037062e-288
CDC42BPG	4.606060606060606	1.737959073153401e-104	-0.022297151	1.0
MYO6	4.5606060606060606	2.3057357993651317e-110	0.023770235	1.0
SCNN1D	6.106060606060606	1.0	-0.17739058	1.0
F12	7.121212121212121	1.0	0.5365407	0.0
POLD1	4.848484848484849	4.5854224261642e-75	0.66748065	0.0
CLOCK	5.348484848484849	1.4467502508287116e-27	-0.1783322	1.0
DGCR14	7.621212121212121	1.0	-0.039422706	1.0
TMEM102	4.363636363636363	6.189853655707169e-137	0.5798976	0.0
CD93	6.651515151515151	1.0	0.6165019	0.0
FARP2	4.045454545454546	9.413247275261345e-183	0.59548265	0.0
SHC3	4.303030303030303	2.0612681446983352e-145	0.4686377	0.0
RUNX3	3.9696969696969697	4.645458642258488e-194	0.5138459	0.0
TRIM23	4.833333333333333	8.451693755487221e-77	0.5715069	0.0
SUZ12	5.303030303030303	5.157518393752423e-31	0.53321195	0.0
POP1	15.0	1.0	-0.22373249	1.0
TRIP10	3.696969696969697	1.9680734649659724e-235	0.4959103	0.0
DZANK1	6.196969696969697	1.0	-0.139114	1.0
PNN	5.015151515151516	4.965087209642441e-57	-0.17883296	1.0
ATXN7L1	15.0	1.0	0.33348522	1.4432603218190851e-146
DDX20	5.0	1.3821620935970935e-58	0.5836161	0.0
GRIN3B	5.287878787878788	3.3122123718160204e-32	-0.18091267	1.0
MATR3	4.7272727272727275	2.421712560332582e-89	-0.18901573	1.0
GBP3	5.833333333333333	0.0011874730962516493	-0.085709274	1.0
MMP8	8.530303030303031	1.0	0.46254194	0.0
RALA	4.909090909090909	2.7919646467736866e-68	0.1666411	1.0
RBM23	4.833333333333333	8.451693755487221e-77	0.5485732	0.0
EIF3C	5.863636363636363	0.005653383481306722	-0.21412204	1.0
ABI2	5.545454545454546	6.0781751734860976e-15	0.5130401	0.0
MUSK	15.0	1.0	-0.15961783	1.0
FBXW8	5.484848484848484	2.035332163566379e-18	0.5067848	0.0
SPINT1	8.621212121212121	1.0	-0.07064662	1.0
ARHGEF3	5.0606060606060606	1.797670388943156e-52	0.509381	0.0
PIK3CD	4.712121212121212	3.445049409216623e-91	-0.22207823	1.0
NGLY1	5.651515151515151	9.112849250268435e-10	-0.1255571	1.0
KLF8	5.181818181818182	4.0646540127585765e-41	0.57126594	0.0
GGA1	5.696969696969697	6.547083669482187e-08	0.53732383	0.0
NTN4	5.46969696969697	2.4090497997966194e-19	-0.09984029	1.0
PVRL3	5.181818181818182	4.0646540127585765e-41	0.5242131	0.0
PSG5	5.424242424242424	2.923156208519247e-22	0.4776602	0.0
HIP1	4.015151515151516	2.9248875795462624e-187	0.51161677	0.0
HEXDC	7.075757575757576	1.0	0.41220906	7.212227097236428e-286
UVRAG	8.0	1.0	-0.16270998	1.0
AP2A2	4.575757575757576	2.1596514624631015e-108	-0.20978291	1.0
CENPB	4.666666666666667	8.237161641457738e-97	0.58560556	0.0
SPINK5	15.0	1.0	0.35677105	3.72004337326797e-186
CDH8	4.196969696969697	1.4895433699893624e-160	0.6133564	0.0
LDLRAP1	4.9393939393939394	5.535048770797336e-65	0.102964394	1.0
KCNV1	15.0	1.0	-0.062123716	1.0
SPG21	6.393939393939394	1.0	0.38375247	4.264416250991954e-234
PPP5C	5.393939393939394	2.5866430052266783e-24	0.50425947	0.0
MCM4	4.606060606060606	1.737959073153401e-104	-0.19466673	1.0
GRM3	4.606060606060606	1.737959073153401e-104	0.63064504	0.0
MASP1	10.151515151515152	1.0	0.34917974	5.051196529067917e-173
SECISBP2	4.757575757575758	1.090042831805119e-85	0.5933687	0.0
ADAM17	5.181818181818182	4.0646540127585765e-41	-0.19834252	1.0
SPP1	5.333333333333333	1.077567019711722e-28	0.52135444	0.0
TXLNA	6.287878787878788	1.0	0.5620936	0.0
POLI	4.303030303030303	2.0612681446983352e-145	0.6195983	0.0
KLK13	8.303030303030303	1.0	0.43348375	0.0
TJP1	5.015151515151516	4.965087209642441e-57	-0.09429214	1.0
PICALM	4.212121212121212	2.28090257442149e-158	-0.16620071	1.0
DNM3	5.045454545454546	5.659481355966012e-54	-0.17530665	1.0
SMC1A	4.121212121212121	1.4224876522889679e-171	0.0013497404	1.0
KANK1	4.424242424242424	1.3907764601371584e-128	0.57349384	0.0
ITSN1	4.378787878787879	7.77867107031269e-135	-0.026522646	1.0
SHH	15.0	1.0	0.27122152	1.9984265675806223e-56
CCDC89	5.757575757575758	8.96438933889546e-06	0.3792718	4.971726057784235e-226
CDH4	5.045454545454546	5.659481355966012e-54	0.6198591	0.0
GJA1	3.742424242424242	1.7943064372120767e-228	0.08669382	1.0
DDN	6.757575757575758	1.0	0.32239825	1.431217733407872e-128
FZD8	11.712121212121213	1.0	-0.13879907	1.0
CEBPD	3.9393939393939394	1.3168145906029157e-198	0.3201544	5.224548794476201e-125
NUPL2	15.0	1.0	0.3959888	2.8606707456660995e-256
MAP1S	6.803030303030303	1.0	0.33990148	2.9466868627147705e-157
RGL1	4.333333333333333	3.721508830056371e-141	0.61748993	0.0
POGZ	4.424242424242424	1.3907764601371584e-128	0.6687276	0.0
RNF111	3.984848484848485	8.694410217617934e-192	-0.17837065	1.0
REPS2	4.287878787878788	1.4852780113973228e-147	0.4147183	1.8627201139625925e-290
PTPN7	3.9242424242424243	6.899921184262694e-201	0.49527532	0.0
TUBB1	15.0	1.0	0.25797662	1.1373231482823476e-41
INHBA	6.242424242424242	1.0	0.51905566	0.0
RBM5	5.045454545454546	5.659481355966012e-54	-0.1487923	1.0
MAP3K9	5.378787878787879	2.2421187423656065e-25	0.11248446	1.0
ZNF276	5.015151515151516	4.965087209642441e-57	0.54096156	0.0
FLAD1	5.833333333333333	0.0011874730962516493	0.32728493	2.0080548223656804e-136
DYRK1A	3.757575757575758	3.7009411193979e-226	0.49525735	0.0
HNRPLL	5.742424242424242	2.8558071390704282e-06	0.51616997	0.0
MTTP	6.575757575757576	1.0	0.53210753	0.0
ANGPT1	5.333333333333333	1.077567019711722e-28	0.54262066	0.0
FAM48A	4.121212121212121	1.4224876522889679e-171	-0.10946323	1.0
SNX2	4.2727272727272725	1.056112086203131e-149	-0.120782025	1.0
EGR4	4.7727272727272725	6.962344027357639e-84	-0.08117632	1.0
AKAP8L	5.151515151515151	7.625974972303267e-44	0.5455865	0.0
SRPK2	5.136363636363637	3.116249927713834e-45	0.5837944	0.0
VCP	5.257575757575758	1.1911514938980334e-34	0.3977564	1.7415728503155558e-259
CUL5	3.9393939393939394	1.3168145906029157e-198	-0.21221086	1.0
NOVA1	5.742424242424242	2.8558071390704282e-06	0.01812257	1.0
KCNAB1	5.833333333333333	0.0011874730962516493	0.519121	0.0
ITGB6	5.924242424242424	0.06681571323853634	0.6055508	0.0
PCSK4	7.53030303030303	1.0	-0.15345612	1.0
LSP1	4.5	2.320495940381192e-118	0.49519372	0.0
SGSM3	4.575757575757576	2.1596514624631015e-108	-0.15552889	1.0
HIRA	5.893939393939394	0.021657682436614336	-0.20573716	1.0
PACSIN1	4.757575757575758	1.090042831805119e-85	-0.10889944	1.0
ACAP3	6.212121212121212	1.0	-0.17611004	1.0
CASP7	3.6666666666666665	4.481469987237711e-240	0.12685007	1.0
LILRB1	6.787878787878788	1.0	0.4099798	8.596729051036244e-282
POLR3A	15.0	1.0	0.618657	0.0
XPNPEP1	4.590909090909091	1.9637076384770094e-106	-0.10507682	1.0
C14orf119	5.9393939393939394	0.10865242828933425	0.09186674	1.0
HLA-A	7.166666666666667	1.0	0.3956688	1.0906610978361771e-255
PLCD3	4.803030303030303	2.5916093890928528e-80	-0.14649437	1.0
MFN1	5.621212121212121	3.982970927086116e-11	-0.15059757	1.0
TINF2	5.318181818181818	7.64416891530246e-30	0.47371912	0.0
KCTD3	7.878787878787879	1.0	-0.16273955	1.0
NAP1L1	3.803030303030303	3.15269927984589e-219	0.14630122	1.0
TMPRSS6	6.575757575757576	1.0	0.6382055	0.0
GSPT2	5.712121212121212	2.43404951276035e-07	-0.14458379	1.0
EPN2	4.0606060606060606	1.6578578839968477e-180	0.56779546	0.0
ADAP1	3.9545454545454546	2.497113161143616e-196	0.53680867	0.0
MBD5	6.181818181818182	1.0	-0.02941368	1.0
TGS1	4.166666666666667	6.137148820145575e-165	0.37955615	1.5328042555137298e-226
DNTTIP2	3.9242424242424243	6.899921184262694e-201	0.42267	5.215505060212209e-305
CCBL2	7.545454545454546	1.0	0.32981274	1.5550478529711245e-140
NFATC1	3.8181818181818183	6.290434548230126e-217	0.27199858	2.3788931288398337e-57
KCNA5	4.2272727272727275	3.468440810002327e-156	-0.09484635	1.0
MCOLN1	5.454545454545454	2.703891876666768e-20	-0.10087187	1.0
PSG3	4.636363636363637	1.2663970208888846e-100	0.48527196	0.0
SRGAP2	4.363636363636363	6.189853655707169e-137	0.59941936	0.0
NPM1	3.712121212121212	4.113335036416179e-233	0.09497937	1.0
MARCH5	7.378787878787879	1.0	0.41877174	7.140401950792927e-298
DDX17	4.257575757575758	7.504677503470952e-152	0.37156424	3.0726057900785183e-212
CTNNAL1	4.651515151515151	1.037003425140186e-98	-0.14533901	1.0
RPA1	4.575757575757576	2.1596514624631015e-108	-0.22884789	1.0
EEA1	5.5	1.6274518014202265e-17	0.5370442	0.0
MSN	4.984848484848484	3.703611499304987e-60	0.5740135	0.0
MADCAM1	5.121212121212121	1.2068095274004981e-46	0.5367514	0.0
SKIV2L	6.166666666666667	1.0	0.6642406	0.0
CD177	4.878787878787879	1.210302589787204e-71	0.55538815	0.0
COL10A1	6.742424242424242	1.0	-0.1400177	1.0
SART3	5.257575757575758	1.1911514938980334e-34	0.6320882	0.0
PRKAG2	15.0	1.0	0.3799589	2.8924820833987947e-227
NKAP	5.515151515151516	1.237552061909311e-16	0.4476176	0.0
GPD2	15.0	1.0	-0.14051746	1.0
EIF4G1	4.803030303030303	2.5916093890928528e-80	-0.13160133	1.0
HNRNPU	3.9696969696969697	4.645458642258488e-194	-0.16895752	1.0
HMGB2	3.9242424242424243	6.899921184262694e-201	0.20753016	1.6636746833050912e-05
DAZ1	15.0	1.0	-0.17651336	1.0
TBX2	5.409090909090909	2.812288621595938e-23	-0.14713323	1.0
RASA4	15.0	1.0	-0.17536731	1.0
WNK2	5.151515151515151	7.625974972303267e-44	0.11931121	1.0
LRCH4	6.575757575757576	1.0	-0.13181582	1.0
ACTN4	4.575757575757576	2.1596514624631015e-108	-0.22227947	1.0
SF3B2	4.03030303030303	5.2929460164396896e-185	0.6162812	0.0
ADAM9	5.484848484848484	2.035332163566379e-18	0.570119	0.0
DUSP1	3.909090909090909	3.667840828331614e-203	0.16793132	1.0
CPLX2	7.803030303030303	1.0	0.4467178	0.0
TENC1	4.818181818181818	1.5059610191706582e-78	0.47898263	0.0
NAP1L4	3.9242424242424243	6.899921184262694e-201	0.5449174	0.0
TSHR	5.409090909090909	2.812288621595938e-23	-0.21460254	1.0
IQUB	5.4393939393939394	2.881456053844129e-21	0.5359302	0.0
ZFYVE20	6.181818181818182	1.0	-0.19271614	1.0
HADHB	5.348484848484849	1.4467502508287116e-27	0.50264114	0.0
CD209	6.015151515151516	0.5905005552315811	0.4550967	0.0
NID2	6.7727272727272725	1.0	-0.00606348	1.0
EDIL3	6.045454545454546	0.8578473876992072	0.55448484	0.0
CTPS2	7.393939393939394	1.0	-0.10495501	1.0
HSPH1	3.9242424242424243	6.899921184262694e-201	0.66684526	0.0
SOX7	4.7272727272727275	2.421712560332582e-89	0.5155286	0.0
PANX1	15.0	1.0	-0.009080359	1.0
MPP4	6.681818181818182	1.0	-0.10043569	1.0
HBP1	4.212121212121212	2.28090257442149e-158	0.01286916	1.0
PZP	7.348484848484849	1.0	0.69064635	0.0
RRP1B	7.0606060606060606	1.0	-0.1600358	1.0
KCNJ15	5.696969696969697	6.547083669482187e-08	0.4910902	0.0
COLQ	15.0	1.0	-0.032519113	1.0
APLP1	4.515151515151516	2.3986497037817864e-116	0.5829632	0.0
PODXL	5.9393939393939394	0.10865242828933425	0.50124645	0.0
NMT1	4.257575757575758	7.504677503470952e-152	-0.11287022	1.0
TAB1	4.136363636363637	2.3580860918747585e-169	-0.04852664	1.0
FEM1A	5.242424242424242	6.647471978626986e-36	-0.12466104	1.0
AMOTL2	5.196969696969697	8.770307777023999e-40	-0.2094275	1.0
ZBED1	8.181818181818182	1.0	-0.13779736	1.0
GTF2IRD1	4.075757575757576	2.898466868756153e-178	0.25948936	2.940475908853258e-43
CHRM3	5.484848484848484	2.035332163566379e-18	0.53345793	0.0
GALNT5	8.06060606060606	1.0	0.5283985	0.0
CAND1	4.681818181818182	6.333737555295499e-95	0.70105743	0.0
UBA52	3.772727272727273	7.597686340594044e-224	0.2707466	7.2920926373049835e-56
TEKT4	5.5606060606060606	3.933561957910748e-14	0.44908017	0.0
CKAP5	4.590909090909091	1.9637076384770094e-106	0.19676551	0.02289914918938756
USP13	5.7727272727272725	2.661357851109339e-05	-0.20153475	1.0
DDI1	5.196969696969697	8.770307777023999e-40	0.50958085	0.0
PPM1A	3.803030303030303	3.15269927984589e-219	-0.06550114	1.0
KIF15	4.333333333333333	3.721508830056371e-141	0.70578384	0.0
ARHGEF15	3.984848484848485	8.694410217617934e-192	-0.19091403	1.0
PDE3B	3.893939393939394	1.8846682085548561e-205	0.20585296	6.580302076132397e-05
ZYG11B	6.484848484848484	1.0	0.4487054	0.0
RNF4	3.9545454545454546	2.497113161143616e-196	0.51926905	0.0
ITGA9	4.454545454545454	1.8308025417514746e-124	-0.21223964	1.0
KCNG1	15.0	1.0	-0.0351099	1.0
SLC15A2	7.848484848484849	1.0	0.5912226	0.0
SMARCD1	3.787878787878788	1.5217783380568327e-221	0.50199187	0.0
SNTB2	5.575757575757576	2.407667682078258e-13	-0.09712433	1.0
DOT1L	6.075757575757576	1.0	-0.05848421	1.0
AGFG1	5.03030303030303	1.7150705756327545e-55	0.5731023	0.0
MBTPS2	5.7727272727272725	2.661357851109339e-05	-0.07423395	1.0
TLE4	4.575757575757576	2.1596514624631015e-108	-0.17641738	1.0
MALT1	4.46969696969697	2.040032193293724e-122	0.6167168	0.0
CDC40	3.984848484848485	8.694410217617934e-192	0.4896821	0.0
NKD1	5.424242424242424	2.923156208519247e-22	0.45955014	0.0
H2AFZ	15.0	1.0	0.10433924	1.0
BHLHB9	5.151515151515151	7.625974972303267e-44	0.56842726	0.0
TLR4	5.03030303030303	1.7150705756327545e-55	0.50352395	0.0
TRADD	4.545454545454546	2.3923140793058067e-112	0.33496273	5.195773545043336e-149
DTL	5.7727272727272725	2.661357851109339e-05	-0.15120712	1.0
MPL	4.621212121212121	1.49917227250215e-102	-0.12791008	1.0
SUCLA2	8.212121212121213	1.0	-0.050134342	1.0
SLU7	5.5	1.6274518014202265e-17	0.5027973	0.0
LEMD3	3.878787878787879	9.67482637323781e-208	0.28675658	4.913214302391143e-76
FCGR2A	4.484848484848484	2.2002490221096544e-120	0.25624594	6.91190847941491e-40
AP5Z1	5.4393939393939394	2.881456053844129e-21	0.5375631	0.0
NSUN4	5.121212121212121	1.2068095274004981e-46	0.46961856	0.0
ZNF587	4.757575757575758	1.090042831805119e-85	0.5160249	0.0
MUS81	15.0	1.0	0.14042851	1.0
FMOD	6.7727272727272725	1.0	0.47743073	0.0
ZNF24	4.333333333333333	3.721508830056371e-141	0.39812875	3.659862160720928e-260
R3HDM2	5.151515151515151	7.625974972303267e-44	-0.15911004	1.0
DTX3L	5.136363636363637	3.116249927713834e-45	-0.17769958	1.0
TCEB1	6.507692307692308	1.0	0.36553752	1.5247550895303955e-201
SIT1	4.515151515151516	2.3986497037817864e-116	0.37926596	5.091232332299563e-226
MRE11A	4.257575757575758	7.504677503470952e-152	-0.18395686	1.0
HDAC7	4.2727272727272725	1.056112086203131e-149	0.16932786	1.0
TLR5	5.606060606060606	7.6746572533737e-12	0.6128769	0.0
SH3KBP1	4.2727272727272725	1.056112086203131e-149	0.081212945	1.0
EPC1	5.2272727272727275	3.567716469429752e-37	-0.17466807	1.0
DSC3	4.196969696969697	1.4895433699893624e-160	-0.17585278	1.0
APMAP	15.0	1.0	-0.016375916	1.0
NLGN3	5.621212121212121	3.982970927086116e-11	-0.18772107	1.0
ANLN	6.757575757575758	1.0	0.07392255	1.0
RBBP6	5.015151515151516	4.965087209642441e-57	0.49542826	0.0
COL9A3	7.409090909090909	1.0	-0.14577855	1.0
PCIF1	5.015151515151516	4.965087209642441e-57	0.5247475	0.0
ABTB2	5.287878787878788	3.3122123718160204e-32	0.625888	0.0
SRRT	4.318181818181818	2.7918664717826296e-143	0.6219739	0.0
RASA3	4.545454545454546	2.3923140793058067e-112	-0.16842492	1.0
ITGAM	5.5606060606060606	3.933561957910748e-14	0.35204253	5.954004105021751e-178
PPM1D	3.9393939393939394	1.3168145906029157e-198	-0.14131932	1.0
GRID2	6.212121212121212	1.0	0.618767	0.0
TAF5	4.893939393939394	5.918212061668534e-70	0.5813818	0.0
PFKM	6.53030303030303	1.0	0.35590467	1.2001523170782927e-184
CATSPER1	5.242424242424242	6.647471978626986e-36	0.61916745	0.0
BCL2A1	4.5	2.320495940381192e-118	0.4501152	0.0
KLHL2	7.4393939393939394	1.0	-0.050745953	1.0
GALNT14	15.0	1.0	-0.08681095	1.0
CTLA4	4.393939393939394	9.660381979554807e-133	0.28516552	6.372831316175132e-74
CDK13	5.424242424242424	2.923156208519247e-22	0.6498474	0.0
SLIT3	6.045454545454546	0.8578473876992072	0.66021365	0.0
MRAS	4.2727272727272725	1.056112086203131e-149	0.42625254	1.452153757139e-311
ALPL	4.96969696969697	9.498709933095162e-62	0.5655348	0.0
IMMT	4.393939393939394	9.660381979554807e-133	-0.05318314	1.0
IGSF1	5.333333333333333	1.077567019711722e-28	0.6985775	0.0
PTPRK	4.030769230769231	6.203039475121663e-185	-0.048773702	1.0
CTSB	7.545454545454546	1.0	0.26214504	4.1750291984356495e-46
ORC4	5.348484848484849	1.4467502508287116e-27	0.5480925	0.0
PPAP2C	5.2272727272727275	3.567716469429752e-37	0.46167597	0.0
ACLY	4.151515151515151	3.849589723230579e-167	0.65957844	0.0
NARF	5.136363636363637	3.116249927713834e-45	0.42986268	3.623596e-318
FBXO9	5.863636363636363	0.005653383481306722	0.40039396	2.740184016239453e-264
ADAM33	5.409090909090909	2.812288621595938e-23	0.53241396	0.0
CFTR	5.257575757575758	1.1911514938980334e-34	0.64213467	0.0
MAML2	4.818181818181818	1.5059610191706582e-78	0.61221015	0.0
PEPD	5.151515151515151	7.625974972303267e-44	0.5084527	0.0
SYNM	7.2272727272727275	1.0	-0.061927825	1.0
HMGA2	3.772727272727273	7.597686340594044e-224	0.37859285	8.239686158616696e-225
INPP4A	4.075757575757576	2.898466868756153e-178	0.24605745	4.0786247767361074e-30
GAK	3.772727272727273	7.597686340594044e-224	0.46451935	0.0
EPHA1	4.681818181818182	6.333737555295499e-95	0.58759016	0.0
CCDC47	6.287878787878788	1.0	0.41689247	1.9576092725485792e-294
CD1D	6.5	1.0	0.3239957	4.0048130440566e-131
STIM2	5.424242424242424	2.923156208519247e-22	-0.14890051	1.0
CASP8AP2	4.333333333333333	3.721508830056371e-141	0.19541802	0.043389745287717094
ITGA1	6.03030303030303	0.7263459392288968	0.56907296	0.0
PARP10	4.2727272727272725	1.056112086203131e-149	0.5941443	0.0
STXBP1	5.515151515151516	1.237552061909311e-16	-0.12632039	1.0
RTN4IP1	5.893939393939394	0.021657682436614336	0.45153147	0.0
IL33	5.2272727272727275	3.567716469429752e-37	0.47821963	0.0
CUL3	4.348484848484849	4.8892849748765516e-139	0.66268677	0.0
MFN2	8.378787878787879	1.0	-0.1638243	1.0
COPA	5.409090909090909	2.812288621595938e-23	0.5294222	0.0
ODF2L	6.242424242424242	1.0	-0.11996867	1.0
SLC9A1	3.878787878787879	9.67482637323781e-208	0.6108701	0.0
USP54	4.878787878787879	1.210302589787204e-71	-0.05880251	1.0
NELL2	5.242424242424242	6.647471978626986e-36	0.33388096	3.201815618994357e-147
KCNQ4	5.803030303030303	0.00019878369230689233	-0.123317644	1.0
BNC2	4.393939393939394	9.660381979554807e-133	0.16833237	1.0
SLC15A1	7.863636363636363	1.0	-0.14435261	1.0
KRT2	11.030303030303031	1.0	0.50714755	0.0
SLC4A7	4.287878787878788	1.4852780113973228e-147	0.5666589	0.0
CRNKL1	4.2272727272727275	3.468440810002327e-156	-0.17632712	1.0
TAX1BP1	4.46969696969697	2.040032193293724e-122	0.40642613	2.6849016215954643e-275
CHRM5	5.909090909090909	0.03906974193032677	0.42390954	2.815962660924907e-307
PPP1R12C	5.151515151515151	7.625974972303267e-44	-0.1787626	1.0
PLAA	4.848484848484849	4.5854224261642e-75	-0.18059295	1.0
ZNF263	6.393939393939394	1.0	-0.14240898	1.0
AP1G2	6.318181818181818	1.0	0.48176616	0.0
BRIP1	4.181818181818182	9.63590226073286e-163	0.66314334	0.0
MOK	4.181818181818182	9.63590226073286e-163	0.58970356	0.0
MAGI3	5.712121212121212	2.43404951276035e-07	0.6681711	0.0
CAPN3	6.151515151515151	1.0	0.4566519	0.0
CNOT10	9.424242424242424	1.0	-0.15891139	1.0
TLR3	5.0	1.3821620935970935e-58	-0.19531254	1.0
VIPAS39	10.0	1.0	-0.029530415	1.0
RGPD5	4.818181818181818	1.5059610191706582e-78	0.6348477	0.0
EIF3L	5.924242424242424	0.06681571323853634	0.42949003	1.7374624e-317
NUP133	5.409090909090909	2.812288621595938e-23	0.08046185	1.0
HMMR	4.090909090909091	4.996803001880512e-176	-0.16605262	1.0
HOXB7	3.909090909090909	3.667840828331614e-203	0.27233362	9.469869992340184e-58
FAM188A	8.5	1.0	0.34019172	9.590557976733157e-158
MINK1	4.136363636363637	2.3580860918747585e-169	0.013739173	1.0
SLC2A3	6.803030303030303	1.0	0.5532236	0.0
TNFRSF21	5.545454545454546	6.0781751734860976e-15	-0.12780564	1.0
CDH5	4.166666666666667	6.137148820145575e-165	0.2150591	1.0973237846185664e-08
INPP5E	4.363636363636363	6.189853655707169e-137	0.55459404	0.0
LACRT	6.393939393939394	1.0	0.4802001	0.0
GRID1	6.015151515151516	0.5905005552315811	0.60021055	0.0
TK1	3.8484848484848486	2.5389712526985893e-212	0.17727841	1.0
EIF2AK4	4.045454545454546	9.413247275261345e-183	0.38815573	4.690788228317799e-242
RAD54L2	3.878787878787879	9.67482637323781e-208	0.015179253	1.0
RAB22A	5.5	1.6274518014202265e-17	0.26250485	1.6939669516917767e-46
PLCB1	4.2727272727272725	1.056112086203131e-149	0.048918847	1.0
UBLCP1	5.909090909090909	0.03906974193032677	0.43387312	0.0
NBPF3	7.636363636363637	1.0	0.41152158	1.3054874769124612e-284
AP2B1	5.196969696969697	8.770307777023999e-40	0.268432	3.6810036234501166e-53
ZNF655	5.515151515151516	1.237552061909311e-16	0.43193197	6.03e-322
TBL1XR1	4.5	2.320495940381192e-118	0.6106876	0.0
PLAGL1	3.8333333333333335	1.2495185782783626e-214	0.037702184	1.0
CHRM2	6.681818181818182	1.0	0.41825923	6.177307530265867e-297
C2orf44	8.090909090909092	1.0	-0.14244023	1.0
VARS	4.924242424242424	1.265707574008615e-66	0.037839606	1.0
ZNF295	4.363636363636363	6.189853655707169e-137	0.6609843	0.0
TFR2	7.53030303030303	1.0	-0.17221455	1.0
CHRNA5	7.878787878787879	1.0	-0.05212827	1.0
NEFL	3.757575757575758	3.7009411193979e-226	-0.11195827	1.0
ERF	3.893939393939394	1.8846682085548561e-205	-0.053117435	1.0
IKZF1	4.03030303030303	5.2929460164396896e-185	0.4157694	2.227158537776096e-292
CEL	11.045454545454545	1.0	-0.15477812	1.0
AP4B1	5.151515151515151	7.625974972303267e-44	0.64453804	0.0
SPTLC2	7.196969696969697	1.0	-0.09155871	1.0
GRIN3A	4.757575757575758	1.090042831805119e-85	-0.19838043	1.0
KCNV2	15.0	1.0	0.50886726	0.0
AP4E1	5.53030303030303	8.920550128250713e-16	0.46397346	0.0
BEND2	5.151515151515151	7.625974972303267e-44	0.5603662	0.0
KCNJ3	7.303030303030303	1.0	0.3981609	3.200772136017683e-260
RBPMS	4.424242424242424	1.3907764601371584e-128	0.042455412	1.0
HUNK	6.409090909090909	1.0	-0.14753596	1.0
ATG16L1	9.909090909090908	1.0	-0.09906001	1.0
SOHLH2	5.984848484848484	0.3459152735646521	0.5275609	0.0
DLD	6.46969696969697	1.0	0.35082445	7.504289373956505e-176
TRIM3	4.484848484848484	2.2002490221096544e-120	0.59106743	0.0
SLC22A6	6.2727272727272725	1.0	0.5362194	0.0
UTP14A	4.242424242424242	5.153875612728923e-154	0.018504327	1.0
WAC	5.166666666666667	1.799159943379442e-42	0.58091533	0.0
BIRC3	4.318181818181818	2.7918664717826296e-143	0.6050399	0.0
MED23	6.742424242424242	1.0	-0.21407235	1.0
SCG2	5.409090909090909	2.812288621595938e-23	0.568113	0.0
ESRRA	3.9545454545454546	2.497113161143616e-196	-0.03172576	1.0
CHN1	4.2727272727272725	1.056112086203131e-149	0.54522765	0.0
ARCN1	6.348484848484849	1.0	0.3738464	2.6080712923622262e-216
ADAM12	4.181818181818182	9.63590226073286e-163	0.30437645	7.429791392916374e-101
TGFB2	6.7727272727272725	1.0	0.523365	0.0
EEF2	3.787878787878788	1.5217783380568327e-221	-0.20584124	1.0
CCKAR	5.863636363636363	0.005653383481306722	0.35973495	2.4674025794461444e-191
NCBP1	5.575757575757576	2.407667682078258e-13	-0.20702952	1.0
QARS	6.242424242424242	1.0	-0.1766406	1.0
PI4KB	4.181818181818182	9.63590226073286e-163	0.48385417	0.0
RNF220	5.409090909090909	2.812288621595938e-23	0.46451703	0.0
GALNT12	15.0	1.0	-0.09861957	1.0
HECTD1	4.363636363636363	6.189853655707169e-137	0.030484246	1.0
DTX1	4.803030303030303	2.5916093890928528e-80	0.59736514	0.0
CACNA1D	7.196969696969697	1.0	0.6523886	0.0
GLP2R	5.045454545454546	5.659481355966012e-54	0.4740448	0.0
KCNQ1	5.424242424242424	2.923156208519247e-22	-0.15136851	1.0
RPS27A	3.8333333333333335	1.2495185782783626e-214	0.41471082	1.921443268974987e-290
XIAP	3.8333333333333335	1.2495185782783626e-214	0.28241414	2.5399589242541727e-70
KCNC1	15.0	1.0	0.31885114	5.9172318703423913e-123
AHCYL1	5.575757575757576	2.407667682078258e-13	0.50472003	0.0
NDUFA7	7.984848484848484	1.0	0.30971092	7.748594668938212e-109
ESRRG	4.454545454545454	1.8308025417514746e-124	-0.107956775	1.0
DDX21	4.363636363636363	6.189853655707169e-137	-0.13373291	1.0
SLC17A1	7.848484848484849	1.0	0.50837106	0.0
PITPNM2	5.7727272727272725	2.661357851109339e-05	0.48923874	0.0
EML3	4.363636363636363	6.189853655707169e-137	0.30886737	1.4603532829787884e-107
KIAA0907	5.696969696969697	6.547083669482187e-08	0.462165	0.0
CALM1	4.045454545454546	9.413247275261345e-183	-0.17099446	1.0
VASP	4.363636363636363	6.189853655707169e-137	-0.13074957	1.0
POLDIP3	5.651515151515151	9.112849250268435e-10	0.37762535	4.4799046658994884e-223
GPR77	10.151515151515152	1.0	0.4585207	0.0
GTF3C4	4.893939393939394	5.918212061668534e-70	-0.20268208	1.0
NEK1	4.621212121212121	1.49917227250215e-102	0.031561762	1.0
FRMD5	6.46969696969697	1.0	-0.09264934	1.0
CYP11B1	7.348484848484849	1.0	-0.03609084	1.0
TRPM6	5.287878787878788	3.3122123718160204e-32	0.17503771	1.0
PHEX	7.53030303030303	1.0	-0.15457892	1.0
DAZ3	15.0	1.0	-0.030999303	1.0
PALB2	4.712121212121212	3.445049409216623e-91	0.6474801	0.0
FMNL1	4.015151515151516	2.9248875795462624e-187	0.60720867	0.0
KPNA6	3.772727272727273	7.597686340594044e-224	-0.10314817	1.0
TKT	6.212121212121212	1.0	-0.11165173	1.0
ABCD3	10.166666666666666	1.0	0.5086274	0.0
NLN	7.96969696969697	1.0	-0.14134613	1.0
FBXO3	5.863636363636363	0.005653383481306722	0.41272557	8.203357275710629e-287
ZNF473	11.242424242424242	1.0	0.30976436	6.432256201951292e-109
DMWD	8.257575757575758	1.0	-0.12649532	1.0
FNBP1L	5.121212121212121	1.2068095274004981e-46	0.5463988	0.0
PPP1R9B	4.863636363636363	2.3944386296676495e-73	-0.21687745	1.0
CTNNBL1	5.787878787878788	7.476737059261286e-05	-0.10247927	1.0
CDK11A	4.303030303030303	2.0612681446983352e-145	-0.19460133	1.0
KIAA1009	5.787878787878788	7.476737059261286e-05	0.44221646	0.0
ARMCX2	4.696969696969697	4.730191825147677e-93	-0.09668283	1.0
GPRIN2	4.984848484848484	3.703611499304987e-60	0.5330729	0.0
ZNF408	5.333333333333333	1.077567019711722e-28	-0.19053318	1.0
MAF	4.03030303030303	5.2929460164396896e-185	0.47231856	0.0
DHX58	6.196969696969697	1.0	-0.13676327	1.0
SEZ6	4.96969696969697	9.498709933095162e-62	0.6377201	0.0
BCAS2	3.984848484848485	8.694410217617934e-192	0.5205998	0.0
ZNF219	5.924242424242424	0.06681571323853634	-0.13907681	1.0
KDM1A	4.666666666666667	8.237161641457738e-97	-0.19019069	1.0
TFB1M	15.0	1.0	0.07700395	1.0
ZFAND2B	5.651515151515151	9.112849250268435e-10	0.45342043	0.0
LIN7C	5.454545454545454	2.703891876666768e-20	0.20251904	0.000771254141116062
MGMT	3.6818181818181817	9.250608637383135e-238	0.34919745	4.711324202932244e-173
P2RX7	15.0	1.0	-0.0960735	1.0
LUM	7.318181818181818	1.0	0.37779105	2.2621066036985436e-223
NCKIPSD	4.575757575757576	2.1596514624631015e-108	0.39522228	7.075478832989051e-255
ADCK3	7.333333333333333	1.0	-0.12606329	1.0
UNC13B	6.378787878787879	1.0	0.53096914	0.0
POLL	4.5	2.320495940381192e-118	0.5625551	0.0
NR1I3	4.303030303030303	2.0612681446983352e-145	0.466351	0.0
MCM8	5.515151515151516	1.237552061909311e-16	-0.17572507	1.0
KIAA0232	7.393939393939394	1.0	-0.019566586	1.0
GCFC2	5.151515151515151	7.625974972303267e-44	0.54845566	0.0
PNRC2	3.8333333333333335	1.2495185782783626e-214	0.23850638	1.039895813291087e-23
RNGTT	5.681818181818182	1.664947422503421e-08	-0.110009715	1.0
FAM208A	6.287878787878788	1.0	0.6851295	0.0
G6PD	5.090909090909091	1.6019351837119586e-49	0.44091457	0.0
CISH	4.2727272727272725	1.056112086203131e-149	0.1865885	0.7442848055447319
ABCD1	10.166666666666666	1.0	-0.17470463	1.0
NR6A1	6.136363636363637	1.0	-0.05261569	1.0
UBE3A	5.0606060606060606	1.797670388943156e-52	-0.01719431	1.0
ACTR8	5.757575757575758	8.96438933889546e-06	0.4079649	4.147693679295557e-278
INTS10	4.378787878787879	7.77867107031269e-135	-0.112309724	1.0
CDC16	4.787878787878788	4.3222045956551894e-82	0.53286743	0.0
SNX27	6.818181818181818	1.0	0.36134902	3.6545812894995786e-194
CHD6	4.787878787878788	4.3222045956551894e-82	0.31277013	1.674689167070089e-113
CD82	5.696969696969697	6.547083669482187e-08	0.4265774	3.6987122137e-312
ALOX12	5.545454545454546	6.0781751734860976e-15	-0.142876	1.0
AURKA	3.6818181818181817	9.250608637383135e-238	-0.14371999	1.0
ZNF41	4.015151515151516	2.9248875795462624e-187	-0.1262815	1.0
ZW10	15.0	1.0	0.19346558	0.0991327064040531
EXOC5	4.787878787878788	4.3222045956551894e-82	-0.16250084	1.0
PIK3CB	4.257575757575758	7.504677503470952e-152	0.14763726	1.0
KLK3	6.515151515151516	1.0	0.44153318	0.0
EFS	4.348484848484849	4.8892849748765516e-139	-0.0794039	1.0
ADRB1	5.621212121212121	3.982970927086116e-11	-0.052576117	1.0
GTF2F1	3.9696969696969697	4.645458642258488e-194	0.44795206	0.0
TOP3B	5.196969696969697	8.770307777023999e-40	0.53940964	0.0
KCND1	5.696969696969697	6.547083669482187e-08	-0.14442971	1.0
G2E3	5.7727272727272725	2.661357851109339e-05	0.24531792	1.8630610740444128e-29
DEDD	4.196969696969697	1.4895433699893624e-160	0.55694246	0.0
MCF2	4.818181818181818	1.5059610191706582e-78	0.23983917	8.71020745964898e-25
NTN1	4.924242424242424	1.265707574008615e-66	-0.13410595	1.0
PRICKLE1	4.803030303030303	2.5916093890928528e-80	0.43767083	0.0
SYVN1	3.893939393939394	1.8846682085548561e-205	0.46471348	0.0
LTA4H	6.151515151515151	1.0	0.40480125	2.4927056099469634e-272
RAG2	5.4393939393939394	2.881456053844129e-21	-0.046331923	1.0
BRD8	4.454545454545454	1.8308025417514746e-124	0.5695381	0.0
ESM1	5.96969696969697	0.24669780146475193	0.38836974	1.9214208404826083e-242
RASL12	3.8181818181818183	6.290434548230126e-217	0.33835432	1.1601897276016236e-154
PODXL2	7.9393939393939394	1.0	-0.10196183	1.0
KIF3A	4.757575757575758	1.090042831805119e-85	-0.15699744	1.0
ENKD1	4.696969696969697	4.730191825147677e-93	0.45065254	0.0
ENPEP	7.803030303030303	1.0	0.41687492	2.106991019364735e-294
SLC6A5	5.515151515151516	1.237552061909311e-16	0.5137198	0.0
RAI14	4.181818181818182	9.63590226073286e-163	0.30903575	8.135511757670788e-108
C1orf114	4.515151515151516	2.3986497037817864e-116	0.49718937	0.0
CYFIP1	4.5606060606060606	2.3057357993651317e-110	0.6128794	0.0
DIAPH1	5.606060606060606	7.6746572533737e-12	0.02265053	1.0
SHOC2	4.166666666666667	6.137148820145575e-165	-0.10043182	1.0
CSRP2BP	5.424242424242424	2.923156208519247e-22	0.5121538	0.0
SSH1	4.954545454545454	2.339787434928052e-63	0.46044692	0.0
TTC27	4.484848484848484	2.2002490221096544e-120	-0.1524749	1.0
MTF1	5.7727272727272725	2.661357851109339e-05	0.488233	0.0
PAIP2	4.924242424242424	1.265707574008615e-66	0.34972182	5.915944722306754e-174
PHC2	5.863636363636363	0.005653383481306722	0.2366728	2.8894746449702872e-22
ZP2	15.0	1.0	-0.15227267	1.0
DHX34	5.757575757575758	8.96438933889546e-06	0.61460316	0.0
CDH3	4.181818181818182	9.63590226073286e-163	0.6119999	0.0
SAFB	4.515151515151516	2.3986497037817864e-116	-0.21748292	1.0
CCNH	3.712121212121212	4.113335036416179e-233	0.45265627	0.0
MMP12	7.833333333333333	1.0	-0.06689211	1.0
RAPH1	5.7727272727272725	2.661357851109339e-05	0.05565271	1.0
METAP2	3.878787878787879	9.67482637323781e-208	0.044869803	1.0
PTOV1	5.0606060606060606	1.797670388943156e-52	0.44135228	0.0
DLGAP5	4.696969696969697	4.730191825147677e-93	0.60862684	0.0
MTMR8	15.0	1.0	0.47622573	0.0
PYGO2	5.196969696969697	8.770307777023999e-40	-0.008976832	1.0
SEPT3	5.106060606060606	4.4949480382805774e-48	0.4157398	2.5219884695987637e-292
DDB1	4.7727272727272725	6.962344027357639e-84	0.586874	0.0
RENBP	15.0	1.0	0.23043217	1.1068994490236363e-17
SERPINI2	5.348484848484849	1.4467502508287116e-27	0.48908177	0.0
NID1	6.242424242424242	1.0	-0.09495186	1.0
CDY1	5.136363636363637	3.116249927713834e-45	-0.10998552	1.0
SPHK1	4.878787878787879	1.210302589787204e-71	-0.018038033	1.0
PRCP	9.378787878787879	1.0	-0.0675952	1.0
PRPS2	8.878787878787879	1.0	0.23496203	5.8750032043411076e-21
PHKG1	15.0	1.0	0.31492758	7.874690198122702e-117
NDC80	5.121212121212121	1.2068095274004981e-46	0.53039765	0.0
KLHL17	5.454545454545454	2.703891876666768e-20	0.4123752	3.5831326302015285e-286
CDC42BPA	5.136363636363637	3.116249927713834e-45	0.25269806	2.4203127068977318e-36
SHARPIN	6.2272727272727275	1.0	0.5662244	0.0
USP40	5.4393939393939394	2.881456053844129e-21	0.6394322	0.0
MICALL1	4.212121212121212	2.28090257442149e-158	-0.1467917	1.0
TCF12	4.2727272727272725	1.056112086203131e-149	0.6189577	0.0
SAMD3	5.5606060606060606	3.933561957910748e-14	0.33035183	2.045228143684396e-141
NELL1	5.242424242424242	6.647471978626986e-36	-0.14715743	1.0
RHOU	4.196969696969697	1.4895433699893624e-160	0.33230132	1.2922480899838574e-144
ARIH1	5.909090909090909	0.03906974193032677	0.31266266	2.4472678420607212e-113
CPNE7	5.651515151515151	9.112849250268435e-10	0.5209247	0.0
KCNH2	5.4393939393939394	2.881456053844129e-21	-0.18293202	1.0
POLR1C	5.0606060606060606	1.797670388943156e-52	0.4719614	0.0
GMPS	5.090909090909091	1.6019351837119586e-49	-0.13604811	1.0
CHAD	7.833333333333333	1.0	0.42578015	1.0602106051874e-310
ABCF3	5.5606060606060606	3.933561957910748e-14	-0.15953733	1.0
LIN7A	5.045454545454546	5.659481355966012e-54	0.14843298	1.0
COQ6	4.484848484848484	2.2002490221096544e-120	0.5153089	0.0
WDTC1	5.7727272727272725	2.661357851109339e-05	0.4074188	4.130037022407368e-277
PPFIA3	4.666666666666667	8.237161641457738e-97	0.015067263	1.0
GANAB	5.2272727272727275	3.567716469429752e-37	-0.20176585	1.0
CBR1	6.333333333333333	1.0	0.29183313	6.31833068953656e-83
PAK4	4.075757575757576	2.898466868756153e-178	0.59934616	0.0
PPIL4	5.015151515151516	4.965087209642441e-57	0.5410934	0.0
PRKD3	4.121212121212121	1.4224876522889679e-171	0.2788527	9.103096458109576e-66
AHRR	4.696969696969697	4.730191825147677e-93	-0.1298255	1.0
PKP2	5.106060606060606	4.4949480382805774e-48	0.6482696	0.0
IDE	6.590909090909091	1.0	0.33397326	2.2533076113129476e-147
TRIM46	15.0	1.0	-0.14125653	1.0
MUC13	15.0	1.0	-0.052429944	1.0
SART1	8.075757575757576	1.0	-0.16125703	1.0
MTMR6	15.0	1.0	-0.1010824	1.0
BFSP1	4.696969696969697	4.730191825147677e-93	0.4973927	0.0
FZD6	12.712121212121213	1.0	-0.14432931	1.0
PRELP	6.348484848484849	1.0	0.46836215	0.0
STAC2	5.151515151515151	7.625974972303267e-44	0.49548993	0.0
ELAC2	5.318181818181818	7.64416891530246e-30	-0.15083632	1.0
GPHN	4.909090909090909	2.7919646467736866e-68	0.41732657	3.1472356275908795e-295
EXOC8	5.257575757575758	1.1911514938980334e-34	-0.19086413	1.0
CSPG5	7.848484848484849	1.0	-0.030736158	1.0
REPS1	4.590909090909091	1.9637076384770094e-106	-0.16472666	1.0
CA9	4.166666666666667	6.137148820145575e-165	0.5474749	0.0
KBTBD10	5.606060606060606	7.6746572533737e-12	-0.1051395	1.0
ZCCHC8	5.424242424242424	2.923156208519247e-22	0.5406219	0.0
WDR13	4.5	2.320495940381192e-118	0.57915413	0.0
STAU2	5.015151515151516	4.965087209642441e-57	0.5191431	0.0
SGCE	6.090909090909091	1.0	-0.019237513	1.0
SSX2IP	5.121212121212121	1.2068095274004981e-46	0.38261065	4.889559536579403e-232
GNL3L	5.590909090909091	1.3974580680846262e-12	0.5038409	0.0
DLG5	5.393939393939394	2.5866430052266783e-24	0.20299411	0.0005554269326063505
RAN	3.878787878787879	9.67482637323781e-208	0.18111628	1.0
LRP5	12.712121212121213	1.0	-0.08854713	1.0
PLEKHA5	4.363636363636363	6.189853655707169e-137	0.6492407	0.0
PIP5K1A	4.878787878787879	1.210302589787204e-71	-0.15957463	1.0
PTPN14	4.181818181818182	9.63590226073286e-163	0.5918131	0.0
SLC38A2	7.090909090909091	1.0	-0.06285226	1.0
UIMC1	5.136363636363637	3.116249927713834e-45	0.32408804	2.849698395627189e-131
CPN2	11.151515151515152	1.0	-0.07732003	1.0
CDH9	15.0	1.0	-0.18774174	1.0
FIZ1	5.5606060606060606	3.933561957910748e-14	-0.07175973	1.0
RAB11FIP2	5.454545454545454	2.703891876666768e-20	0.4519086	0.0
ERCC4	5.681818181818182	1.664947422503421e-08	0.51403874	0.0
SLC1A2	5.651515151515151	9.112849250268435e-10	-0.09742791	1.0
C10orf12	5.242424242424242	6.647471978626986e-36	0.44979098	0.0
TACC1	5.590909090909091	1.3974580680846262e-12	0.44267964	0.0
SEMA4G	5.348484848484849	1.4467502508287116e-27	0.5486755	0.0
NOM1	4.515151515151516	2.3986497037817864e-116	0.6043393	0.0
RBAK	3.9545454545454546	2.497113161143616e-196	0.5884513	0.0
KCNB1	15.0	1.0	-0.20294997	1.0
CBFA2T3	4.363636363636363	6.189853655707169e-137	-0.14213385	1.0
RRP12	5.575757575757576	2.407667682078258e-13	0.5714847	0.0
DBF4	5.409090909090909	2.812288621595938e-23	-0.1665852	1.0
RARS	5.545454545454546	6.0781751734860976e-15	-0.14482264	1.0
SNX13	6.4393939393939394	1.0	0.4107102	3.9766543269194296e-283
RPL4	4.909090909090909	2.7919646467736866e-68	0.48467463	0.0
EPB41L2	5.03030303030303	1.7150705756327545e-55	0.6140178	0.0
ALAS2	7.212121212121212	1.0	0.38643298	6.14528355924301e-239
SLC9A6	6.257575757575758	1.0	-0.14444172	1.0
PDCL	5.409090909090909	2.812288621595938e-23	0.3974426	6.48316035599254e-259
POLR2B	5.0606060606060606	1.797670388943156e-52	0.6339512	0.0
CALML3	6.151515151515151	1.0	0.13298203	1.0
OC90	5.757575757575758	8.96438933889546e-06	-0.038896944	1.0
C10orf2	4.757575757575758	1.090042831805119e-85	0.45733795	0.0
FOXP1	15.0	1.0	-0.11099489	1.0
SLC17A7	5.333333333333333	1.077567019711722e-28	-0.08622581	1.0
BCL9	4.196969696969697	1.4895433699893624e-160	0.6524423	0.0
GABRR2	3.878787878787879	9.67482637323781e-208	0.005981963	1.0
GLI1	5.924242424242424	0.06681571323853634	0.53847873	0.0
MTIF2	5.0606060606060606	1.797670388943156e-52	-0.14248762	1.0
MAGED1	6.303030303030303	1.0	0.28858697	1.7073682917738086e-78
CEP135	4.757575757575758	1.090042831805119e-85	0.6402504	0.0
UBQLN2	5.136363636363637	3.116249927713834e-45	-0.16945854	1.0
WDR44	7.015151515151516	1.0	-0.17689829	1.0
HPS5	5.2727272727272725	2.0333752743474065e-33	0.5913501	0.0
ZFPM1	4.393939393939394	9.660381979554807e-133	-0.19892898	1.0
ENAH	4.303030303030303	2.0612681446983352e-145	0.29174882	8.253648220975096e-83
CDC5L	4.606060606060606	1.737959073153401e-104	0.22447687	8.326560564938523e-14
RASIP1	4.696969696969697	4.730191825147677e-93	-0.20430818	1.0
CYP2C19	15.0	1.0	-0.054312788	1.0
CBS	5.424242424242424	2.923156208519247e-22	-0.07650323	1.0
UHRF2	4.090909090909091	4.996803001880512e-176	0.5696412	0.0
IRAK3	4.878787878787879	1.210302589787204e-71	0.5992203	0.0
ARFGEF2	5.0606060606060606	1.797670388943156e-52	0.6532947	0.0
PPIG	4.348484848484849	4.8892849748765516e-139	-0.15603042	1.0
CLIC6	5.53030303030303	8.920550128250713e-16	0.5562935	0.0
NGEF	5.833333333333333	0.0011874730962516493	-0.1476211	1.0
MICAL3	15.0	1.0	0.43984953	0.0
SEC24C	7.454545454545454	1.0	0.10409201	1.0
PPP1R8	3.893939393939394	1.8846682085548561e-205	0.060007647	1.0
GGA3	6.363636363636363	1.0	-0.19596025	1.0
EPB42	7.318181818181818	1.0	0.33084956	3.130670157539231e-142
PHKB	5.287878787878788	3.3122123718160204e-32	0.43532512	0.0
TFAP2C	3.893939393939394	1.8846682085548561e-205	0.53268254	0.0
STIM1	6.424242424242424	1.0	0.2602054	5.109665561380701e-44
FURIN	15.0	1.0	-0.1734111	1.0
DNAJB4	6.848484848484849	1.0	0.44314098	0.0
HAX1	5.53030303030303	8.920550128250713e-16	0.37665662	2.442491432015808e-221
RPN1	5.242424242424242	6.647471978626986e-36	0.40121937	8.5662219002606e-266
ST14	7.621212121212121	1.0	0.5125786	0.0
CHRNB1	4.818181818181818	1.5059610191706582e-78	-0.050265677	1.0
BFSP2	5.696969696969697	6.547083669482187e-08	-0.028675208	1.0
PRKG1	4.363636363636363	6.189853655707169e-137	0.61357504	0.0
DSG3	5.2272727272727275	3.567716469429752e-37	0.21193759	2.872579557812585e-07
KIR3DL2	8.166666666666666	1.0	-0.04749103	1.0
CLSTN3	6.515151515151516	1.0	0.54706943	0.0
R3HDM1	5.151515151515151	7.625974972303267e-44	0.55279523	0.0
TBC1D25	5.4393939393939394	2.881456053844129e-21	0.44977635	0.0
PSMA6	5.166666666666667	1.799159943379442e-42	0.45515367	0.0
COPB2	5.924242424242424	0.06681571323853634	0.5017179	0.0
NFKBIE	4.242424242424242	5.153875612728923e-154	-0.02740777	1.0
CHRNG	15.0	1.0	-0.07079893	1.0
CNGB1	15.0	1.0	0.2775674	3.7385979396602807e-64
ZNF607	5.4393939393939394	2.881456053844129e-21	0.52484524	0.0
CCDC14	5.287878787878788	3.3122123718160204e-32	0.2010269	0.0020594484487325565
RALGPS1	4.7272727272727275	2.421712560332582e-89	0.4491549	0.0
EHMT2	5.333333333333333	1.077567019711722e-28	0.39480844	4.0006474842152655e-254
RAVER2	5.742424242424242	2.8558071390704282e-06	-0.12323868	1.0
COBRA1	3.8636363636363638	4.990437000413431e-210	-0.034915075	1.0
CHRNE	15.0	1.0	-0.061554894	1.0
CHRM4	5.863636363636363	0.005653383481306722	-0.054591343	1.0
TAP2	7.712121212121212	1.0	-0.16743624	1.0
COL4A4	7.318181818181818	1.0	-0.121302694	1.0
RAB11FIP1	6.409090909090909	1.0	0.002936392	1.0
SPOCK1	7.590909090909091	1.0	0.5008035	0.0
NADSYN1	6.378787878787879	1.0	-0.15057759	1.0
ZFP106	4.803030303030303	2.5916093890928528e-80	-0.081952125	1.0
MMP19	8.590909090909092	1.0	-0.05527211	1.0
GLUD1	15.0	1.0	-0.09112905	1.0
JARID2	5.090909090909091	1.6019351837119586e-49	0.52199817	0.0
TUBGCP4	5.0	1.3821620935970935e-58	-0.19312178	1.0
SYT13	6.636363636363637	1.0	0.0016327592	1.0
MBD1	3.9696969696969697	4.645458642258488e-194	-0.10379224	1.0
ENG	6.5606060606060606	1.0	-0.20508137	1.0
LRP3	6.484848484848484	1.0	-0.16807781	1.0
NR2C2	3.712121212121212	4.113335036416179e-233	0.28198007	9.255254920074617e-70
CYTH3	6.196969696969697	1.0	0.33435825	5.2070626592418005e-148
PLCD1	4.984848484848484	3.703611499304987e-60	-0.19364782	1.0
LRRN4	5.4393939393939394	2.881456053844129e-21	-0.13215423	1.0
ACOX3	4.803030303030303	2.5916093890928528e-80	0.53031385	0.0
MARK1	4.318181818181818	2.7918664717826296e-143	0.648512	0.0
TGM2	4.893939393939394	5.918212061668534e-70	-0.18586043	1.0
CLK2	4.151515151515151	3.849589723230579e-167	0.0007665356	1.0
DRD3	4.863636363636363	2.3944386296676495e-73	0.53752416	0.0
SH3BP4	4.363636363636363	6.189853655707169e-137	0.58583605	0.0
PRKAA2	5.121212121212121	1.2068095274004981e-46	-0.073837735	1.0
CHPF	6.257575757575758	1.0	-0.16545	1.0
IGFALS	6.545454545454546	1.0	-0.14088036	1.0
HSPA5	5.0	1.3821620935970935e-58	0.43117398	1.447e-320
MYO9A	4.666666666666667	8.237161641457738e-97	0.030426748	1.0
LAG3	4.606060606060606	1.737959073153401e-104	-0.03624343	1.0
MAD1L1	4.454545454545454	1.8308025417514746e-124	-0.2025096	1.0
AFG3L2	6.863636363636363	1.0	0.33443794	3.844712859470087e-148
LPA	7.287878787878788	1.0	0.12088414	1.0
MIB2	5.454545454545454	2.703891876666768e-20	-0.15489759	1.0
SAMD4B	4.363636363636363	6.189853655707169e-137	-0.09151701	1.0
ATP2A2	4.348484848484849	4.8892849748765516e-139	0.6715045	0.0
HEXB	15.0	1.0	-0.089752585	1.0
BMP7	6.0	0.46300423940933777	0.47584063	0.0
EDEM2	6.803030303030303	1.0	-0.09396267	1.0
TGFBR3	6.651515151515151	1.0	0.17768817	1.0
RNASE1	8.878787878787879	1.0	0.23625039	6.129661370518877e-22
MAPKBP1	4.257575757575758	7.504677503470952e-152	0.41429716	1.0953909966685608e-289
MCM5	5.303030303030303	5.157518393752423e-31	0.2811081	1.2269941140987475e-68
APBA1	5.196969696969697	8.770307777023999e-40	-0.19012216	1.0
TRPC7	7.075757575757576	1.0	0.50792503	0.0
HK3	15.0	1.0	-0.17910631	1.0
ZNF205	4.848484848484849	4.5854224261642e-75	0.0013540012	1.0
DUSP7	4.0	1.6094176380028617e-189	0.14871226	1.0
CELF1	8.0	1.0	-0.06188558	1.0
KIAA1984	5.454545454545454	2.703891876666768e-20	0.46478835	0.0
GDF7	7.0	1.0	-0.03494331	1.0
SAFB2	3.878787878787879	9.67482637323781e-208	0.22375464	2.2770136546976955e-13
DCAF10	7.393939393939394	1.0	-0.08708852	1.0
NPTXR	15.0	1.0	-0.06490858	1.0
RIMS1	6.348484848484849	1.0	0.45265526	0.0
FLRT3	5.242424242424242	6.647471978626986e-36	-0.12397992	1.0
IL7R	4.121212121212121	1.4224876522889679e-171	-0.019357102	1.0
MTMR7	15.0	1.0	-0.11377214	1.0
KDM6A	4.630769230769231	2.485993013891348e-101	0.47051984	0.0
CHRND	15.0	1.0	-0.07079893	1.0
PLS3	7.106060606060606	1.0	-0.11028086	1.0
EHD3	7.833333333333333	1.0	-0.0927848	1.0
VPS8	4.757575757575758	1.090042831805119e-85	0.4600214	0.0
DCP1A	8.606060606060606	1.0	-0.12810135	1.0
NEDD1	4.2727272727272725	1.056112086203131e-149	0.5456075	0.0
KCND2	6.075757575757576	1.0	0.3105178	4.6236338418935626e-110
HOXA10	4.045454545454546	9.413247275261345e-183	0.023754604	1.0
POU3F2	4.242424242424242	5.153875612728923e-154	1.5930244e-05	1.0
VPS45	8.257575757575758	1.0	-0.12941481	1.0
NTSR2	7.96969696969697	1.0	-0.02353059	1.0
NRXN3	5.136363636363637	3.116249927713834e-45	0.5621109	0.0
EPHA5	5.863636363636363	0.005653383481306722	0.41885084	5.12236920675635e-298
RFX6	5.075757575757576	5.495762606430855e-51	0.2132598	7.501065943967097e-08
OLFM4	10.151515151515152	1.0	0.43446153	0.0
SEMA4B	5.651515151515151	9.112849250268435e-10	0.31199086	2.618112021385056e-112
ME2	5.2727272727272725	2.0333752743474065e-33	0.42632762	1.0585436942033e-311
WHSC2	6.46969696969697	1.0	-0.07926751	1.0
POLR1A	5.015151515151516	4.965087209642441e-57	0.26371762	7.883910903617555e-48
CPSF3	4.045454545454546	9.413247275261345e-183	0.5819939	0.0
DYNC1I1	5.0	1.3821620935970935e-58	-0.15824534	1.0
TFE3	3.9696969696969697	4.645458642258488e-194	-0.12565422	1.0
SOCS5	4.393939393939394	9.660381979554807e-133	-0.084786646	1.0
MAPRE1	4.590909090909091	1.9637076384770094e-106	0.17145245	1.0
CLDN2	6.0	0.46300423940933777	0.4405621	0.0
NKX2-2	5.2727272727272725	2.0333752743474065e-33	0.3135021	1.254624385392219e-114
RALGPS2	4.181818181818182	9.63590226073286e-163	0.5826815	0.0
ZNF329	4.090909090909091	4.996803001880512e-176	0.5839745	0.0
ADD3	4.4393939393939394	1.6126884793906135e-126	-0.09077717	1.0
SESN2	5.9393939393939394	0.10865242828933425	-0.056363992	1.0
DCTN4	5.909090909090909	0.03906974193032677	-0.05243963	1.0
SERPINC1	6.878787878787879	1.0	-0.089422725	1.0
SACM1L	6.348484848484849	1.0	-0.12979408	1.0
NLRP2	6.121212121212121	1.0	0.38203186	5.389549029905018e-231
ZFYVE16	5.075757575757576	5.495762606430855e-51	-0.0600717	1.0
FZD7	5.651515151515151	9.112849250268435e-10	-0.084921815	1.0
ZBTB48	5.196969696969697	8.770307777023999e-40	-0.15681127	1.0
STK36	4.9393939393939394	5.535048770797336e-65	0.48316392	0.0
RABL6	5.075757575757576	5.495762606430855e-51	-0.14875291	1.0
LRSAM1	7.242424242424242	1.0	-0.14684919	1.0
ZMYM5	4.606060606060606	1.737959073153401e-104	0.5368321	0.0
STRN4	5.7727272727272725	2.661357851109339e-05	-0.17561252	1.0
MYPN	5.7727272727272725	2.661357851109339e-05	0.5447877	0.0
DNAJC1	15.0	1.0	-0.07300968	1.0
ZNF334	8.606060606060606	1.0	-0.13329872	1.0
ELK3	4.0	1.6094176380028617e-189	0.57088405	0.0
CCR3	8.151515151515152	1.0	-0.11827338	1.0
ABLIM3	5.454545454545454	2.703891876666768e-20	0.41816643	9.1332306348537e-297
PFKL	5.090909090909091	1.6019351837119586e-49	0.3611162	9.358680180996026e-194
XPO6	4.878787878787879	1.210302589787204e-71	0.091751784	1.0
CCDC136	4.757575757575758	1.090042831805119e-85	0.43369687	0.0
CLCN7	6.5	1.0	0.43006623	1.536786e-318
PLCB3	4.651515151515151	1.037003425140186e-98	0.018609863	1.0
ZBTB45	5.257575757575758	1.1911514938980334e-34	-0.05258747	1.0
BMPR2	4.757575757575758	1.090042831805119e-85	0.25903794	8.803489154250324e-43
MAPRE2	5.590909090909091	1.3974580680846262e-12	0.19290382	0.12306926557190548
EMID1	5.53030303030303	8.920550128250713e-16	-0.04410507	1.0
CFI	8.151515151515152	1.0	-0.12499129	1.0
FAR1	6.5	1.0	-0.0636628	1.0
CWC22	7.2272727272727275	1.0	0.6071574	0.0
ATP1A3	5.151515151515151	7.625974972303267e-44	0.5594663	0.0
ALPI	5.257575757575758	1.1911514938980334e-34	0.39744204	6.495537228905293e-259
SLX1A	15.0	1.0	0.048756137	1.0
ALAS1	6.242424242424242	1.0	0.5006879	0.0
ANXA11	8.106060606060606	1.0	-0.058414035	1.0
CWF19L1	8.0	1.0	-0.07906249	1.0
ACHE	15.0	1.0	-0.10993505	1.0
CDH12	15.0	1.0	0.5005559	0.0
GOLGA5	4.7272727272727275	2.421712560332582e-89	0.60657597	0.0
EFTUD2	5.212121212121212	1.8119808505712916e-38	0.47461367	0.0
DOCK8	4.348484848484849	4.8892849748765516e-139	0.007301321	1.0
KLHL12	6.4393939393939394	1.0	-0.11316383	1.0
RAD17	4.7272727272727275	2.421712560332582e-89	-0.19856165	1.0
SPAG8	4.696969696969697	4.730191825147677e-93	0.520743	0.0
USF1	3.8636363636363638	4.990437000413431e-210	0.19738147	0.016758311424291766
GABRA3	5.878787878787879	0.011370719431532743	0.42271662	4.2866145597772524e-305
SH2B3	4.53030303030303	2.4274693143251508e-114	0.013139781	1.0
SIAH2	5.46969696969697	2.4090497997966194e-19	0.40038207	2.8791947388961515e-264
LRP8	5.151515151515151	7.625974972303267e-44	0.17249964	1.0
DNM1L	9.030303030303031	1.0	-0.14205337	1.0
CHKA	5.5	1.6274518014202265e-17	-0.036100708	1.0
MYO1G	5.242424242424242	6.647471978626986e-36	0.62381285	0.0
SLC7A7	15.0	1.0	-0.06655942	1.0
DSC2	5.9393939393939394	0.10865242828933425	0.5979026	0.0
RABGAP1	5.484848484848484	2.035332163566379e-18	0.53268975	0.0
SMYD3	7.045454545454546	1.0	0.02287278	1.0
SLC25A5	4.651515151515151	1.037003425140186e-98	0.525341	0.0
ZFP161	5.363636363636363	1.847101461835938e-26	-0.037217636	1.0
TPH1	4.136363636363637	2.3580860918747585e-169	0.47402534	0.0
CPNE4	4.787878787878788	4.3222045956551894e-82	-0.14787818	1.0
IL1RAPL1	6.136363636363637	1.0	-0.14406344	1.0
IL9R	4.333333333333333	3.721508830056371e-141	0.5183166	0.0
PUM1	4.378787878787879	7.77867107031269e-135	0.5513792	0.0
TRMT1	6.015151515151516	0.5905005552315811	-0.123486	1.0
C7orf25	8.075757575757576	1.0	-0.06277445	1.0
LBR	5.4393939393939394	2.881456053844129e-21	-0.14763008	1.0
DNER	6.378787878787879	1.0	0.421407	1.0684128747644271e-302
VAC14	6.212121212121212	1.0	0.31638557	4.282026884269532e-119
KIF5C	4.363636363636363	6.189853655707169e-137	0.3242003	1.8828458031686369e-131
ARAF	4.106060606060606	8.500160823487073e-174	-0.17449836	1.0
HK1	5.848484848484849	0.002671922425091299	0.49171627	0.0
ABCB11	6.53030303030303	1.0	0.0024614667	1.0
GDPD2	6.090909090909091	1.0	-0.12843503	1.0
NET1	5.287878787878788	3.3122123718160204e-32	0.45822704	0.0
ODF2	5.212121212121212	1.8119808505712916e-38	0.4467706	0.0
API5	6.984848484848484	1.0	-0.060153835	1.0
DYSF	5.151515151515151	7.625974972303267e-44	0.281259	7.853480749316659e-69
FXYD2	6.03030303030303	0.7263459392288968	0.10794442	1.0
WIPI2	4.818181818181818	1.5059610191706582e-78	0.5008451	0.0
NDUFA13	6.9393939393939394	1.0	0.46683666	0.0
RHOT2	4.893939393939394	5.918212061668534e-70	0.45843467	0.0
CETP	8.909090909090908	1.0	-0.057473447	1.0
HEATR1	6.96969696969697	1.0	0.52479553	0.0
SEMA3B	7.106060606060606	1.0	-0.17288223	1.0
ITGA8	6.363636363636363	1.0	-0.21447045	1.0
HTATSF1	5.0	1.3821620935970935e-58	-0.19943272	1.0
ORAI1	6.121212121212121	1.0	0.21595827	4.031520968438742e-09
HMGA1	3.8333333333333335	1.2495185782783626e-214	0.21297526	1.0064500161826022e-07
ARSA	15.0	1.0	-0.063510865	1.0
DSC1	5.106060606060606	4.4949480382805774e-48	-0.18176264	1.0
MTCH2	3.984848484848485	8.694410217617934e-192	0.50599533	0.0
WDR33	3.712121212121212	4.113335036416179e-233	0.14799815	1.0
BRD3	5.409090909090909	2.812288621595938e-23	-0.15323825	1.0
FMNL3	5.424242424242424	2.923156208519247e-22	0.5687067	0.0
PIK3C3	4.2727272727272725	1.056112086203131e-149	0.28872105	1.124785616563415e-78
TAF6L	5.257575757575758	1.1911514938980334e-34	-0.13072424	1.0
SCMH1	5.9393939393939394	0.10865242828933425	0.41036254	1.7137654853494629e-282
PSD	7.212121212121212	1.0	-0.12327093	1.0
MED15	3.9393939393939394	1.3168145906029157e-198	0.38139045	7.696855150580897e-230
ADAMTS5	8.484848484848484	1.0	0.5453474	0.0
SLC9A3R1	5.090909090909091	1.6019351837119586e-49	-0.16158932	1.0
DMP1	6.151515151515151	1.0	-0.07870406	1.0
F13B	8.318181818181818	1.0	0.4626955	0.0
EYA1	4.909090909090909	2.7919646467736866e-68	-0.13346396	1.0
RRS1	6.2727272727272725	1.0	0.33408836	1.4552768750391375e-147
SLA	4.409090909090909	1.1709431526636087e-130	0.272659	3.8579199595103195e-58
MCC	5.0606060606060606	1.797670388943156e-52	0.5053384	0.0
WDR4	4.984848484848484	3.703611499304987e-60	-0.027473778	1.0
PA2G4	3.621212121212121	4.51207343571108e-247	0.20623939	4.832676019841076e-05
UNC5C	5.5606060606060606	3.933561957910748e-14	0.22299491	6.445438982095479e-13
TMEM216	15.0	1.0	0.087450296	1.0
ZDHHC23	6.5606060606060606	1.0	0.0099815875	1.0
IRF1	4.136363636363637	2.3580860918747585e-169	0.2396241	1.3040832431543447e-24
SNRK	4.196969696969697	1.4895433699893624e-160	-0.14218181	1.0
THNSL2	4.484848484848484	2.2002490221096544e-120	0.5238352	0.0
CDK14	3.984848484848485	8.694410217617934e-192	0.4797086	0.0
LOXL4	7.833333333333333	1.0	0.4918528	0.0
NOD1	4.363636363636363	6.189853655707169e-137	0.15535875	1.0
TAF7L	4.53030303030303	2.4274693143251508e-114	0.6034626	0.0
ZCCHC17	5.96969696969697	0.24669780146475193	0.3682508	2.3868193486380707e-206
BAHD1	4.7727272727272725	6.962344027357639e-84	0.34765676	2.0619769649990365e-170
PKLR	6.212121212121212	1.0	-0.09076739	1.0
PPP2R2D	5.333333333333333	1.077567019711722e-28	-0.0041387677	1.0
UBE2L3	4.96969696969697	9.498709933095162e-62	0.0783857	1.0
ITGA5	5.196969696969697	8.770307777023999e-40	0.06814502	1.0
ARHGAP19	6.318181818181818	1.0	0.2863193	1.8798140215319203e-75
INCENP	5.636363636363637	1.960882398441318e-10	0.40319723	2.1122911688300383e-269
FAP	7.015151515151516	1.0	-0.1761388	1.0
DYNC1I2	4.984848484848484	3.703611499304987e-60	-0.14119065	1.0
HP	15.0	1.0	-0.009801104	1.0
MAGED4B	6.181818181818182	1.0	-0.1522209	1.0
NT5C2	5.46969696969697	2.4090497997966194e-19	-0.13830832	1.0
WDR91	5.53030303030303	8.920550128250713e-16	0.43705243	0.0
KL	4.833333333333333	8.451693755487221e-77	0.22109167	8.0307678741832e-12
UBXN4	8.0	1.0	-0.06115138	1.0
AP3B2	4.348484848484849	4.8892849748765516e-139	-0.20876561	1.0
POLR1B	5.0606060606060606	1.797670388943156e-52	0.5541075	0.0
HACL1	15.0	1.0	-0.09141967	1.0
GNE	4.424242424242424	1.3907764601371584e-128	-0.13587068	1.0
DPYSL3	6.924242424242424	1.0	0.4259907	4.3684601353396e-311
IKZF4	4.484848484848484	2.2002490221096544e-120	-0.16291673	1.0
SLC7A5	15.0	1.0	-0.06449034	1.0
CSH1	3.727272727272727	8.661232710659125e-231	0.3176999	3.7953571141914575e-121
AMY1A	5.621212121212121	3.982970927086116e-11	-0.06843732	1.0
NUP107	5.863636363636363	0.005653383481306722	0.24727559	3.238123068745207e-31
AFAP1L2	4.287878787878788	1.4852780113973228e-147	0.5963124	0.0
RPS6KA5	3.621212121212121	4.51207343571108e-247	-0.16252978	1.0
GLCCI1	5.787878787878788	7.476737059261286e-05	-0.08642081	1.0
SHC4	4.7272727272727275	2.421712560332582e-89	-0.06921781	1.0
MAG	6.53030303030303	1.0	-0.12592408	1.0
UBE2G2	6.575757575757576	1.0	0.08643196	1.0
TBC1D8	5.5606060606060606	3.933561957910748e-14	0.09008259	1.0
THUMPD3	7.878787878787879	1.0	-0.060680557	1.0
CCDC67	15.0	1.0	-0.09475153	1.0
RPGR	5.2272727272727275	3.567716469429752e-37	0.53851116	0.0
RALBP1	4.106060606060606	8.500160823487073e-174	-0.12833452	1.0
FMN1	5.424242424242424	2.923156208519247e-22	0.6496187	0.0
MYF6	4.575757575757576	2.1596514624631015e-108	0.51327795	0.0
EIF5	4.5606060606060606	2.3057357993651317e-110	0.48913524	0.0
NPR3	6.333333333333333	1.0	-0.09639189	1.0
KIF2B	5.666666666666667	3.999973542524087e-09	0.39368516	4.397492059602685e-252
CHRNA3	5.878787878787879	0.011370719431532743	-0.06493223	1.0
DVL3	4.424242424242424	1.3907764601371584e-128	-0.20880951	1.0
SCARB2	7.378787878787879	1.0	0.52244115	0.0
MAN1A2	4.757575757575758	1.090042831805119e-85	-0.10557061	1.0
RASGEF1C	4.96969696969697	9.498709933095162e-62	0.5631868	0.0
CCKBR	6.863636363636363	1.0	0.2916717	1.0540740178124683e-82
IGSF9	5.545454545454546	6.0781751734860976e-15	0.09502051	1.0
IL1RL2	6.303030303030303	1.0	-0.09617872	1.0
VIL1	4.212121212121212	2.28090257442149e-158	0.39229488	1.4734807707832953e-249
UBC	3.9242424242424243	6.899921184262694e-201	0.35869557	1.6253491442898774e-189
TOP3A	4.924242424242424	1.265707574008615e-66	0.54105777	0.0
RYK	10.712121212121213	1.0	-0.1271041	1.0
IKZF3	4.136363636363637	2.3580860918747585e-169	0.5801737	0.0
CD101	4.863636363636363	2.3944386296676495e-73	0.5605183	0.0
LDHD	5.53030303030303	8.920550128250713e-16	-0.05946014	1.0
GNL3	3.9242424242424243	6.899921184262694e-201	-0.09414973	1.0
PLEKHB2	5.075757575757576	5.495762606430855e-51	0.38488483	3.8522095454108743e-236
ZNF592	4.757575757575758	1.090042831805119e-85	0.5244836	0.0
RXFP2	15.0	1.0	-0.13284625	1.0
NOD2	5.378787878787879	2.2421187423656065e-25	0.61929035	0.0
CFHR5	10.151515151515152	1.0	-0.09587079	1.0
ST13	5.863636363636363	0.005653383481306722	0.005323241	1.0
DHH	15.0	1.0	-0.015599224	1.0
ABCA2	5.2727272727272725	2.0333752743474065e-33	0.059698638	1.0
RGS12	5.2727272727272725	2.0333752743474065e-33	-0.05596119	1.0
TMEM214	7.0606060606060606	1.0	-0.14357258	1.0
SIGLEC10	4.863636363636363	2.3944386296676495e-73	0.60611856	0.0
TH1L	5.46969696969697	2.4090497997966194e-19	0.14243627	1.0
LCAT	6.924242424242424	1.0	-0.024288896	1.0
STIP1	4.181818181818182	9.63590226073286e-163	-0.120166205	1.0
MEX3D	4.954545454545454	2.339787434928052e-63	-0.13799095	1.0
MED18	6.454545454545454	1.0	0.4462029	0.0
CDKN1C	4.333333333333333	3.721508830056371e-141	0.13187419	1.0
TBC1D3C	6.484848484848484	1.0	-0.088773005	1.0
KCNF1	15.0	1.0	-0.08365883	1.0
ROBO2	6.212121212121212	1.0	0.6713025	0.0
SYT9	7.333333333333333	1.0	-0.0025024456	1.0
STK38	4.287878787878788	1.4852780113973228e-147	0.038467735	1.0
IVNS1ABP	4.287878787878788	1.4852780113973228e-147	-0.12311646	1.0
TRIM62	4.015151515151516	2.9248875795462624e-187	0.5388966	0.0
TGM1	5.484848484848484	2.035332163566379e-18	0.46103346	0.0
CNOT6	5.075757575757576	5.495762606430855e-51	0.42153606	6.204742949771949e-303
EIF3E	6.090909090909091	1.0	-0.042577796	1.0
TRIM25	4.545454545454546	2.3923140793058067e-112	0.51405174	0.0
CTSF	15.0	1.0	-0.05615307	1.0
ENTPD2	8.015151515151516	1.0	-0.063304156	1.0
CARD14	5.151515151515151	7.625974972303267e-44	-0.19701248	1.0
VEPH1	4.348484848484849	4.8892849748765516e-139	0.40193003	4.33319731381171e-267
SYT11	7.333333333333333	1.0	0.0022565469	1.0
MOGS	5.757575757575758	8.96438933889546e-06	-0.14486709	1.0
SLCO3A1	5.863636363636363	0.005653383481306722	0.35706237	1.1558589140113376e-186
GULP1	6.409090909090909	1.0	0.122444674	1.0
ALDH7A1	6.348484848484849	1.0	-0.06166665	1.0
IL10	15.0	1.0	0.065852284	1.0
ANKZF1	6.787878787878788	1.0	-0.16160595	1.0
CANX	6.378787878787879	1.0	-0.12171978	1.0
FZD9	9.712121212121213	1.0	-0.12140325	1.0
SIK1	4.378787878787879	7.77867107031269e-135	-0.1599648	1.0
KCNJ8	15.0	1.0	-0.006235018	1.0
ALOX5	4.96969696969697	9.498709933095162e-62	0.33800474	4.463469251680324e-154
PEG10	5.196969696969697	8.770307777023999e-40	-0.1646024	1.0
MTMR9	15.0	1.0	-0.10306377	1.0
VASN	6.7727272727272725	1.0	-0.1655674	1.0
NFIL3	5.9393939393939394	0.10865242828933425	-0.052428283	1.0
MATN3	8.651515151515152	1.0	-0.06093203	1.0
EPS15L1	5.590909090909091	1.3974580680846262e-12	0.59896636	0.0
CAV2	4.181818181818182	9.63590226073286e-163	0.29145414	2.1006297225901424e-82
CAPN1	5.075757575757576	5.495762606430855e-51	-0.17510939	1.0
ANKRD7	6.606060606060606	1.0	0.4602372	0.0
BRSK1	4.2727272727272725	1.056112086203131e-149	-0.16052768	1.0
RIN2	5.863636363636363	0.005653383481306722	0.3438238	7.030900559832476e-164
FAM193B	5.045454545454546	5.659481355966012e-54	-0.1618809	1.0
HSFX1	5.151515151515151	7.625974972303267e-44	0.49745035	0.0
MCMBP	4.848484848484849	4.5854224261642e-75	-0.12360213	1.0
SLC7A10	15.0	1.0	-0.07272211	1.0
STAMBPL1	3.984848484848485	8.694410217617934e-192	0.42895326	1.6637633e-316
SEC31A	9.015151515151516	1.0	0.059100304	1.0
AGPAT6	6.196969696969697	1.0	0.33432722	5.8591081593294494e-148
FGD1	4.636363636363637	1.2663970208888846e-100	0.65662473	0.0
BACE1	15.0	1.0	-0.05859817	1.0
SRRM1	4.242424242424242	5.153875612728923e-154	0.2467589	9.53356477098763e-31
RASGRP2	5.106060606060606	4.4949480382805774e-48	0.44786406	0.0
ITGAX	5.96969696969697	0.24669780146475193	0.38884553	2.6410955670583364e-243
SLC26A3	6.090909090909091	1.0	-0.14388523	1.0
BMPER	7.045454545454546	1.0	0.4211373	3.328897015937788e-302
ID2	4.075757575757576	2.898466868756153e-178	0.06617093	1.0
MSX1	3.787878787878788	1.5217783380568327e-221	0.0137469	1.0
UQCRC1	6.53030303030303	1.0	-0.06830558	1.0
ARSE	4.909090909090909	2.7919646467736866e-68	-0.115680955	1.0
AP3D1	7.7727272727272725	1.0	0.37037224	4.070091483593449e-210
TRDN	8.227272727272727	1.0	-0.061624095	1.0
LHX4	8.530303030303031	1.0	0.06183461	1.0
MED17	6.454545454545454	1.0	0.5081261	0.0
GJA5	4.46969696969697	2.040032193293724e-122	0.4814439	0.0
FAM208B	5.4393939393939394	2.881456053844129e-21	0.41771194	6.201409310857013e-296
ARHGDIB	4.378787878787879	7.77867107031269e-135	0.43677434	0.0
PDP1	7.863636363636363	1.0	-0.09230688	1.0
ATXN2	6.106060606060606	1.0	0.37275136	2.3477554213254676e-214
MARK3	5.606060606060606	7.6746572533737e-12	-0.17572622	1.0
RAI1	4.409090909090909	1.1709431526636087e-130	0.20073247	0.002474976196655411
DNAJC14	5.96969696969697	0.24669780146475193	0.4026469	2.131733079773773e-268
GC	6.378787878787879	1.0	-0.041566286	1.0
JAKMIP2	5.848484848484849	0.002671922425091299	0.4724837	0.0
LPAR1	6.363636363636363	1.0	0.14746876	1.0
SP140	5.4393939393939394	2.881456053844129e-21	0.33246234	7.021002630555528e-145
BBS2	4.7727272727272725	6.962344027357639e-84	-0.14926368	1.0
ETV1	3.8333333333333335	1.2495185782783626e-214	0.5002845	0.0
EPHB3	4.7727272727272725	6.962344027357639e-84	-0.17131771	1.0
PCSK7	5.484848484848484	2.035332163566379e-18	-0.17557754	1.0
ABCF1	6.2272727272727275	1.0	0.35342282	2.4364988598870823e-180
RGL4	4.848484848484849	4.5854224261642e-75	0.44662383	0.0
FOXC1	4.621212121212121	1.49917227250215e-102	-0.06437332	1.0
MAZ	4.151515151515151	3.849589723230579e-167	-0.042650495	1.0
ZSWIM2	6.015151515151516	0.5905005552315811	-0.11480746	1.0
MVD	5.424242424242424	2.923156208519247e-22	-0.014661669	1.0
NOS1AP	4.696969696969697	4.730191825147677e-93	0.54320866	0.0
CELF3	5.0606060606060606	1.797670388943156e-52	0.506835	0.0
HOXB3	4.166666666666667	6.137148820145575e-165	0.16015695	1.0
GATA4	4.121212121212121	1.4224876522889679e-171	0.3670743	2.9079091363660026e-204
HOOK3	6.5606060606060606	1.0	0.55755997	0.0
ADAM28	6.090909090909091	1.0	0.42807636	6.70041184e-315
TNPO3	4.651515151515151	1.037003425140186e-98	0.2124379	1.7382845431444504e-07
LHX1	6.53030303030303	1.0	0.25118524	7.079898537786714e-35
PKP4	4.409090909090909	1.1709431526636087e-130	0.7016033	0.0
PHF21A	4.393939393939394	9.660381979554807e-133	-0.111897245	1.0
CYLD	4.7727272727272725	6.962344027357639e-84	0.20089722	0.002234659563742421
SIGLEC5	5.757575757575758	8.96438933889546e-06	-0.080127165	1.0
C11orf49	4.984848484848484	3.703611499304987e-60	0.44555616	0.0
NCOA5	5.484848484848484	2.035332163566379e-18	0.34165612	3.2720019951511386e-160
AMN	6.242424242424242	1.0	0.29886553	7.95047366922158e-93
NCAPG2	5.090909090909091	1.6019351837119586e-49	0.101656556	1.0
KCNJ2	5.651515151515151	9.112849250268435e-10	0.48408702	0.0
DNAI1	5.075757575757576	5.495762606430855e-51	0.41836354	3.980101017968098e-297
DPEP1	9.484848484848484	1.0	-0.016270602	1.0
TRIM17	6.181818181818182	1.0	-0.049074244	1.0
GALT	5.757575757575758	8.96438933889546e-06	0.38181764	1.3097025593856606e-230
NOB1	7.090909090909091	1.0	0.012876635	1.0
ZMYND8	5.212121212121212	1.8119808505712916e-38	0.582995	0.0
PPM1J	4.378787878787879	7.77867107031269e-135	0.55009794	0.0
CCDC22	5.7727272727272725	2.661357851109339e-05	-0.12414539	1.0
C8A	8.393939393939394	1.0	-0.107757986	1.0
MSI1	5.545454545454546	6.0781751734860976e-15	0.34477612	1.6934256827062228e-165
ADAM22	4.287878787878788	1.4852780113973228e-147	0.28972948	4.815194734838029e-80
ITIH4	15.0	1.0	0.11441864	1.0
ECD	4.2727272727272725	1.056112086203131e-149	-0.07163385	1.0
ZNF382	5.5606060606060606	3.933561957910748e-14	-0.08554151	1.0
DPF1	6.242424242424242	1.0	-0.018293992	1.0
EHHADH	8.5	1.0	0.243307	1.0689097765280172e-27
ALPPL2	15.0	1.0	0.3189809	3.703241255464596e-123
TNNI3K	4.787878787878788	4.3222045956551894e-82	0.16714257	1.0
SEC24B	7.454545454545454	1.0	0.024152245	1.0
TRHR	5.681818181818182	1.664947422503421e-08	0.37616873	1.8283370052030987e-220
STRBP	5.287878787878788	3.3122123718160204e-32	-0.1461097	1.0
KCNJ5	8.303030303030303	1.0	-0.031893414	1.0
ZIC3	4.9393939393939394	5.535048770797336e-65	-0.02238114	1.0
TNPO1	4.787878787878788	4.3222045956551894e-82	0.032443125	1.0
NFIB	6.742424242424242	1.0	-0.07348355	1.0
ARHGAP10	4.454545454545454	1.8308025417514746e-124	0.59865904	0.0
PCSK5	5.409090909090909	2.812288621595938e-23	0.15082875	1.0
SHKBP1	4.712121212121212	3.445049409216623e-91	0.42616752	2.0764331860757e-311
SERPINB4	9.545454545454545	1.0	0.28155878	3.232759651926362e-69
TARDBP	6.666666666666667	1.0	-0.0077898726	1.0
PPP1R15B	4.515151515151516	2.3986497037817864e-116	0.58436453	0.0
LGI1	5.287878787878788	3.3122123718160204e-32	-0.08346307	1.0
NLE1	5.242424242424242	6.647471978626986e-36	0.4867929	0.0
PPP2R5B	4.106060606060606	8.500160823487073e-174	0.5642588	0.0
SYTL4	6.075757575757576	1.0	0.25751847	3.399255330811553e-41
DPYS	6.924242424242424	1.0	0.31825042	5.20046751833708e-122
NEIL1	5.5	1.6274518014202265e-17	-0.022683198	1.0
C19orf57	5.257575757575758	1.1911514938980334e-34	-0.1700414	1.0
EPHA6	5.863636363636363	0.005653383481306722	0.4154939	7.108534856112978e-292
POU1F1	3.9696969696969697	4.645458642258488e-194	0.46851224	0.0
PTH1R	5.53030303030303	8.920550128250713e-16	0.41960385	2.1416489989259667e-299
ATP2B1	4.363636363636363	6.189853655707169e-137	0.15025964	1.0
FOXD3	4.924242424242424	1.265707574008615e-66	-0.048964277	1.0
WBP11	4.075757575757576	2.898466868756153e-178	0.5505403	0.0
TRPC4	5.333333333333333	1.077567019711722e-28	0.64614934	0.0
PGD	7.878787878787879	1.0	-0.058271095	1.0
PDIA6	6.2272727272727275	1.0	0.36001077	8.116453231346635e-192
RAPGEF3	5.106060606060606	4.4949480382805774e-48	0.6015558	0.0
TERF2	4.484848484848484	2.2002490221096544e-120	-0.11253665	1.0
VPS33A	8.0	1.0	-0.1367832	1.0
EVPL	10.030303030303031	1.0	-0.01194956	1.0
PDIA4	7.454545454545454	1.0	-0.12501407	1.0
LENG8	5.166666666666667	1.799159943379442e-42	0.33494475	5.563050011384562e-149
SLC37A1	6.984848484848484	1.0	-0.063004166	1.0
SKIV2L2	6.757575757575758	1.0	-0.23718561	1.0
EXOSC10	5.257575757575758	1.1911514938980334e-34	-0.05624654	1.0
SH2D3A	4.409090909090909	1.1709431526636087e-130	-0.096017495	1.0
NPHP3	5.46969696969697	2.4090497997966194e-19	0.6476601	0.0
GTF2E2	4.2272727272727275	3.468440810002327e-156	0.49903446	0.0
APBB2	3.984848484848485	8.694410217617934e-192	0.52512205	0.0
USH1C	9.121212121212121	1.0	0.2470345	5.366988289228274e-31
MAPK10	3.727272727272727	8.661232710659125e-231	0.43388063	0.0
GP5	7.090909090909091	1.0	-0.10647395	1.0
ARHGEF1	4.424242424242424	1.3907764601371584e-128	0.27135158	1.4013085156227873e-56
PPP3CC	4.4393939393939394	1.6126884793906135e-126	0.44795647	0.0
AP4M1	15.0	1.0	-0.0473774	1.0
FAS	3.9393939393939394	1.3168145906029157e-198	0.32349524	2.5363859244454776e-130
LIME1	4.515151515151516	2.3986497037817864e-116	0.4863043	0.0
RAB38	3.8181818181818183	6.290434548230126e-217	0.3678241	1.3632601655047756e-205
RBM11	5.53030303030303	8.920550128250713e-16	0.46443444	0.0
CCDC116	5.181818181818182	4.0646540127585765e-41	-0.06325835	1.0
MAPK11	3.9545454545454546	2.497113161143616e-196	-0.029390465	1.0
DDR1	4.9393939393939394	5.535048770797336e-65	0.11521779	1.0
IHH	15.0	1.0	-0.027890678	1.0
FERMT3	6.257575757575758	1.0	0.32333395	4.592550229637537e-130
NBEA	5.863636363636363	0.005653383481306722	0.5004622	0.0
WNT6	12.712121212121213	1.0	-0.001241735	1.0
CPSF2	5.090909090909091	1.6019351837119586e-49	0.5459173	0.0
SCN4B	15.0	1.0	0.09391631	1.0
ZCCHC7	4.606060606060606	1.737959073153401e-104	-0.06164743	1.0
LRRC4C	15.0	1.0	-0.13100928	1.0
GLUD2	8.0	1.0	-0.087544024	1.0
PCSK9	6.909090909090909	1.0	0.46386185	0.0
SERPINB1	7.333333333333333	1.0	0.3734003	1.6301124052119526e-215
USP7	4.409090909090909	1.1709431526636087e-130	0.31918982	1.7367610474099636e-123
RANBP9	4.0	1.6094176380028617e-189	-0.19861233	1.0
PEX3	10.166666666666666	1.0	0.34615433	7.619860942717176e-168
GGCX	8.227272727272727	1.0	-0.19474196	1.0
SLC22A1	6.015151515151516	0.5905005552315811	-0.096741505	1.0
CASQ2	7.2272727272727275	1.0	-0.021270722	1.0
APEX2	4.878787878787879	1.210302589787204e-71	-0.053081095	1.0
MSANTD2	6.7727272727272725	1.0	-0.039560087	1.0
MICAL1	4.863636363636363	2.3944386296676495e-73	0.6493415	0.0
PPP1R18	4.515151515151516	2.3986497037817864e-116	-0.10119135	1.0
SIK3	4.378787878787879	7.77867107031269e-135	0.06986557	1.0
BICD2	4.984848484848484	3.703611499304987e-60	0.46321538	0.0
RBM41	4.7727272727272725	6.962344027357639e-84	0.0071163382	1.0
PAIP2B	5.9393939393939394	0.10865242828933425	0.035476193	1.0
IVL	11.030303030303031	1.0	-0.10722014	1.0
GPR143	11.424242424242424	1.0	-0.024225924	1.0
CYP1A2	15.0	1.0	0.31744534	9.499714489636788e-121
SLCO1A2	5.863636363636363	0.005653383481306722	-0.15568829	1.0
SLC16A8	5.621212121212121	3.982970927086116e-11	-0.07300717	1.0
FUS	4.075757575757576	2.898466868756153e-178	0.50639594	0.0
NOSIP	5.393939393939394	2.5866430052266783e-24	0.3543152	6.921641033217875e-182
CAMTA2	5.015151515151516	4.965087209642441e-57	0.058505237	1.0
ANKRD13D	5.409090909090909	2.812288621595938e-23	-0.08330644	1.0
THOC5	4.393939393939394	9.660381979554807e-133	-0.12407787	1.0
NFYC	3.878787878787879	9.67482637323781e-208	0.14543141	1.0
TUFM	6.363636363636363	1.0	-0.012225416	1.0
RPS6KC1	5.878787878787879	0.011370719431532743	0.4269707	7.0582642381e-313
MATN1	7.651515151515151	1.0	0.36660773	1.950599229700892e-203
INPP5B	4.787878787878788	4.3222045956551894e-82	0.5709381	0.0
AIPL1	6.0	0.46300423940933777	-0.0024711054	1.0
LDHA	15.0	1.0	0.024168639	1.0
GPR151	15.0	1.0	-0.03305825	1.0
THAP4	5.53030303030303	8.920550128250713e-16	-0.10506011	1.0
AAMP	6.46969696969697	1.0	-0.025621494	1.0
FOXP2	15.0	1.0	0.520086	0.0
NCAM2	5.666666666666667	3.999973542524087e-09	0.35343006	2.368030382317652e-180
CDC23	5.606060606060606	7.6746572533737e-12	0.4894993	0.0
CD36	5.0	1.3821620935970935e-58	-0.09154405	1.0
STK39	15.0	1.0	-0.1143567	1.0
GPR135	7.303030303030303	1.0	-0.0694015	1.0
F13A1	7.318181818181818	1.0	-0.1995299	1.0
PLAGL2	6.242424242424242	1.0	0.30426067	1.1014236088630362e-100
HNF1A	3.696969696969697	1.9680734649659724e-235	-0.1177771	1.0
SF1	4.621212121212121	1.49917227250215e-102	-0.13275641	1.0
LCP1	5.257575757575758	1.1911514938980334e-34	-0.15225248	1.0
GAN	5.287878787878788	3.3122123718160204e-32	0.51026785	0.0
TRAF7	4.757575757575758	1.090042831805119e-85	0.59040636	0.0
PLEKHA8	5.9393939393939394	0.10865242828933425	-0.07020917	1.0
ICMT	4.545454545454546	2.3923140793058067e-112	0.4470582	0.0
DLL1	5.151515151515151	7.625974972303267e-44	0.32084236	4.259406667856373e-126
PTPN9	8.621212121212121	1.0	-0.10694415	1.0
SFI1	5.409090909090909	2.812288621595938e-23	0.022781793	1.0
MSH3	4.848484848484849	4.5854224261642e-75	0.59663945	0.0
PLK2	5.4393939393939394	2.881456053844129e-21	-0.14192668	1.0
RND3	4.984848484848484	3.703611499304987e-60	0.12450309	1.0
BCS1L	7.0	1.0	-0.0030108113	1.0
GAD1	4.575757575757576	2.1596514624631015e-108	-0.13323952	1.0
NOL8	15.0	1.0	0.0047176997	1.0
EIF2AK1	4.212121212121212	2.28090257442149e-158	0.5786915	0.0
C1orf65	5.136363636363637	3.116249927713834e-45	0.41838077	3.704965576394153e-297
ATAD5	5.378787878787879	2.2421187423656065e-25	0.68674415	0.0
AGTR2	6.090909090909091	1.0	-0.0054765316	1.0
MLH3	6.242424242424242	1.0	0.5750572	0.0
CAMKV	7.393939393939394	1.0	-0.06064382	1.0
EYA3	4.7727272727272725	6.962344027357639e-84	-0.13888466	1.0
KRT13	6.575757575757576	1.0	0.26614046	1.5390284897577185e-50
FTSJ3	5.121212121212121	1.2068095274004981e-46	0.44250327	0.0
FBXL5	5.863636363636363	0.005653383481306722	-0.12852655	1.0
PIP5K1B	5.0606060606060606	1.797670388943156e-52	-0.09292301	1.0
PDYN	15.0	1.0	0.25345168	4.401262205068537e-37
ASIC2	5.196969696969697	8.770307777023999e-40	-0.11029711	1.0
TNFRSF11B	6.393939393939394	1.0	0.008719221	1.0
TBX5	5.090909090909091	1.6019351837119586e-49	-0.043876532	1.0
TARS	5.621212121212121	3.982970927086116e-11	0.45704558	0.0
MLPH	5.954545454545454	0.16775844587044184	-0.12792175	1.0
MAP2K6	4.03030303030303	5.2929460164396896e-185	0.44283915	0.0
PEX14	9.166666666666666	1.0	-0.01003325	1.0
NEB	5.545454545454546	6.0781751734860976e-15	-0.18109742	1.0
SYTL5	6.106060606060606	1.0	0.26672706	3.3236387630486726e-51
HMGXB4	4.393939393939394	9.660381979554807e-133	-0.094440885	1.0
TADA2A	4.590909090909091	1.9637076384770094e-106	0.55362844	0.0
IGDCC3	15.0	1.0	0.2699944	5.592356377189085e-55
WFIKKN2	15.0	1.0	0.35048807	2.8473568711687986e-175
RAVER1	4.96969696969697	9.498709933095162e-62	-0.1682293	1.0
MID2	6.5	1.0	-0.15894997	1.0
PDHA2	8.666666666666666	1.0	-0.016163532	1.0
NUAK1	4.787878787878788	4.3222045956551894e-82	0.49994025	0.0
AMOT	5.2272727272727275	3.567716469429752e-37	0.5809365	0.0
WDR12	5.151515151515151	7.625974972303267e-44	0.028101891	1.0
ZNF670	9.484848484848484	1.0	-0.005562476	1.0
SRP54	5.909090909090909	0.03906974193032677	-0.04868159	1.0
ZCCHC12	6.2727272727272725	1.0	0.3365697	1.1088333131495815e-151
SAA1	7.4393939393939394	1.0	0.50753444	0.0
PIP5K1C	5.378787878787879	2.2421187423656065e-25	0.5480103	0.0
CEP70	4.878787878787879	1.210302589787204e-71	0.34859592	5.070233191980059e-172
OLFM2	8.090909090909092	1.0	-0.05294009	1.0
CPE	6.984848484848484	1.0	-0.049452573	1.0
NLRP4	4.363636363636363	6.189853655707169e-137	0.5870812	0.0
TNFRSF8	4.878787878787879	1.210302589787204e-71	-0.15388577	1.0
RASGRP1	4.863636363636363	2.3944386296676495e-73	-0.1671781	1.0
NAIP	4.575757575757576	2.1596514624631015e-108	-0.020624753	1.0
ZDHHC17	6.378787878787879	1.0	-0.13781862	1.0
MNT	4.4393939393939394	1.6126884793906135e-126	-0.1356304	1.0
PTPN5	3.893939393939394	1.8846682085548561e-205	0.5886275	0.0
EPM2AIP1	15.0	1.0	-0.10135737	1.0
XRN2	5.666666666666667	3.999973542524087e-09	0.4447271	0.0
RRBP1	4.318181818181818	2.7918664717826296e-143	0.2040415	0.00026234925259820867
SLC12A4	5.075757575757576	5.495762606430855e-51	0.5306147	0.0
RSBN1	4.590909090909091	1.9637076384770094e-106	-0.13919647	1.0
CLASP1	4.318181818181818	2.7918664717826296e-143	0.39752054	4.677022546488746e-259
SERPINB12	8.303030303030303	1.0	-0.0066917236	1.0
IL10RA	15.0	1.0	-0.08557859	1.0
SLC35E1	6.454545454545454	1.0	0.0003358943	1.0
IKBKAP	4.287878787878788	1.4852780113973228e-147	0.28553253	2.0843735051025787e-74
CARS	5.090909090909091	1.6019351837119586e-49	0.58517176	0.0
TBC1D5	5.0	1.3821620935970935e-58	0.26082543	1.1100000166901988e-44
PRMT1	3.5454545454545454	9.230529732264593e-259	-0.13563636	1.0
ANKRD13A	5.454545454545454	2.703891876666768e-20	-0.101008974	1.0
ACAA2	8.5	1.0	-0.022954408	1.0
LANCL1	7.136363636363637	1.0	-0.02058296	1.0
PIGT	15.0	1.0	0.20703161	2.528349584968633e-05
USP28	4.621212121212121	1.49917227250215e-102	0.15610315	1.0
NUFIP2	4.333333333333333	3.721508830056371e-141	-0.1271746	1.0
ZNF33B	5.090909090909091	1.6019351837119586e-49	0.5329683	0.0
RLF	4.651515151515151	1.037003425140186e-98	0.13528791	1.0
ZNF594	6.0606060606060606	0.9815462904994844	0.37105134	2.5175147545809152e-211
SCTR	9.833333333333334	1.0	0.2409073	1.1502076360960169e-25
KCNQ2	4.378787878787879	7.77867107031269e-135	0.56739193	0.0
DNAJC7	3.984848484848485	8.694410217617934e-192	0.5517053	0.0
PKNOX2	7.045454545454546	1.0	0.27468908	1.3443534549763974e-60
HIC1	4.378787878787879	7.77867107031269e-135	-0.13935703	1.0
A1CF	15.0	1.0	0.37748918	7.86178593582311e-223
SFTPB	9.545454545454545	1.0	-0.015291854	1.0
PTPN21	4.242424242424242	5.153875612728923e-154	0.6034723	0.0
POLR3E	15.0	1.0	-0.13638021	1.0
KIF20A	5.484848484848484	2.035332163566379e-18	0.5158906	0.0
CD97	15.0	1.0	0.29946223	1.1014638360493008e-93
CCT3	4.545454545454546	2.3923140793058067e-112	-0.10774925	1.0
ALG9	5.136363636363637	3.116249927713834e-45	-0.11554233	1.0
DDR2	4.787878787878788	4.3222045956551894e-82	0.34289598	2.6256671770635954e-162
SLC4A4	5.257575757575758	1.1911514938980334e-34	0.54112047	0.0
KIAA1683	5.151515151515151	7.625974972303267e-44	0.069895	1.0
COPB1	6.742424242424242	1.0	0.34082383	8.281729828957746e-159
DES	6.878787878787879	1.0	-0.059609085	1.0
GGA2	5.484848484848484	2.035332163566379e-18	-0.19517455	1.0
GABPA	4.166666666666667	6.137148820145575e-165	0.49828985	0.0
AKAP11	4.196969696969697	1.4895433699893624e-160	-0.12939078	1.0
PDZK1	6.848484848484849	1.0	-0.16081426	1.0
ITGA2B	5.454545454545454	2.703891876666768e-20	-0.21801797	1.0
SYTL3	6.015151515151516	0.5905005552315811	0.34397554	3.885501227010599e-164
RUFY1	4.848484848484849	4.5854224261642e-75	-0.13447879	1.0
NSF	6.7272727272727275	1.0	-0.1805575	1.0
NR5A1	3.9393939393939394	1.3168145906029157e-198	-0.16679323	1.0
SESN1	5.9393939393939394	0.10865242828933425	-0.09267841	1.0
NRP2	6.242424242424242	1.0	-0.14896685	1.0
CCT6A	5.090909090909091	1.6019351837119586e-49	-0.035907898	1.0
DPYSL5	5.924242424242424	0.06681571323853634	-0.107063174	1.0
APLP2	3.787878787878788	1.5217783380568327e-221	0.32847282	2.3707740678333656e-138
F2R	8.045454545454545	1.0	-0.011041483	1.0
TRAF3IP3	5.545454545454546	6.0781751734860976e-15	-0.07589217	1.0
NTNG1	15.0	1.0	0.2011756	0.0018729824854747008
CNNM3	5.2272727272727275	3.567716469429752e-37	0.37143832	5.147864135149948e-212
MMP24	8.166666666666666	1.0	-0.12902702	1.0
DDX11	4.681818181818182	6.333737555295499e-95	0.5683983	0.0
KCNA1	5.2727272727272725	2.0333752743474065e-33	0.45644885	0.0
SLC16A1	6.2272727272727275	1.0	-0.05949575	1.0
ATF1	3.742424242424242	1.7943064372120767e-228	0.42903277	1.1904162e-316
ASL	7.242424242424242	1.0	0.2618405	8.93856589725535e-46
CASC3	5.666666666666667	3.999973542524087e-09	-0.15794848	1.0
THOP1	5.954545454545454	0.16775844587044184	-0.15528452	1.0
ZNF83	3.9545454545454546	2.497113161143616e-196	0.5156313	0.0
ABCB8	5.121212121212121	1.2068095274004981e-46	-0.15759407	1.0
SLC22A5	5.863636363636363	0.005653383481306722	-0.11307499	1.0
AKAP1	4.621212121212121	1.49917227250215e-102	0.52264136	0.0
SRP68	5.2272727272727275	3.567716469429752e-37	0.3472744	9.302593230585572e-170
MARCH4	5.909090909090909	0.03906974193032677	-0.010742879	1.0
UBASH3A	4.484848484848484	2.2002490221096544e-120	-0.10040994	1.0
RBCK1	5.787878787878788	7.476737059261286e-05	0.48049158	0.0
ZNF354A	5.090909090909091	1.6019351837119586e-49	-0.12884414	1.0
SAA2	7.4393939393939394	1.0	0.23807788	2.2824411769697685e-23
TIMELESS	6.0606060606060606	0.9815462904994844	0.0065318355	1.0
ZNF107	4.7272727272727275	2.421712560332582e-89	0.5808516	0.0
C1orf216	5.515151515151516	1.237552061909311e-16	0.33995065	2.437575462963392e-157
ERCC5	4.666666666666667	8.237161641457738e-97	0.5055376	0.0
NAT2	15.0	1.0	0.27027595	2.6134315802063447e-55
ADCY2	5.4393939393939394	2.881456053844129e-21	0.52660275	0.0
USF2	3.9393939393939394	1.3168145906029157e-198	0.24379782	4.021780912112908e-28
MMP16	6.409090909090909	1.0	-0.13166155	1.0
MME	5.257575757575758	1.1911514938980334e-34	0.3487454	2.810329878794377e-172
TNFAIP6	7.393939393939394	1.0	0.38002187	2.229149028118534e-227
TBC1D17	5.4393939393939394	2.881456053844129e-21	-0.1345019	1.0
SLC7A11	15.0	1.0	0.24794354	7.909270073649891e-32
SAAL1	6.606060606060606	1.0	-0.020383634	1.0
PLSCR4	5.287878787878788	3.3122123718160204e-32	0.38845655	1.3380744417275835e-242
CSE1L	4.454545454545454	1.8308025417514746e-124	0.5745394	0.0
ARHGAP26	4.46969696969697	2.040032193293724e-122	0.6213846	0.0
DDX56	6.196969696969697	1.0	-0.066146605	1.0
DHCR24	3.9696969696969697	4.645458642258488e-194	-0.04981409	1.0
CPSF7	4.333333333333333	3.721508830056371e-141	0.41739982	2.3117124876481127e-295
ZNF274	4.9393939393939394	5.535048770797336e-65	0.43764818	0.0
SYNCRIP	6.333333333333333	1.0	-0.15104277	1.0
FCRL3	5.242424242424242	6.647471978626986e-36	-0.1288364	1.0
WASF2	4.2727272727272725	1.056112086203131e-149	0.421254	2.0365456220386862e-302
CTNNA2	5.181818181818182	4.0646540127585765e-41	0.58768547	0.0
TRIP6	4.257575757575758	7.504677503470952e-152	-0.17898276	1.0
MARS	5.242424242424242	6.647471978626986e-36	0.4150183	5.2635892910411396e-291
ASB4	7.4393939393939394	1.0	-0.02298411	1.0
SEC13	8.015151515151516	1.0	0.07678665	1.0
MEP1A	7.5606060606060606	1.0	-0.16374512	1.0
KLHL8	4.833333333333333	8.451693755487221e-77	-0.106244326	1.0
SERPINA10	8.727272727272727	1.0	-0.013139737	1.0
PRKAB1	15.0	1.0	0.030830603	1.0
SLC9A5	5.666666666666667	3.999973542524087e-09	0.50834966	0.0
CPSF4	15.0	1.0	0.24393226	3.0736325147930458e-28
RGS14	6.075757575757576	1.0	-0.1121208	1.0
IPCEF1	5.333333333333333	1.077567019711722e-28	-0.019514753	1.0
FH	15.0	1.0	-0.06452815	1.0
PGM1	5.893939393939394	0.021657682436614336	-0.115923025	1.0
FANCG	4.5606060606060606	2.3057357993651317e-110	0.3873286	1.4749556173963193e-240
LFNG	5.151515151515151	7.625974972303267e-44	0.094282985	1.0
NELF	4.863636363636363	2.3944386296676495e-73	-0.07599107	1.0
RASSF9	6.666666666666667	1.0	0.3009971	6.645664370032413e-96
PIK3R4	4.257575757575758	7.504677503470952e-152	0.5164766	0.0
WIPF3	6.151515151515151	1.0	-0.058909006	1.0
IGSF8	6.515151515151516	1.0	0.25383058	1.857510471949307e-37
POLA2	4.757575757575758	1.090042831805119e-85	-0.20311062	1.0
CNDP2	5.712121212121212	2.43404951276035e-07	-0.052959412	1.0
L3MBTL2	5.0606060606060606	1.797670388943156e-52	-0.15680432	1.0
MKS1	7.0	1.0	0.49719214	0.0
KLF11	3.742424242424242	1.7943064372120767e-228	0.49497002	0.0
ATXN10	8.954545454545455	1.0	-0.040301003	1.0
GGT1	6.621212121212121	1.0	0.34789124	8.179260760809053e-171
SLC22A11	6.090909090909091	1.0	0.40280086	1.1178124666873492e-268
DUOX2	15.0	1.0	0.32641745	5.0840202529944843e-135
SRPK3	5.2727272727272725	2.0333752743474065e-33	0.46770927	0.0
AKAP10	5.757575757575758	8.96438933889546e-06	-0.15218768	1.0
SOBP	6.0606060606060606	0.9815462904994844	0.31242722	5.619627534223971e-113
OTUD5	5.46969696969697	2.4090497997966194e-19	-0.107336976	1.0
ITGAD	5.863636363636363	0.005653383481306722	0.48237565	0.0
RBM8A	6.0606060606060606	0.9815462904994844	0.3333953	2.0312659104932936e-146
WDR65	4.5	2.320495940381192e-118	0.5439504	0.0
LZTS2	4.7272727272727275	2.421712560332582e-89	-0.16744484	1.0
UPF3B	6.742424242424242	1.0	0.4282531	3.18275455e-315
GSN	4.303030303030303	2.0612681446983352e-145	0.1769839	1.0
SARS2	4.303030303030303	2.0612681446983352e-145	-0.02372718	1.0
EIF3D	5.545454545454546	6.0781751734860976e-15	-0.13153094	1.0
ENO1	6.212121212121212	1.0	0.32599804	2.416979596554916e-134
DUSP23	8.5	1.0	0.054875605	1.0
EED	4.257575757575758	7.504677503470952e-152	-0.12051948	1.0
CA2	6.196969696969697	1.0	0.05875909	1.0
DIP2A	4.636363636363637	1.2663970208888846e-100	0.6144026	0.0
ENO3	15.0	1.0	-0.02962719	1.0
NUP54	5.257575757575758	1.1911514938980334e-34	-0.09357453	1.0
ENTPD1	5.0	1.3821620935970935e-58	-0.015573169	1.0
HSP90B1	5.621212121212121	3.982970927086116e-11	0.51640105	0.0
VANGL2	5.03030303030303	1.7150705756327545e-55	0.38623527	1.3999214499709408e-238
C7orf26	15.0	1.0	-0.032387756	1.0
FUT7	6.03030303030303	0.7263459392288968	0.032037545	1.0
KCNA10	7.166666666666667	1.0	-0.06751719	1.0
NUP62	4.53030303030303	2.4274693143251508e-114	-0.19676566	1.0
XIRP1	4.848484848484849	4.5854224261642e-75	0.26011002	6.456275260946068e-44
PSME3	3.772727272727273	7.597686340594044e-224	0.40774915	1.0281521396037085e-277
RCC1	4.5	2.320495940381192e-118	0.5019443	0.0
GIN1	6.0606060606060606	0.9815462904994844	-0.07582177	1.0
OLFM3	6.212121212121212	1.0	0.33289394	1.364847001838972e-145
CLPB	4.712121212121212	3.445049409216623e-91	0.40486297	1.9233950916383857e-272
PDIA2	4.924242424242424	1.265707574008615e-66	-0.08409291	1.0
TAL1	4.090909090909091	4.996803001880512e-176	0.015802803	1.0
EFHA1	4.7727272727272725	6.962344027357639e-84	-0.0082531655	1.0
SLC22A3	7.863636363636363	1.0	-0.08757656	1.0
IKBKE	4.196969696969697	1.4895433699893624e-160	0.61185247	0.0
IL21R	4.909090909090909	2.7919646467736866e-68	0.46568492	0.0
IRAK2	4.878787878787879	1.210302589787204e-71	-0.20895274	1.0
SLC16A10	5.121212121212121	1.2068095274004981e-46	-0.06167165	1.0
SNTB1	5.575757575757576	2.407667682078258e-13	-0.15036495	1.0
EIF2B5	3.9696969696969697	4.645458642258488e-194	0.41534486	1.330216261552505e-291
ACTL6A	3.9242424242424243	6.899921184262694e-201	-0.018818805	1.0
GDI1	6.378787878787879	1.0	-0.03932749	1.0
DPH1	5.924242424242424	0.06681571323853634	-0.045349512	1.0
PDIA3	5.818181818181818	0.0004998900831057169	-0.10772006	1.0
HTRA1	5.818181818181818	0.0004998900831057169	-0.06450918	1.0
CAMSAP3	8.287878787878787	1.0	0.024182813	1.0
GIGYF2	5.0606060606060606	1.797670388943156e-52	0.43828163	0.0
ABHD16A	6.742424242424242	1.0	-0.1066182	1.0
SEL1L3	8.287878787878787	1.0	0.4770571	0.0
TESK1	4.287878787878788	1.4852780113973228e-147	-0.14193827	1.0
FGFRL1	6.984848484848484	1.0	-0.060153835	1.0
SPAG4	6.833333333333333	1.0	0.2488116	1.2442109996796692e-32
GSTM4	3.878787878787879	9.67482637323781e-208	0.25549763	3.9748223095812505e-39
ASB2	4.7272727272727275	2.421712560332582e-89	-0.108384416	1.0
CORO1A	5.287878787878788	3.3122123718160204e-32	0.35136768	8.68522808894952e-177
MESDC1	13.712121212121213	1.0	0.058643863	1.0
ARHGAP24	4.833333333333333	8.451693755487221e-77	-0.15128382	1.0
SCN10A	4.96969696969697	9.498709933095162e-62	0.5625162	0.0
TBRG1	5.454545454545454	2.703891876666768e-20	0.018097313	1.0
UCP3	4.151515151515151	3.849589723230579e-167	0.3342698	7.29131518647328e-148
GPKOW	5.666666666666667	3.999973542524087e-09	-0.011962473	1.0
CDK3	4.045454545454546	9.413247275261345e-183	0.57375306	0.0
PAK7	4.515151515151516	2.3986497037817864e-116	0.40661252	1.2254344778649248e-275
SLC1A6	5.787878787878788	7.476737059261286e-05	-0.09802075	1.0
MKNK2	3.727272727272727	8.661232710659125e-231	0.5012149	0.0
ZNF250	4.984848484848484	3.703611499304987e-60	-0.17394707	1.0
MPHOSPH8	5.0	1.3821620935970935e-58	0.5054564	0.0
TTC37	4.757575757575758	1.090042831805119e-85	0.39096	3.888116302300652e-247
POU2F2	4.03030303030303	5.2929460164396896e-185	-0.020191684	1.0
USP21	6.257575757575758	1.0	0.34137797	9.645688295923439e-160
PPP2R5D	4.409090909090909	1.1709431526636087e-130	-0.16153146	1.0
ANKRD27	4.545454545454546	2.3923140793058067e-112	0.5839086	0.0
ENY2	15.0	1.0	0.20587376	6.475426704958264e-05
EPB41L1	4.151515151515151	3.849589723230579e-167	0.29216596	2.1945936530625436e-83
TCEB3B	4.984848484848484	3.703611499304987e-60	-0.21039058	1.0
ZNF277	5.348484848484849	1.4467502508287116e-27	0.011253776	1.0
SEC16A	7.454545454545454	1.0	0.62145466	0.0
ANGPT2	5.378787878787879	2.2421187423656065e-25	-0.06631252	1.0
RNF144A	5.96969696969697	0.24669780146475193	0.32437953	9.72083017640556e-132
PPP6R3	4.363636363636363	6.189853655707169e-137	0.34079123	9.395377539852164e-159
ABCB4	6.53030303030303	1.0	0.013604379	1.0
SLC12A2	15.0	1.0	0.5335272	0.0
EPRS	5.045454545454546	5.659481355966012e-54	0.26254553	1.5295523936593242e-46
PRPF4	5.96969696969697	0.24669780146475193	-0.08470031	1.0
KDM2A	4.03030303030303	5.2929460164396896e-185	0.58816785	0.0
ICAM5	4.636363636363637	1.2663970208888846e-100	-0.20537513	1.0
ZBTB7B	5.2272727272727275	3.567716469429752e-37	-0.07358909	1.0
KLC1	4.666666666666667	8.237161641457738e-97	-0.1341778	1.0
MYBPC1	5.833333333333333	0.0011874730962516493	0.05703858	1.0
SOX13	4.878787878787879	1.210302589787204e-71	0.382401	1.1664474391520402e-231
ADAR	4.893939393939394	5.918212061668534e-70	0.6731655	0.0
DPP3	4.5606060606060606	2.3057357993651317e-110	-0.17029119	1.0
STK35	4.090909090909091	4.996803001880512e-176	0.018736796	1.0
PDK4	7.818181818181818	1.0	-0.015202255	1.0
USP25	4.803030303030303	2.5916093890928528e-80	0.56513476	0.0
TNFRSF10A	4.424242424242424	1.3907764601371584e-128	-0.14105678	1.0
SERPINB2	6.287878787878788	1.0	-0.002971934	1.0
GTPBP4	4.363636363636363	6.189853655707169e-137	-0.06908513	1.0
GBP1	5.696969696969697	6.547083669482187e-08	0.4002636	4.72949159784601e-264
FOXP3	4.575757575757576	2.1596514624631015e-108	0.026721945	1.0
MYH1	5.666666666666667	3.999973542524087e-09	0.5942383	0.0
SNPH	6.409090909090909	1.0	-0.045439	1.0
ERRFI1	4.363636363636363	6.189853655707169e-137	0.0074415966	1.0
USO1	5.363636363636363	1.847101461835938e-26	-0.21321219	1.0
COG7	15.0	1.0	0.3112623	3.3958239612768376e-111
IL17RD	4.651515151515151	1.037003425140186e-98	-0.14993757	1.0
SCEL	5.393939393939394	2.5866430052266783e-24	0.1556046	1.0
NEK7	6.03030303030303	0.7263459392288968	0.029556781	1.0
RIPK2	4.378787878787879	7.77867107031269e-135	0.23480305	7.732082657945542e-21
DYNC1LI2	7.0606060606060606	1.0	-0.052745968	1.0
ASNS	6.7727272727272725	1.0	0.25675726	2.070117549048242e-40
TXLNG	7.03030303030303	1.0	0.012166316	1.0
ACE	5.984848484848484	0.3459152735646521	0.39895168	1.1616850775503478e-261
PLCD4	6.181818181818182	1.0	0.38931087	3.7932827159194503e-244
DPP7	6.96969696969697	1.0	-0.036616303	1.0
INPP1	5.787878787878788	7.476737059261286e-05	0.0004646268	1.0
DCLRE1A	4.46969696969697	2.040032193293724e-122	0.18374015	1.0
ENOX2	5.318181818181818	7.64416891530246e-30	-0.11085908	1.0
TAF1L	4.53030303030303	2.4274693143251508e-114	0.6683295	0.0
NDOR1	5.651515151515151	9.112849250268435e-10	-0.11305197	1.0
MBD6	5.878787878787879	0.011370719431532743	0.32296076	1.8120359015762755e-129
NR1H4	3.9545454545454546	2.497113161143616e-196	0.5094756	0.0
CDC45	4.424242424242424	1.3907764601371584e-128	0.4467287	0.0
LMNA	4.136363636363637	2.3580860918747585e-169	-0.2116758	1.0
FANCC	4.0606060606060606	1.6578578839968477e-180	-0.1832816	1.0
PARD6G	4.196969696969697	1.4895433699893624e-160	0.15758333	1.0
TROVE2	5.984848484848484	0.3459152735646521	-0.08552368	1.0
LEPRE1	6.5	1.0	0.20079899	0.0023747458334698194
PRKCSH	6.2272727272727275	1.0	0.3406577	1.5767461402054928e-158
KIFC3	5.181818181818182	4.0646540127585765e-41	-0.17586589	1.0
IFT88	6.136363636363637	1.0	0.22593668	1.036694515761758e-14
LIN9	4.378787878787879	7.77867107031269e-135	-0.05740689	1.0
CYP2C9	15.0	1.0	-0.054312788	1.0
EPN3	5.106060606060606	4.4949480382805774e-48	-0.12564565	1.0
ANAPC7	4.787878787878788	4.3222045956551894e-82	0.5709437	0.0
PRKRIR	4.53030303030303	2.4274693143251508e-114	-0.1854331	1.0
ZBTB2	4.2727272727272725	1.056112086203131e-149	0.0050658816	1.0
TF	6.545454545454546	1.0	-0.19392648	1.0
HGFAC	8.212121212121213	1.0	0.26978037	9.959039510214152e-55
CEP63	5.515151515151516	1.237552061909311e-16	-0.16683316	1.0
F11	7.712121212121212	1.0	0.3339775	2.2180848256979756e-147
NCKAP5	4.924242424242424	1.265707574008615e-66	0.6072785	0.0
MKL2	4.666666666666667	8.237161641457738e-97	0.6486276	0.0
IPO9	5.2727272727272725	2.0333752743474065e-33	0.5144243	0.0
CELF2	15.0	1.0	-0.068834074	1.0
ZNF558	7.2272727272727275	1.0	0.00095272245	1.0
SAG	5.96969696969697	0.24669780146475193	0.38550085	2.9730239944852286e-237
TBRG4	5.121212121212121	1.2068095274004981e-46	-0.05354064	1.0
PLIN3	6.106060606060606	1.0	-0.050678723	1.0
CFHR3	10.151515151515152	1.0	0.2830565	3.718635432480037e-71
TINAGL1	5.242424242424242	6.647471978626986e-36	0.4695076	0.0
SEC24A	5.757575757575758	8.96438933889546e-06	0.51092434	0.0
SMCR7L	4.363636363636363	6.189853655707169e-137	0.40697542	2.667280303824182e-276
PPFIBP1	4.96969696969697	9.498709933095162e-62	0.18015239	1.0
ICAM3	5.106060606060606	4.4949480382805774e-48	-0.17503546	1.0
RFX5	4.606060606060606	1.737959073153401e-104	-0.14431283	1.0
PREPL	5.348484848484849	1.4467502508287116e-27	0.37355298	8.700716882668796e-216
MAMSTR	5.257575757575758	1.1911514938980334e-34	-0.0036745004	1.0
FBXL4	5.863636363636363	0.005653383481306722	-0.110860005	1.0
ATRAID	7.045454545454546	1.0	0.027575132	1.0
FOXL1	5.757575757575758	8.96438933889546e-06	0.04185421	1.0
OPN1LW	4.378787878787879	7.77867107031269e-135	0.10692261	1.0
HTR3A	5.909090909090909	0.03906974193032677	0.29219684	1.9897369461250802e-83
FDPS	4.696969696969697	4.730191825147677e-93	0.41542548	9.482226101060784e-292
RGS9	15.0	1.0	0.2816166	2.723890284856311e-69
ETV3	6.0	0.46300423940933777	-0.059740387	1.0
ZP3	15.0	1.0	-0.012195745	1.0
IPP	6.409090909090909	1.0	0.29214388	2.3529018561466614e-83
KCNA3	5.545454545454546	6.0781751734860976e-15	-0.102862105	1.0
KCNB2	15.0	1.0	0.5409757	0.0
GPR50	6.2272727272727275	1.0	-0.12685665	1.0
ACIN1	6.2272727272727275	1.0	0.36475408	3.6912600264072726e-200
RCN3	5.712121212121212	2.43404951276035e-07	0.107778475	1.0
HJURP	5.393939393939394	2.5866430052266783e-24	0.29297563	1.662502466163993e-84
SV2B	6.53030303030303	1.0	-0.07861073	1.0
STK25	6.0	0.46300423940933777	-0.036136523	1.0
LNPEP	7.681818181818182	1.0	0.6232571	0.0
ALS2CR11	5.348484848484849	1.4467502508287116e-27	0.5205421	0.0
KCNJ11	15.0	1.0	0.022690166	1.0
NVL	5.181818181818182	4.0646540127585765e-41	-0.16309285	1.0
TOX4	5.151515151515151	7.625974972303267e-44	-0.09292503	1.0
GJA8	6.015151515151516	0.5905005552315811	0.3912553	1.1323688735536891e-247
MMP15	6.409090909090909	1.0	-0.13511945	1.0
PROZ	8.227272727272727	1.0	0.03294374	1.0
THBS3	8.530303030303031	1.0	0.5941257	0.0
ITGAE	4.409090909090909	1.1709431526636087e-130	0.6849765	0.0
UNKL	3.909090909090909	3.667840828331614e-203	0.4398758	0.0
TALDO1	7.878787878787879	1.0	0.3188643	5.6439590937582734e-123
MAML3	4.818181818181818	1.5059610191706582e-78	-0.20473056	1.0
DDX1	4.242424242424242	5.153875612728923e-154	0.3936502	5.086055809646585e-252
DAZ4	15.0	1.0	-0.007884329	1.0
NPTX2	15.0	1.0	-0.021285392	1.0
EMILIN1	15.0	1.0	0.55653137	0.0
DDX49	5.090909090909091	1.6019351837119586e-49	-0.02795135	1.0
TUBGCP2	5.909090909090909	0.03906974193032677	0.5046898	0.0
PSMD2	5.545454545454546	6.0781751734860976e-15	0.3131988	3.6738212090186585e-114
TIPARP	4.803030303030303	2.5916093890928528e-80	0.23722655	1.0707006605742764e-22
UGDH	15.0	1.0	-0.008009943	1.0
KRT9	4.454545454545454	1.8308025417514746e-124	-0.09312289	1.0
PRKD2	5.196969696969697	8.770307777023999e-40	0.56506157	0.0
IDH2	6.5	1.0	-0.027333215	1.0
EFNB3	5.575757575757576	2.407667682078258e-13	0.118090324	1.0
FAM63A	7.878787878787879	1.0	0.0072746766	1.0
PKMYT1	4.136363636363637	2.3580860918747585e-169	-0.052057497	1.0
KHSRP	8.227272727272727	1.0	-0.15500183	1.0
BCAS1	5.2727272727272725	2.0333752743474065e-33	0.27394408	1.0847146038033917e-59
KCNJ6	6.909090909090909	1.0	-0.04253004	1.0
SLC2A1	6.818181818181818	1.0	-0.045810714	1.0
FERMT2	6.015151515151516	0.5905005552315811	0.32324702	6.3237913524572146e-130
IL11RA	7.015151515151516	1.0	-0.03221328	1.0
LILRB2	6.818181818181818	1.0	-0.15702762	1.0
WNT3	9.712121212121213	1.0	0.00080228935	1.0
TNFRSF1B	4.863636363636363	2.3944386296676495e-73	-0.06697913	1.0
GDA	5.666666666666667	3.999973542524087e-09	0.4727893	0.0
NFIC	7.742424242424242	1.0	-0.06091698	1.0
SOX4	4.242424242424242	5.153875612728923e-154	0.5302009	0.0
GRK7	5.393939393939394	2.5866430052266783e-24	-0.09001654	1.0
IWS1	6.090909090909091	1.0	0.3124136	5.894499969439756e-113
CHRDL1	7.075757575757576	1.0	0.014771129	1.0
ICAM1	5.666666666666667	3.999973542524087e-09	-0.12589148	1.0
KIF23	4.166666666666667	6.137148820145575e-165	0.27037016	2.025673380110996e-55
SPATC1	5.075757575757576	5.495762606430855e-51	0.36405945	6.198575639684443e-199
ERMAP	5.363636363636363	1.847101461835938e-26	-0.021843757	1.0
EPB41	4.333333333333333	3.721508830056371e-141	-0.22177257	1.0
TUBA1C	5.090909090909091	1.6019351837119586e-49	-0.009061992	1.0
SLC16A2	4.787878787878788	4.3222045956551894e-82	-0.07428054	1.0
TAF15	4.848484848484849	4.5854224261642e-75	0.4248478	5.39538854227691e-309
PDCD4	5.46969696969697	2.4090497997966194e-19	-0.067396894	1.0
TRIM32	5.878787878787879	0.011370719431532743	-0.13043877	1.0
PHGDH	5.090909090909091	1.6019351837119586e-49	0.3295627	3.9810209287460765e-140
C16orf59	5.4393939393939394	2.881456053844129e-21	-0.0064960243	1.0
FASTKD5	5.5	1.6274518014202265e-17	0.3590589	3.7646486470138915e-190
EPHA7	5.863636363636363	0.005653383481306722	0.09920483	1.0
SORD	6.984848484848484	1.0	0.37016743	9.406759238428991e-210
NRG1	5.166666666666667	1.799159943379442e-42	0.6952048	0.0
KLHL20	4.787878787878788	4.3222045956551894e-82	-0.11245687	1.0
SNX15	6.212121212121212	1.0	0.2755748	1.104149171570246e-61
MKL1	4.333333333333333	3.721508830056371e-141	0.6416869	0.0
MATN4	7.651515151515151	1.0	-0.06058077	1.0
RAPGEF5	4.878787878787879	1.210302589787204e-71	0.32402384	3.6109118242748564e-131
ST7	4.7272727272727275	2.421712560332582e-89	0.3991551	4.9488274579473656e-262
EHBP1	6.090909090909091	1.0	0.54767716	0.0
ISG20L2	8.0	1.0	0.012733205	1.0
SLC1A3	4.818181818181818	1.5059610191706582e-78	-0.085542224	1.0
TLR1	5.484848484848484	2.035332163566379e-18	0.23411289	2.532850213520086e-20
INA	4.712121212121212	3.445049409216623e-91	-0.022007905	1.0
ATRNL1	15.0	1.0	0.4544554	0.0
KCNQ3	4.803030303030303	2.5916093890928528e-80	0.32716575	3.129835989125255e-136
BACH2	5.818181818181818	0.0004998900831057169	0.31602955	1.5347219019637141e-118
TULP2	5.242424242424242	6.647471978626986e-36	-0.06459342	1.0
RAB3B	6.545454545454546	1.0	0.11189906	1.0
NFIX	5.757575757575758	8.96438933889546e-06	0.39815927	3.2213505699248238e-260
ULK2	5.303030303030303	5.157518393752423e-31	0.13827159	1.0
NDEL1	4.121212121212121	1.4224876522889679e-171	0.12210137	1.0
GOLGA7	5.318181818181818	7.64416891530246e-30	0.11764386	1.0
FOXH1	3.909090909090909	3.667840828331614e-203	0.49097708	0.0
UCP2	4.151515151515151	3.849589723230579e-167	0.49049672	0.0
PCOLCE	6.424242424242424	1.0	-0.0024025505	1.0
GAPVD1	4.318181818181818	2.7918664717826296e-143	0.449552	0.0
TRIM6	5.863636363636363	0.005653383481306722	0.27029386	2.4903864041514738e-55
GPI	6.621212121212121	1.0	-0.09241167	1.0
MYH4	6.515151515151516	1.0	0.3300379	6.668747784864203e-141
MZF1	5.590909090909091	1.3974580680846262e-12	0.23911296	3.385672550220082e-24
ZMIZ1	6.287878787878788	1.0	0.13449398	1.0
CDH6	15.0	1.0	-0.19351363	1.0
VRK2	4.712121212121212	3.445049409216623e-91	-0.06126044	1.0
GLDC	6.03030303030303	0.7263459392288968	0.12745444	1.0
MLF1IP	7.015151515151516	1.0	-0.028010836	1.0
FANCE	4.378787878787879	7.77867107031269e-135	0.5741171	0.0
MIER1	4.318181818181818	2.7918664717826296e-143	0.5712625	0.0
MIS18BP1	4.424242424242424	1.3907764601371584e-128	0.5832859	0.0
CRELD2	8.878787878787879	1.0	-0.0026152306	1.0
CSRNP2	4.515151515151516	2.3986497037817864e-116	-0.06478076	1.0
SET	4.075757575757576	2.898466868756153e-178	-0.032549083	1.0
PRF1	5.196969696969697	8.770307777023999e-40	0.30950707	1.57737803826419e-108
CPNE3	7.242424242424242	1.0	0.2636254	9.961400447108242e-48
CD7	15.0	1.0	0.027070526	1.0
CCDC86	7.2727272727272725	1.0	-0.003012658	1.0
COL14A1	6.106060606060606	1.0	-0.10049216	1.0
FBXO30	4.090909090909091	4.996803001880512e-176	0.4322846	1.53e-322
NDUFA1	6.803030303030303	1.0	0.19288799	0.12378008992736053
TMF1	3.893939393939394	1.8846682085548561e-205	0.15719296	1.0
PCNXL4	6.4393939393939394	1.0	0.10566153	1.0
NAGA	8.045454545454545	1.0	-0.030257743	1.0
ZCCHC14	8.742424242424242	1.0	0.11260532	1.0
INPP5K	8.045454545454545	1.0	-0.041911107	1.0
VNN2	5.96969696969697	0.24669780146475193	-0.023886096	1.0
NEK8	4.484848484848484	2.2002490221096544e-120	-0.11429629	1.0
PLA2G4A	3.9393939393939394	1.3168145906029157e-198	0.33695203	2.5564460043266367e-152
SYT4	6.196969696969697	1.0	0.3498595	3.4312813862194073e-174
E2F3	4.242424242424242	5.153875612728923e-154	-0.080318585	1.0
RIN3	5.257575757575758	1.1911514938980334e-34	0.42745	9.371609648e-314
PLN	5.0606060606060606	1.797670388943156e-52	0.1170724	1.0
MAPK12	4.575757575757576	2.1596514624631015e-108	-0.017799469	1.0
KIFAP3	4.575757575757576	2.1596514624631015e-108	-0.2198309	1.0
SORCS1	15.0	1.0	0.074623846	1.0
CFB	10.151515151515152	1.0	0.35070994	1.181344586134765e-175
ZNF350	4.045454545454546	9.413247275261345e-183	-0.07268571	1.0
ATXN7	4.651515151515151	1.037003425140186e-98	0.622095	0.0
MATN2	6.651515151515151	1.0	-0.21075228	1.0
MKKS	5.121212121212121	1.2068095274004981e-46	0.55926204	0.0
PARP3	4.7727272727272725	6.962344027357639e-84	-0.053750187	1.0
FPR2	8.242424242424242	1.0	0.0018221263	1.0
COL13A1	6.4393939393939394	1.0	0.43251848	5e-323
CREG1	4.303030303030303	2.0612681446983352e-145	0.3080951	2.1238035464056492e-106
KLC3	4.0606060606060606	1.6578578839968477e-180	0.4968731	0.0
RADIL	6.045454545454546	0.8578473876992072	0.07257858	1.0
ITGB5	4.46969696969697	2.040032193293724e-122	0.186542	0.7505435397837843
AIFM1	4.96969696969697	9.498709933095162e-62	0.5333969	0.0
ICK	4.545454545454546	2.3923140793058067e-112	-0.091151	1.0
PPP2R5C	3.8484848484848486	2.5389712526985893e-212	-0.07934765	1.0
SLC6A1	6.409090909090909	1.0	0.30070356	1.770583731303539e-95
P2RX2	15.0	1.0	0.18468861	1.0
CA4	6.196969696969697	1.0	0.044986557	1.0
SSTR5	8.333333333333334	1.0	0.054560285	1.0
TAPBP	8.136363636363637	1.0	-0.058689035	1.0
PRCC	5.636363636363637	1.960882398441318e-10	0.4053013	3.0469945421119916e-273
PMPCB	5.712121212121212	2.43404951276035e-07	-0.075949185	1.0
TLR7	5.636363636363637	1.960882398441318e-10	0.5283228	0.0
COL9A2	7.53030303030303	1.0	0.41271314	8.635968092961573e-287
P2RX1	15.0	1.0	0.2319142	1.0066926989579978e-18
IL15RA	4.878787878787879	1.210302589787204e-71	0.5176475	0.0
CLK3	4.348484848484849	4.8892849748765516e-139	-0.12352104	1.0
TMEM57	4.757575757575758	1.090042831805119e-85	-0.11385553	1.0
PVRL1	5.181818181818182	4.0646540127585765e-41	-0.104657896	1.0
ACSS2	6.9393939393939394	1.0	0.54994863	0.0
SMEK2	4.984848484848484	3.703611499304987e-60	0.26844034	3.601162307385167e-53
SUV420H2	4.378787878787879	7.77867107031269e-135	0.04776673	1.0
GAP43	4.257575757575758	7.504677503470952e-152	0.53751683	0.0
ZNF239	5.136363636363637	3.116249927713834e-45	-0.012414478	1.0
KLHL35	4.484848484848484	2.2002490221096544e-120	-0.06485338	1.0
SDHB	6.196969696969697	1.0	0.28687936	3.3680095264734264e-76
CDC42EP4	5.636363636363637	1.960882398441318e-10	0.10773753	1.0
CLASRP	5.075757575757576	5.495762606430855e-51	0.29350686	3.031321483667126e-85
HRG	6.757575757575758	1.0	-0.13486609	1.0
TBX4	6.636363636363637	1.0	0.23937409	2.0809476935724377e-24
KIAA1217	4.681818181818182	6.333737555295499e-95	-0.01847396	1.0
ACSL3	5.712121212121212	2.43404951276035e-07	0.25289744	1.5438133852040898e-36
ACD	6.318181818181818	1.0	0.16726916	1.0
FASN	5.166666666666667	1.799159943379442e-42	0.35033315	5.26210931667688e-175
UBE2A	3.803030303030303	3.15269927984589e-219	0.41097304	1.3151180978522038e-283
L3MBTL1	4.378787878787879	7.77867107031269e-135	0.21689329	1.3860903671202746e-09
PHKG2	15.0	1.0	-0.017806165	1.0
UBA3	5.409090909090909	2.812288621595938e-23	-0.06226057	1.0
ATP5L	15.0	1.0	0.109917015	1.0
FZR1	4.545454545454546	2.3923140793058067e-112	0.53903735	0.0
CLK4	6.075757575757576	1.0	0.20005342	0.0037531202058989637
MEGF11	5.287878787878788	3.3122123718160204e-32	0.17895171	1.0
RASSF2	4.863636363636363	2.3944386296676495e-73	0.49199504	0.0
APOA4	15.0	1.0	-0.008371737	1.0
PDLIM3	6.196969696969697	1.0	0.045559905	1.0
ZNF440	5.378787878787879	2.2421187423656065e-25	-0.113089085	1.0
BRF1	3.9242424242424243	6.899921184262694e-201	0.45594686	0.0
CCDC174	7.424242424242424	1.0	-0.046560153	1.0
RAB11B	6.075757575757576	1.0	0.11016715	1.0
AAGAB	5.242424242424242	6.647471978626986e-36	0.5033827	0.0
SLC29A1	15.0	1.0	0.24546313	1.3848718482708752e-29
SPAG1	4.4393939393939394	1.6126884793906135e-126	0.28602234	4.668853028720597e-75
SCYL2	4.666666666666667	8.237161641457738e-97	0.2017993	0.001249229990089768
ZNF414	5.924242424242424	0.06681571323853634	0.020510674	1.0
ARFGEF1	5.984848484848484	0.3459152735646521	0.48075396	0.0
LMNB2	4.363636363636363	6.189853655707169e-137	-0.11668255	1.0
CACNB4	5.106060606060606	4.4949480382805774e-48	-0.097883105	1.0
ALS2CR8	5.363636363636363	1.847101461835938e-26	0.3357547	2.51333275491369e-150
IDO1	6.181818181818182	1.0	0.0021948721	1.0
SLC6A9	4.4393939393939394	1.6126884793906135e-126	-0.12661321	1.0
GHRHR	15.0	1.0	-0.049525943	1.0
ANKRD44	7.257575757575758	1.0	0.35458794	2.3294707005077387e-182
TTC17	4.7272727272727275	2.421712560332582e-89	0.11451615	1.0
FAM57A	15.0	1.0	0.03621803	1.0
TPRN	4.515151515151516	2.3986497037817864e-116	0.36522675	5.3998905717971945e-201
PPP3CB	4.893939393939394	5.918212061668534e-70	-0.12031229	1.0
CPB2	6.863636363636363	1.0	-0.02139708	1.0
ACTG2	6.984848484848484	1.0	0.030171007	1.0
DNAJB1	4.121212121212121	1.4224876522889679e-171	0.543726	0.0
CPM	15.0	1.0	-0.04073687	1.0
NACC1	4.621212121212121	1.49917227250215e-102	-0.035133813	1.0
KIAA0408	4.681818181818182	6.333737555295499e-95	0.3460969	9.545827349436928e-168
AFF1	4.893939393939394	5.918212061668534e-70	0.507054	0.0
DGCR2	4.803030303030303	2.5916093890928528e-80	-0.04511268	1.0
EDAR	4.96969696969697	9.498709933095162e-62	-0.062187433	1.0
CDH15	4.96969696969697	9.498709933095162e-62	-0.18661225	1.0
PGS1	5.7727272727272725	2.661357851109339e-05	0.18270864	1.0
MAGEB4	6.121212121212121	1.0	0.00571647	1.0
PLCB2	4.818181818181818	1.5059610191706582e-78	0.5973581	0.0
PACS1	5.5	1.6274518014202265e-17	0.3022394	1.0286382100372067e-97
RHPN2	4.166666666666667	6.137148820145575e-165	0.4352057	0.0
KIF22	5.075757575757576	5.495762606430855e-51	-0.13398299	1.0
ACTL6B	4.696969696969697	4.730191825147677e-93	-0.018120855	1.0
C7	11.151515151515152	1.0	0.45090786	0.0
ITPRIP	5.575757575757576	2.407667682078258e-13	0.40279013	1.1688418877603413e-268
NCSTN	4.742424242424242	1.6577844026969324e-87	0.24728972	3.144254415477138e-31
MON1A	6.196969696969697	1.0	0.33738512	4.846727278216653e-153
ELF2	4.378787878787879	7.77867107031269e-135	0.54652625	0.0
PNKP	5.636363636363637	1.960882398441318e-10	0.34298792	1.834907008336207e-162
VPS16	7.333333333333333	1.0	0.2377349	4.2673392983797453e-23
NPHS2	5.181818181818182	4.0646540127585765e-41	0.06350506	1.0
BEST1	5.015151515151516	4.965087209642441e-57	0.42903417	1.18406004e-316
LTBR	4.984848484848484	3.703611499304987e-60	0.5449238	0.0
DDO	8.166666666666666	1.0	0.0051471586	1.0
BCKDK	5.5606060606060606	3.933561957910748e-14	-0.0027786775	1.0
ZP4	15.0	1.0	0.48833534	0.0
COL20A1	5.924242424242424	0.06681571323853634	0.027850844	1.0
DIAPH3	4.757575757575758	1.090042831805119e-85	0.5241126	0.0
SLC6A2	5.2727272727272725	2.0333752743474065e-33	-0.13352548	1.0
GGNBP2	15.0	1.0	0.36979643	4.296149570697845e-209
DKC1	4.909090909090909	2.7919646467736866e-68	-0.11338902	1.0
ELL	7.090909090909091	1.0	-0.12517452	1.0
ZFP2	4.893939393939394	5.918212061668534e-70	-0.0012803597	1.0
PRKAR1A	4.7727272727272725	6.962344027357639e-84	0.380033	2.1297235567057746e-227
POM121	4.909090909090909	2.7919646467736866e-68	0.6045003	0.0
MYL9	6.045454545454546	0.8578473876992072	0.39458987	9.982873260374813e-254
TP53I3	5.0606060606060606	1.797670388943156e-52	0.48390892	0.0
KIAA0020	5.424242424242424	2.923156208519247e-22	0.32862133	1.3591233064479346e-138
SELP	7.212121212121212	1.0	0.13666737	1.0
ADAM23	5.666666666666667	3.999973542524087e-09	0.3531427	7.437471415514048e-180
SIX5	4.424242424242424	1.3907764601371584e-128	-0.14323254	1.0
RNF168	5.106060606060606	4.4949480382805774e-48	-0.12057413	1.0
TXLNB	6.287878787878788	1.0	-0.15429349	1.0
POLK	6.121212121212121	1.0	0.2374534	7.111788835947261e-23
MKI67IP	6.106060606060606	1.0	0.09766803	1.0
USP39	5.136363636363637	3.116249927713834e-45	0.0012900094	1.0
EFEMP1	5.2272727272727275	3.567716469429752e-37	-0.07837591	1.0
ABI3BP	6.090909090909091	1.0	0.09051222	1.0
MFSD3	5.4393939393939394	2.881456053844129e-21	0.024328599	1.0
OPHN1	4.590909090909091	1.9637076384770094e-106	0.39996663	1.644573380065523e-263
NEK11	5.378787878787879	2.2421187423656065e-25	0.42009118	2.7441835254538315e-300
SMAD6	4.212121212121212	2.28090257442149e-158	-0.08341962	1.0
UGCG	7.742424242424242	1.0	-0.02017624	1.0
RBM42	4.909090909090909	2.7919646467736866e-68	-0.0661873	1.0
UFD1L	6.257575757575758	1.0	0.018240003	1.0
PPP4R2	5.2727272727272725	2.0333752743474065e-33	-0.007251062	1.0
RBFOX2	4.696969696969697	4.730191825147677e-93	-0.08904222	1.0
USP47	6.454545454545454	1.0	0.0010131256	1.0
ERC1	5.484848484848484	2.035332163566379e-18	0.057671797	1.0
HSPA4L	6.242424242424242	1.0	0.3900162	2.0005426796892247e-245
POU4F1	3.8484848484848486	2.5389712526985893e-212	0.07116232	1.0
PDLIM4	4.484848484848484	2.2002490221096544e-120	0.49671966	0.0
FBXW7	4.045454545454546	9.413247275261345e-183	0.33437884	4.8154116150744235e-148
SYNRG	6.303030303030303	1.0	0.17787948	1.0
P2RX6	5.166666666666667	1.799159943379442e-42	-0.0021495929	1.0
GPC4	6.893939393939394	1.0	0.40116635	1.0699421562613422e-265
KREMEN1	14.712121212121213	1.0	-0.042292435	1.0
YARS	7.333333333333333	1.0	0.26693586	1.9244876964076246e-51
GTF3C2	5.833333333333333	0.0011874730962516493	0.16869943	1.0
EEF1D	3.9242424242424243	6.899921184262694e-201	0.44234997	0.0
TMEM8B	5.136363636363637	3.116249927713834e-45	-0.014073318	1.0
ERP44	9.712121212121213	1.0	-0.032551102	1.0
PVRL2	4.954545454545454	2.339787434928052e-63	0.40031022	3.8920456508971665e-264
USP45	4.333333333333333	3.721508830056371e-141	0.3856452	1.6305114062438184e-237
DDX58	5.53030303030303	8.920550128250713e-16	0.23127371	2.8609332134426367e-18
ANXA7	4.257575757575758	7.504677503470952e-152	0.44360733	0.0
SUPV3L1	4.954545454545454	2.339787434928052e-63	0.42104942	4.820870789753383e-302
ASAP3	5.863636363636363	0.005653383481306722	0.17869455	1.0
CBWD2	7.075757575757576	1.0	-0.024630595	1.0
EDN3	5.893939393939394	0.021657682436614336	0.3076622	9.494051305696228e-106
MN1	4.2727272727272725	1.056112086203131e-149	0.5259162	0.0
NUDT5	15.0	1.0	0.06702944	1.0
ARID1B	4.338461538461538	1.9598826354832031e-140	0.07964054	1.0
AGA	7.575757575757576	1.0	0.2654723	8.721968802429628e-50
SNCA	3.6363636363636362	9.558788646000851e-245	0.21457425	1.8606403700899998e-08
OS9	5.621212121212121	3.982970927086116e-11	-0.095829055	1.0
SEC61A1	10.106060606060606	1.0	-0.052954376	1.0
ITGA3	5.651515151515151	9.112849250268435e-10	0.43474072	0.0
UFSP2	6.075757575757576	1.0	-0.019535715	1.0
ZNF232	8.242424242424242	1.0	-0.024214154	1.0
SSH3	4.878787878787879	1.210302589787204e-71	0.42814904	4.93393546e-315
KIAA1551	6.287878787878788	1.0	0.61538357	0.0
MARCH7	5.409090909090909	2.812288621595938e-23	0.31892616	4.513207794969339e-123
NLGN2	5.681818181818182	1.664947422503421e-08	-0.17647961	1.0
EFCAB4B	5.151515151515151	7.625974972303267e-44	-0.15275691	1.0
TUBA1B	3.787878787878788	1.5217783380568327e-221	-0.14409022	1.0
ZBTB3	4.803030303030303	2.5916093890928528e-80	0.38184834	1.1535291182196574e-230
PLRG1	5.606060606060606	7.6746572533737e-12	-0.05852203	1.0
CPNE2	5.090909090909091	1.6019351837119586e-49	-0.13419767	1.0
BLZF1	6.954545454545454	1.0	-0.01953409	1.0
SGOL2	4.454545454545454	1.8308025417514746e-124	0.027151119	1.0
ISYNA1	4.53030303030303	2.4274693143251508e-114	-0.075933464	1.0
ARFIP2	5.53030303030303	8.920550128250713e-16	0.26114297	5.060362502580382e-45
FUT4	8.212121212121213	1.0	-0.080494344	1.0
IK	4.166666666666667	6.137148820145575e-165	-0.1223195	1.0
BCL2	3.6818181818181817	9.250608637383135e-238	-0.15740862	1.0
LTBP3	6.7727272727272725	1.0	0.008839051	1.0
CACNA1H	7.818181818181818	1.0	0.35984004	1.6157831084540682e-191
EPHA3	5.015151515151516	4.965087209642441e-57	0.07829164	1.0
LRRC8D	7.2272727272727275	1.0	0.2515428	3.20372238264085e-35
UNC13D	6.121212121212121	1.0	0.07660814	1.0
MSH4	6.166666666666667	1.0	0.38445294	2.320620067217323e-235
ARL6IP4	15.0	1.0	-0.003006894	1.0
FXR1	4.712121212121212	3.445049409216623e-91	-0.102006115	1.0
PRKAA1	15.0	1.0	-0.10023559	1.0
DIS3L2	4.454545454545454	1.8308025417514746e-124	-0.100819364	1.0
CNTN1	5.333333333333333	1.077567019711722e-28	0.60753924	0.0
GIGYF1	4.484848484848484	2.2002490221096544e-120	0.1806472	1.0
TESK2	4.287878787878788	1.4852780113973228e-147	-0.10658238	1.0
CSTF3	4.954545454545454	2.339787434928052e-63	0.59597427	0.0
AKAP3	15.0	1.0	0.019986363	1.0
FBXL6	4.318181818181818	2.7918664717826296e-143	-0.06278465	1.0
HM13	7.742424242424242	1.0	-0.0068437555	1.0
ARAP1	5.954545454545454	0.16775844587044184	0.0647794	1.0
SERPING1	9.757575757575758	1.0	0.32000265	9.072411706499433e-125
LIG3	4.7272727272727275	2.421712560332582e-89	0.09055689	1.0
ASCC2	4.545454545454546	2.3923140793058067e-112	-0.21933578	1.0
F2RL1	6.757575757575758	1.0	0.3278672	2.285321932066852e-137
PABPC4	4.787878787878788	4.3222045956551894e-82	-0.14427345	1.0
CHRNA2	7.878787878787879	1.0	0.28173473	1.9184779941081945e-69
FBLN5	10.136363636363637	1.0	-0.050454427	1.0
ZPBP	15.0	1.0	0.046488624	1.0
PPP4C	4.2727272727272725	1.056112086203131e-149	0.44050407	0.0
KCND3	8.075757575757576	1.0	0.34178725	1.9660887563735826e-160
PYDC2	7.121212121212121	1.0	0.17686094	1.0
MAP4K2	4.712121212121212	3.445049409216623e-91	0.3480948	3.6670608392467244e-171
MMP17	6.348484848484849	1.0	0.33838707	1.0228866091751007e-154
ZBTB32	4.181818181818182	9.63590226073286e-163	-0.08121725	1.0
C6orf165	5.409090909090909	2.812288621595938e-23	-0.13432121	1.0
UBA2	4.378787878787879	7.77867107031269e-135	0.603387	0.0
GCK	4.803030303030303	2.5916093890928528e-80	-0.06937751	1.0
SCNN1G	5.106060606060606	4.4949480382805774e-48	0.4133559	5.758294459837895e-288
CRH	15.0	1.0	0.04358486	1.0
USP53	5.045454545454546	5.659481355966012e-54	0.5833972	0.0
RPN2	5.181818181818182	4.0646540127585765e-41	0.3491529	5.6130165215022636e-173
CADM4	5.257575757575758	1.1911514938980334e-34	0.022172809	1.0
WDR3	5.348484848484849	1.4467502508287116e-27	0.118853085	1.0
SYT7	6.287878787878788	1.0	0.35074836	1.0146623780978348e-175
EPHB4	4.742424242424242	1.6577844026969324e-87	0.61311656	0.0
MTMR11	4.757575757575758	1.090042831805119e-85	0.36652836	2.6950241569883274e-203
RBMS1	5.484848484848484	2.035332163566379e-18	0.040832564	1.0
IFIT5	6.2727272727272725	1.0	-0.05550271	1.0
KRT17	5.9393939393939394	0.10865242828933425	-0.039196834	1.0
NRG3	5.287878787878788	3.3122123718160204e-32	0.508289	0.0
SHC2	4.454545454545454	1.8308025417514746e-124	0.48290533	0.0
SEPT4	5.393939393939394	2.5866430052266783e-24	-0.07215818	1.0
CNGA2	5.03030303030303	1.7150705756327545e-55	-0.12488356	1.0
GUCY1B3	6.075757575757576	1.0	0.34443402	6.46245054623637e-165
EIF2C1	7.848484848484849	1.0	0.21249484	1.641072912115587e-07
HAT1	4.878787878787879	1.210302589787204e-71	0.36273298	1.347497975522534e-196
SF3B4	4.636363636363637	1.2663970208888846e-100	0.01672486	1.0
RERE	4.803030303030303	2.5916093890928528e-80	0.24368511	5.036137556379074e-28
MAP4K3	5.121212121212121	1.2068095274004981e-46	0.5746149	0.0
CHML	6.287878787878788	1.0	0.22545853	2.0653293063204125e-14
SEPT11	6.742424242424242	1.0	0.3679745	7.377341095106803e-206
CREB3L3	5.015151515151516	4.965087209642441e-57	-0.06818978	1.0
CCDC91	5.7727272727272725	2.661357851109339e-05	0.38146257	5.708770630168151e-230
CDT1	4.4393939393939394	1.6126884793906135e-126	0.46988058	0.0
KIR3DL1	5.045454545454546	5.659481355966012e-54	-0.047755558	1.0
USP5	4.515151515151516	2.3986497037817864e-116	0.32767	4.774283277275929e-137
GTPBP3	15.0	1.0	-0.06711443	1.0
PMPCA	5.696969696969697	6.547083669482187e-08	0.2806607	4.592394546682873e-68
ADRA1B	5.666666666666667	3.999973542524087e-09	-0.12698747	1.0
SEMA4F	7.242424242424242	1.0	0.23860808	8.625794444741117e-24
PAAF1	5.7727272727272725	2.661357851109339e-05	0.3329208	1.2329369000601898e-145
NTHL1	5.666666666666667	3.999973542524087e-09	0.047292832	1.0
CAMK4	4.0	1.6094176380028617e-189	0.48001418	0.0
ADIPOR1	5.015151515151516	4.965087209642441e-57	0.007880847	1.0
MAN1C1	4.757575757575758	1.090042831805119e-85	-0.10252993	1.0
NXF1	5.151515151515151	7.625974972303267e-44	0.35885054	8.711555699873466e-190
HIC2	4.863636363636363	2.3944386296676495e-73	0.35144404	6.4141977367719495e-177
TRIM33	4.742424242424242	1.6577844026969324e-87	0.13215724	1.0
PSTPIP1	4.9393939393939394	5.535048770797336e-65	-8.793695e-05	1.0
SMARCD2	6.96969696969697	1.0	-0.06692284	1.0
OTX1	5.2272727272727275	3.567716469429752e-37	0.51554275	0.0
NUPL1	5.53030303030303	8.920550128250713e-16	0.3085668	4.138274524411815e-107
CPXM2	4.757575757575758	1.090042831805119e-85	0.34889662	1.5462045923278116e-172
POLR3D	15.0	1.0	0.013909961	1.0
CLCN3	6.075757575757576	1.0	0.26095194	8.12083425145898e-45
MADD	5.363636363636363	1.847101461835938e-26	0.687719	0.0
MARK2	4.0	1.6094176380028617e-189	0.45819896	0.0
KATNAL1	5.651515151515151	9.112849250268435e-10	-0.06311956	1.0
TLK2	6.242424242424242	1.0	0.21310945	8.764805141042038e-08
BTBD10	6.242424242424242	1.0	-0.048806638	1.0
GYS1	3.9242424242424243	6.899921184262694e-201	0.37234694	1.235525263311269e-213
MAPK6	4.2727272727272725	1.056112086203131e-149	-0.15387459	1.0
DCAF11	5.7727272727272725	2.661357851109339e-05	0.49577448	0.0
CHFR	4.545454545454546	2.3923140793058067e-112	0.57424134	0.0
PRPF4B	5.090909090909091	1.6019351837119586e-49	0.164123	1.0
TRIM38	4.954545454545454	2.339787434928052e-63	-0.0059492034	1.0
PPEF1	4.818181818181818	1.5059610191706582e-78	0.4190167	2.5456007532705467e-298
TBC1D3F	4.606060606060606	1.737959073153401e-104	0.4507922	0.0
CCIN	4.848484848484849	4.5854224261642e-75	0.4090113	5.068404449685371e-280
IFITM2	6.03030303030303	0.7263459392288968	0.25395173	1.4086312976795603e-37
CD1B	7.606060606060606	1.0	0.019045271	1.0
ZDHHC7	6.5606060606060606	1.0	0.008305882	1.0
KLKB1	7.606060606060606	1.0	0.2538066	1.961655882158727e-37
ADPGK	4.606060606060606	1.737959073153401e-104	-0.0451798	1.0
USP16	4.303030303030303	2.0612681446983352e-145	0.34269264	5.796671896557156e-162
ZNF559	5.4393939393939394	2.881456053844129e-21	-0.0895175	1.0
ATOX1	7.909090909090909	1.0	0.09532846	1.0
MCRS1	5.045454545454546	5.659481355966012e-54	0.45380783	0.0
FBXO4	5.090909090909091	1.6019351837119586e-49	0.37404072	1.1728727018838032e-216
BANK1	4.9393939393939394	5.535048770797336e-65	0.3771487	3.2065732090281004e-222
DCP1B	6.909090909090909	1.0	-0.15476774	1.0
VPS37A	4.651515151515151	1.037003425140186e-98	0.48527145	0.0
GPAA1	15.0	1.0	0.087717555	1.0
CFHR4	10.151515151515152	1.0	0.29539862	6.786823821309292e-88
DDX19B	5.621212121212121	3.982970927086116e-11	-0.06338742	1.0
DUSP11	5.4393939393939394	2.881456053844129e-21	0.29292363	1.9628086838475123e-84
CDK7	3.757575757575758	3.7009411193979e-226	0.021581573	1.0
C1S	8.757575757575758	1.0	0.14191918	1.0
P4HB	7.712121212121212	1.0	-0.09567801	1.0
LECT1	15.0	1.0	0.24628015	2.5745907060083932e-30
NTSR1	5.984848484848484	0.3459152735646521	0.20737839	1.8915987426806893e-05
PTPN4	6.909090909090909	1.0	0.51457685	0.0
TEX9	6.46969696969697	1.0	-0.014728901	1.0
ANXA9	5.863636363636363	0.005653383481306722	0.09904491	1.0
RAB1B	15.0	1.0	0.04361575	1.0
ERVW-1	15.0	1.0	-0.08204252	1.0
CRY1	5.333333333333333	1.077567019711722e-28	-0.15019616	1.0
OGDH	5.46969696969697	2.4090497997966194e-19	0.3920822	3.58067085722837e-249
HLTF	5.090909090909091	1.6019351837119586e-49	0.56308925	0.0
IL12B	5.924242424242424	0.06681571323853634	0.024244765	1.0
CSNK1G3	5.03030303030303	1.7150705756327545e-55	-0.015031318	1.0
TRIM9	4.5606060606060606	2.3057357993651317e-110	-0.14330284	1.0
DNAJC3	4.409090909090909	1.1709431526636087e-130	0.5704624	0.0
PTGER3	15.0	1.0	-0.00039240863	1.0
POU3F1	4.696969696969697	4.730191825147677e-93	-0.0441711	1.0
NFASC	5.257575757575758	1.1911514938980334e-34	0.4713454	0.0
SELENBP1	4.96969696969697	9.498709933095162e-62	-0.031661708	1.0
ZIC2	4.9393939393939394	5.535048770797336e-65	-0.10947652	1.0
RBM10	6.46969696969697	1.0	0.119191445	1.0
SLC12A3	6.818181818181818	1.0	0.42197582	9.717227363859166e-304
RNPEP	4.893939393939394	5.918212061668534e-70	-0.1301976	1.0
MRPS31	6.2272727272727275	1.0	-0.0059565045	1.0
CAPZB	4.757575757575758	1.090042831805119e-85	0.24909684	6.740993594924255e-33
GUCY1A2	5.666666666666667	3.999973542524087e-09	0.41701216	1.1821167857314208e-294
TTC8	6.5	1.0	-0.045234516	1.0
XPO7	5.257575757575758	1.1911514938980334e-34	0.5602455	0.0
AGGF1	5.5	1.6274518014202265e-17	0.29649395	1.9240376899978e-89
CAP1	5.196969696969697	8.770307777023999e-40	-0.038200323	1.0
RFFL	4.606060606060606	1.737959073153401e-104	0.057942763	1.0
POU4F2	3.984848484848485	8.694410217617934e-192	0.11511545	1.0
CD2	4.681818181818182	6.333737555295499e-95	0.04243215	1.0
FBXO7	5.090909090909091	1.6019351837119586e-49	0.38306203	7.509636177455729e-233
ZNF227	5.454545454545454	2.703891876666768e-20	0.29436934	1.895097811649699e-86
SPG7	5.2272727272727275	3.567716469429752e-37	0.39866653	3.842784860830576e-261
RASA2	5.409090909090909	2.812288621595938e-23	0.235817	1.3185299597596227e-21
CHN2	4.2272727272727275	3.468440810002327e-156	0.4612231	0.0
FASTK	5.106060606060606	4.4949480382805774e-48	0.36448398	1.1058960646297765e-199
APP	4.545454545454546	2.3923140793058067e-112	-0.241305	1.0
TOM1L2	5.106060606060606	4.4949480382805774e-48	0.41219643	7.603074554865156e-286
PLA2G7	5.2727272727272725	2.0333752743474065e-33	0.3869596	6.865597837565679e-240
TMCC2	5.393939393939394	2.5866430052266783e-24	0.19578028	0.03677159960314285
CCDC130	4.424242424242424	1.3907764601371584e-128	0.026460515	1.0
IGFBP4	7.53030303030303	1.0	0.35158226	3.7052485218600293e-177
VCAM1	6.863636363636363	1.0	0.1857904	0.8644983959275045
ARG2	7.03030303030303	1.0	0.0050699348	1.0
GABBR1	5.166666666666667	1.799159943379442e-42	0.18258329	1.0
UNC5B	5.621212121212121	3.982970927086116e-11	0.4972261	0.0
SERPINA7	5.787878787878788	7.476737059261286e-05	-0.006262994	1.0
QRICH1	4.7272727272727275	2.421712560332582e-89	0.33712	1.341003881622592e-152
TRIM11	4.803030303030303	2.5916093890928528e-80	0.4097965	1.859383891216032e-281
CDKN2AIP	5.454545454545454	2.703891876666768e-20	0.3292189	1.4469331408391368e-139
WARS	6.606060606060606	1.0	-0.050344598	1.0
SSRP1	5.03030303030303	1.7150705756327545e-55	0.5586529	0.0
CCNF	4.7727272727272725	6.962344027357639e-84	0.32349065	2.5787355291985695e-130
OLFML3	4.893939393939394	5.918212061668534e-70	0.4083121	9.620052697679188e-279
IL1RL1	4.96969696969697	9.498709933095162e-62	-0.13567732	1.0
CSNK1D	4.121212121212121	1.4224876522889679e-171	0.020208351	1.0
DUSP6	4.015151515151516	2.9248875795462624e-187	0.15343164	1.0
ZBTB5	5.5	1.6274518014202265e-17	0.30713582	5.837535922461891e-105
STAT4	3.9242424242424243	6.899921184262694e-201	0.36479834	3.0843623649999264e-200
IL12RB2	4.924242424242424	1.265707574008615e-66	0.15917668	1.0
DPP6	5.666666666666667	3.999973542524087e-09	0.18124005	1.0
DIEXF	6.015151515151516	0.5905005552315811	0.25256196	3.2881567044734154e-36
TLK1	5.954545454545454	0.16775844587044184	0.1287699	1.0
HPR	6.984848484848484	1.0	0.018382678	1.0
FAM82A2	4.212121212121212	2.28090257442149e-158	0.4727185	0.0
SLC25A34	6.196969696969697	1.0	0.08094985	1.0
GORASP1	4.0606060606060606	1.6578578839968477e-180	-0.016057625	1.0
TRPV5	5.166666666666667	1.799159943379442e-42	0.25174463	2.0460279267851987e-35
USP1	4.46969696969697	2.040032193293724e-122	-0.15643899	1.0
PPM1B	4.287878787878788	1.4852780113973228e-147	0.601312	0.0
TIMM50	5.924242424242424	0.06681571323853634	-0.04161556	1.0
HTR1B	8.227272727272727	1.0	-0.01596752	1.0
NOP56	5.03030303030303	1.7150705756327545e-55	0.32741857	1.2204138793968701e-136
TOM1	5.136363636363637	3.116249927713834e-45	-0.06400645	1.0
BACE2	5.545454545454546	6.0781751734860976e-15	0.33583736	1.8318218619456252e-150
TLX1	5.878787878787879	0.011370719431532743	0.023184326	1.0
SUFU	4.924242424242424	1.265707574008615e-66	-0.093358934	1.0
PDE5A	4.303030303030303	2.0612681446983352e-145	-0.16164055	1.0
SHF	5.015151515151516	4.965087209642441e-57	0.34991702	2.7329927720022008e-174
TSC22D3	4.181818181818182	9.63590226073286e-163	0.31775856	3.0734966451944367e-121
ROM1	15.0	1.0	-0.0036805642	1.0
WAPAL	6.4393939393939394	1.0	0.07221649	1.0
HTR7	7.621212121212121	1.0	0.26544744	9.299428433229476e-50
PMS2	6.090909090909091	1.0	0.4429912	0.0
CNST	5.242424242424242	6.647471978626986e-36	0.31594175	2.1015836093624387e-118
DYNC1LI1	5.196969696969697	8.770307777023999e-40	-0.08796189	1.0
TELO2	4.484848484848484	2.2002490221096544e-120	0.5679443	0.0
ITGA10	6.106060606060606	1.0	0.5442978	0.0
ACY1	7.03030303030303	1.0	-0.012514658	1.0
OPRM1	5.848484848484849	0.002671922425091299	0.49785486	0.0
BDKRB2	4.984848484848484	3.703611499304987e-60	0.38566217	1.5200179654836095e-237
FANCL	11.727272727272727	1.0	0.065810755	1.0
GNMT	5.909090909090909	0.03906974193032677	0.30616248	1.6613962160523678e-103
CFDP1	3.9242424242424243	6.899921184262694e-201	0.26375633	7.145487698641788e-48
PSMD5	5.545454545454546	6.0781751734860976e-15	-0.06437051	1.0
CABLES1	3.772727272727273	7.597686340594044e-224	0.5483867	0.0
PDLIM7	4.757575757575758	1.090042831805119e-85	-0.090923585	1.0
SPARCL1	4.621212121212121	1.49917227250215e-102	0.34591308	1.9641983025637045e-167
GLUL	7.181818181818182	1.0	-0.0018108467	1.0
RAB11FIP5	5.454545454545454	2.703891876666768e-20	0.17366078	1.0
WDR47	5.393939393939394	2.5866430052266783e-24	0.42518923	1.2798365335241e-309
SCGN	7.2727272727272725	1.0	0.23088993	5.319619694532355e-18
RMND5A	4.757575757575758	1.090042831805119e-85	0.072271734	1.0
CCDC7	5.242424242424242	6.647471978626986e-36	-0.040788457	1.0
ANO8	6.696969696969697	1.0	0.0127565265	1.0
CHST1	4.606060606060606	1.737959073153401e-104	0.021919359	1.0
ELL3	6.212121212121212	1.0	-0.019382603	1.0
RNF32	5.136363636363637	3.116249927713834e-45	0.015224441	1.0
PEX13	8.166666666666666	1.0	-0.0024441432	1.0
SOD2	6.181818181818182	1.0	0.090351835	1.0
ESPN	5.5606060606060606	3.933561957910748e-14	0.24705294	5.165071182289962e-31
HOXB1	6.045454545454546	0.8578473876992072	0.35774508	7.447786639013054e-188
RNF19A	4.909090909090909	2.7919646467736866e-68	0.10902318	1.0
PIPOX	7.242424242424242	1.0	0.20745575	1.7719162549282256e-05
FBXW4	5.2272727272727275	3.567716469429752e-37	0.028454492	1.0
HOXA3	5.242424242424242	6.647471978626986e-36	0.007838571	1.0
STK19	15.0	1.0	-0.023444448	1.0
PANK4	4.7272727272727275	2.421712560332582e-89	0.24507216	3.075401058303408e-29
AFP	6.151515151515151	1.0	0.31321758	3.438541714388537e-114
AHSG	15.0	1.0	-0.01884601	1.0
DNTTIP1	5.621212121212121	3.982970927086116e-11	0.020230386	1.0
EXD3	5.287878787878788	3.3122123718160204e-32	0.26549307	8.267291791572968e-50
CDR2	4.545454545454546	2.3923140793058067e-112	-0.020732563	1.0
KLC4	4.2727272727272725	1.056112086203131e-149	0.44233048	0.0
STBD1	5.075757575757576	5.495762606430855e-51	0.080659695	1.0
TRAK1	4.5606060606060606	2.3057357993651317e-110	-0.16151541	1.0
PEX16	10.166666666666666	1.0	0.03613676	1.0
ADPRHL2	8.075757575757576	1.0	-0.0014157505	1.0
PYGB	5.151515151515151	7.625974972303267e-44	0.55447495	0.0
PAPOLA	3.8333333333333335	1.2495185782783626e-214	0.51905286	0.0
CSNK1E	4.393939393939394	9.660381979554807e-133	-0.091960646	1.0
TRAF3IP1	5.409090909090909	2.812288621595938e-23	0.37041682	3.391642376514886e-210
BACH1	5.636363636363637	1.960882398441318e-10	0.41160747	9.09351601084708e-285
TMEM132A	4.287878787878788	1.4852780113973228e-147	-0.19917405	1.0
CDH19	15.0	1.0	0.47017556	0.0
AMFR	5.621212121212121	3.982970927086116e-11	-0.15384276	1.0
HRH2	7.621212121212121	1.0	0.26128057	3.596742654230317e-45
MED16	6.454545454545454	1.0	0.21134219	5.155592941776657e-07
SIX4	5.7727272727272725	2.661357851109339e-05	0.16155104	1.0
TUBB	3.803030303030303	3.15269927984589e-219	0.19112004	0.2294773890726882
ABCD2	10.166666666666666	1.0	0.27224433	1.2106253323125944e-57
HIRIP3	5.2727272727272725	2.0333752743474065e-33	0.3697472	5.25389479292547e-209
MYCBPAP	5.833333333333333	0.0011874730962516493	0.14398153	1.0
HABP2	8.06060606060606	1.0	-0.12811618	1.0
RAPSN	5.818181818181818	0.0004998900831057169	0.073499665	1.0
UQCRC2	6.803030303030303	1.0	0.29235134	1.216985660894849e-83
GPT	6.075757575757576	1.0	-0.03478399	1.0
HSPD1	4.287878787878788	1.4852780113973228e-147	0.3743944	2.7379302571403282e-217
GCKR	5.803030303030303	0.00019878369230689233	0.31535065	1.7392317091717123e-117
EYA2	5.893939393939394	0.021657682436614336	0.17894185	1.0
KIR2DL1	8.151515151515152	1.0	0.019402504	1.0
TOR1AIP2	6.606060606060606	1.0	-0.0447898	1.0
NLK	4.166666666666667	6.137148820145575e-165	-0.10296652	1.0
CSTF2	4.333333333333333	3.721508830056371e-141	-0.18571763	1.0
RIPK4	4.303030303030303	2.0612681446983352e-145	0.38280234	2.207173617818718e-232
KLHL26	5.409090909090909	2.812288621595938e-23	0.30990973	3.874109892771098e-109
IFFO1	6.9393939393939394	1.0	-0.10267656	1.0
DNAJA3	4.454545454545454	1.8308025417514746e-124	-0.09920763	1.0
UBE4A	5.196969696969697	8.770307777023999e-40	0.10168789	1.0
MGAT4B	8.242424242424242	1.0	0.2174503	7.230127280344952e-10
PATZ1	4.909090909090909	2.7919646467736866e-68	0.18525648	0.9481852824001411
TRIM55	6.742424242424242	1.0	0.24500832	3.501787543359299e-29
MYH13	7.4393939393939394	1.0	0.48458916	0.0
KRT85	6.545454545454546	1.0	0.34580067	3.0511445010489725e-167
KATNB1	4.5	2.320495940381192e-118	-0.13541183	1.0
RTN4	5.848484848484849	0.002671922425091299	-0.05404841	1.0
P4HA3	8.712121212121213	1.0	0.20532666	9.945212244402808e-05
C18orf54	6.015151515151516	0.5905005552315811	0.041927405	1.0
RNF40	5.015151515151516	4.965087209642441e-57	0.5298254	0.0
TPX2	4.53030303030303	2.4274693143251508e-114	0.38297963	1.0571301683908941e-232
LATS1	4.106060606060606	8.500160823487073e-174	0.5980673	0.0
ITGA11	6.106060606060606	1.0	0.5410355	0.0
ALDOA	15.0	1.0	0.21643391	2.348532145985153e-09
SDPR	6.515151515151516	1.0	-0.014157937	1.0
F2RL3	7.757575757575758	1.0	0.009928789	1.0
PLIN1	4.590909090909091	1.9637076384770094e-106	0.36079344	3.446524381458693e-193
RND1	4.590909090909091	1.9637076384770094e-106	0.5140806	0.0
ULK1	7.621212121212121	1.0	0.0599333	1.0
ITPRIPL1	5.409090909090909	2.812288621595938e-23	0.37596983	4.153001775326448e-220
FGF8	5.242424242424242	6.647471978626986e-36	0.15941685	1.0
FBXO15	5.863636363636363	0.005653383481306722	0.27340245	4.910348221745167e-59
PCGF6	5.242424242424242	6.647471978626986e-36	0.3532398	5.051141425225613e-180
GP6	4.833333333333333	8.451693755487221e-77	0.17757104	1.0
PLAG1	4.090909090909091	4.996803001880512e-176	0.54574984	0.0
SLC5A7	5.424242424242424	2.923156208519247e-22	0.17443922	1.0
TIE1	4.651515151515151	1.037003425140186e-98	0.5962828	0.0
ZNF155	5.712121212121212	2.43404951276035e-07	0.2651315	2.1047742598835975e-49
HBB	7.575757575757576	1.0	0.30921102	4.4228889825118365e-108
ITGB2	4.96969696969697	9.498709933095162e-62	0.08664288	1.0
USP8	4.106060606060606	8.500160823487073e-174	0.043252435	1.0
PRSS8	5.075757575757576	5.495762606430855e-51	0.09257292	1.0
EPB49	6.0606060606060606	0.9815462904994844	-0.024998406	1.0
NLRP12	8.121212121212121	1.0	0.097923875	1.0
PCSK2	15.0	1.0	0.22256695	1.1475444485405027e-12
FUBP3	6.136363636363637	1.0	0.21342804	6.295795344799226e-08
SPTLC1	6.196969696969697	1.0	0.28291303	5.715287701323387e-71
TM9SF2	4.166666666666667	6.137148820145575e-165	0.37438998	2.786942852317715e-217
GMCL1	4.7272727272727275	2.421712560332582e-89	0.33271337	2.7087468795050874e-145
SMAP1	4.803030303030303	2.5916093890928528e-80	-0.011148358	1.0
RPGRIP1	5.954545454545454	0.16775844587044184	0.5941671	0.0
TLR6	5.0606060606060606	1.797670388943156e-52	0.3213823	5.922573746740639e-127
ALYREF	6.818181818181818	1.0	0.36056945	8.509621199595953e-193
STAT2	4.242424242424242	5.153875612728923e-154	0.6664384	0.0
RACGAP1	4.121212121212121	1.4224876522889679e-171	0.33074602	4.6262614329480594e-142
SLCO1C1	7.863636363636363	1.0	0.2441253	2.086761397632888e-28
PARP2	4.636363636363637	1.2663970208888846e-100	-0.16387576	1.0
MPP2	5.893939393939394	0.021657682436614336	0.41933215	6.732663268345874e-299
SEMG1	6.393939393939394	1.0	-0.08466868	1.0
RQCD1	4.878787878787879	1.210302589787204e-71	0.43423033	0.0
APOBEC3F	6.121212121212121	1.0	-0.00281724	1.0
OXSR1	15.0	1.0	0.34572044	4.177994838033428e-167
KIAA1609	5.757575757575758	8.96438933889546e-06	0.2559283	1.4549024157039346e-39
ARFGAP3	4.015151515151516	2.9248875795462624e-187	-0.012848038	1.0
DDX3Y	6.984848484848484	1.0	0.23998018	6.678906320780413e-25
TPBG	6.151515151515151	1.0	-0.014617135	1.0
SF3A1	3.9696969696969697	4.645458642258488e-194	0.40561184	8.248233264298227e-274
ARHGAP33	4.893939393939394	5.918212061668534e-70	0.14828429	1.0
IGF2BP1	4.196969696969697	1.4895433699893624e-160	-0.06016716	1.0
KAT8	5.484848484848484	2.035332163566379e-18	-0.025086021	1.0
THBD	8.196969696969697	1.0	-0.13721612	1.0
TCFL5	5.242424242424242	6.647471978626986e-36	-0.051690143	1.0
TMEM43	7.045454545454546	1.0	-0.0055710045	1.0
CAPZA2	6.2272727272727275	1.0	0.25237527	4.999337327644499e-36
CRY2	5.818181818181818	0.0004998900831057169	-0.117360935	1.0
HARS	5.0606060606060606	1.797670388943156e-52	0.34701437	2.5881082676505675e-169
HMOX2	4.393939393939394	9.660381979554807e-133	0.4745498	0.0
CTGF	6.7727272727272725	1.0	0.3559797	8.886635173087984e-185
DDX3X	4.636363636363637	1.2663970208888846e-100	0.58846605	0.0
LRFN1	5.712121212121212	2.43404951276035e-07	0.37435973	3.1540777623016047e-217
SLC22A12	7.848484848484849	1.0	0.28433916	7.80988562271538e-73
MOCS3	6.5606060606060606	1.0	0.22990468	2.5519955254518697e-17
IFIT3	15.0	1.0	-0.06999006	1.0
ECM1	5.181818181818182	4.0646540127585765e-41	0.46428594	0.0
ADCYAP1R1	5.045454545454546	5.659481355966012e-54	0.2764173	1.0073978395503213e-62
TLR9	4.621212121212121	1.49917227250215e-102	0.14244205	1.0
RPRD2	6.9393939393939394	1.0	0.6340222	0.0
ZNF764	5.0606060606060606	1.797670388943156e-52	0.43664652	0.0
TMCO6	5.878787878787879	0.011370719431532743	0.2863469	1.7276118199163066e-75
OAZ3	15.0	1.0	0.2520497	1.0366969296062483e-35
WDR1	5.106060606060606	4.4949480382805774e-48	-0.045078047	1.0
BTC	4.409090909090909	1.1709431526636087e-130	0.2299694	2.3050674787054152e-17
STK24	4.2727272727272725	1.056112086203131e-149	-0.0071742195	1.0
NARS	5.151515151515151	7.625974972303267e-44	-0.083066024	1.0
TBCE	4.818181818181818	1.5059610191706582e-78	-0.07363104	1.0
RECQL	4.666666666666667	8.237161641457738e-97	-0.15668073	1.0
FERMT1	5.515151515151516	1.237552061909311e-16	0.34707516	2.037769728962994e-169
FCGR3A	4.606060606060606	1.737959073153401e-104	0.112081416	1.0
PSMB8	8.712121212121213	1.0	0.16074009	1.0
CARD8	5.121212121212121	1.2068095274004981e-46	-0.09625378	1.0
PRPSAP1	7.878787878787879	1.0	0.21541923	7.371788876489736e-09
NR1D1	4.651515151515151	1.037003425140186e-98	-0.115637206	1.0
AKAP2	5.863636363636363	0.005653383481306722	0.24310048	1.6095576517671359e-27
KIAA0513	6.393939393939394	1.0	0.40678436	5.951941293270047e-276
HPN	8.621212121212121	1.0	-0.024934711	1.0
SELPLG	8.212121212121213	1.0	-0.028890036	1.0
HNRNPA3	5.2727272727272725	2.0333752743474065e-33	0.049393624	1.0
VWA1	6.818181818181818	1.0	0.009439665	1.0
FCGRT	7.606060606060606	1.0	0.26817945	7.203420418488827e-53
FBLN1	5.984848484848484	0.3459152735646521	0.63723534	0.0
BCCIP	5.7272727272727275	8.579595772540609e-07	-0.009034814	1.0
ATG7	7.7384615384615385	1.0	0.21544161	7.192296328392656e-09
TNFRSF10B	4.4393939393939394	1.6126884793906135e-126	-0.10504921	1.0
NXPH1	6.636363636363637	1.0	0.08494595	1.0
SLC26A8	5.121212121212121	1.2068095274004981e-46	0.19296217	0.1203969136774548
GAD2	5.575757575757576	2.407667682078258e-13	0.22147521	4.877259015470087e-12
VCPIP1	6.0606060606060606	0.9815462904994844	0.18875623	0.45531767482172697
NXPH2	6.636363636363637	1.0	0.08810917	1.0
GNB5	7.954545454545454	1.0	0.13084145	1.0
SF3A2	4.9393939393939394	5.535048770797336e-65	-0.061218422	1.0
PPEF2	4.818181818181818	1.5059610191706582e-78	0.36011663	5.2952957755074774e-192
KCNG4	15.0	1.0	0.34135556	1.0519563836787802e-159
ASIC1	5.212121212121212	1.8119808505712916e-38	0.2950032	2.444873754155293e-87
ARID3B	4.393939393939394	9.660381979554807e-133	-0.03416303	1.0
STXBP4	5.287878787878788	3.3122123718160204e-32	-0.09106932	1.0
VGLL1	5.545454545454546	6.0781751734860976e-15	0.2905741	3.3882074835104383e-81
PKN1	3.9696969696969697	4.645458642258488e-194	0.048287213	1.0
ANGPTL1	4.575757575757576	2.1596514624631015e-108	-0.034974214	1.0
TOR1AIP1	4.909090909090909	2.7919646467736866e-68	0.39795238	7.665673640439428e-260
INVS	5.46969696969697	2.4090497997966194e-19	0.39586172	4.8646855574863704e-256
GRM6	6.121212121212121	1.0	0.26073617	1.383647918806731e-44
TLR2	4.696969696969697	4.730191825147677e-93	0.24827136	3.9445069490468015e-32
KLHL1	4.5	2.320495940381192e-118	0.3908057	7.397836046724249e-247
MRI1	5.075757575757576	5.495762606430855e-51	0.10604041	1.0
TGFB1I1	4.151515151515151	3.849589723230579e-167	0.44229364	0.0
NEUROD2	4.96969696969697	9.498709933095162e-62	0.3017812	4.799754561783503e-97
CPT1A	4.681818181818182	6.333737555295499e-95	0.36214703	1.446041460984142e-195
PTPN18	4.196969696969697	1.4895433699893624e-160	0.55547553	0.0
MAEA	6.212121212121212	1.0	0.020877816	1.0
KISS1R	8.166666666666666	1.0	-0.01639208	1.0
CUL4A	4.742424242424242	1.6577844026969324e-87	-0.18161738	1.0
KBTBD4	7.303030303030303	1.0	0.19124547	0.22044064379285486
BICD1	4.257575757575758	7.504677503470952e-152	0.54060006	0.0
AHDC1	5.151515151515151	7.625974972303267e-44	0.36524758	4.962903996494547e-201
ILF3	4.5	2.320495940381192e-118	-0.19022404	1.0
PPP2R5E	4.181818181818182	9.63590226073286e-163	-0.08543872	1.0
HIST1H1A	5.151515151515151	7.625974972303267e-44	0.38606644	2.8260009573475553e-238
IL18R1	5.621212121212121	3.982970927086116e-11	0.14225662	1.0
RRP8	4.681818181818182	6.333737555295499e-95	-0.009263744	1.0
ATXN7L3	5.696969696969697	6.547083669482187e-08	-0.011640707	1.0
STX7	7.015151515151516	1.0	0.30279312	1.590841018048499e-98
MUC16	15.0	1.0	-0.033742815	1.0
KIAA1715	9.424242424242424	1.0	-0.028556492	1.0
PRKAR2B	5.0606060606060606	1.797670388943156e-52	0.3567996	3.318419432618134e-186
CNOT4	5.333333333333333	1.077567019711722e-28	0.27165353	6.131881355976829e-57
ARHGDIA	4.378787878787879	7.77867107031269e-135	0.25892842	1.1478292489425024e-42
ARFIP1	5.742424242424242	2.8558071390704282e-06	0.22760326	8.821121067842485e-16
LNX2	4.7727272727272725	6.962344027357639e-84	-0.13214676	1.0
SELL	6.9393939393939394	1.0	-0.02429268	1.0
RPL30	4.7272727272727275	2.421712560332582e-89	0.48841047	0.0
SEC14L1	5.333333333333333	1.077567019711722e-28	0.34036142	4.969858582404824e-158
GALNT13	7.166666666666667	1.0	0.47732392	0.0
SOX11	5.242424242424242	6.647471978626986e-36	-0.017944777	1.0
MAN2A2	4.333333333333333	3.721508830056371e-141	0.07574427	1.0
APPL1	4.015151515151516	2.9248875795462624e-187	0.6309516	0.0
C1D	4.363636363636363	6.189853655707169e-137	0.3457315	4.002014202977907e-167
AVPR2	6.075757575757576	1.0	0.34587863	2.247134450155854e-167
BCHE	15.0	1.0	0.1600215	1.0
PHKA2	4.757575757575758	1.090042831805119e-85	0.5335448	0.0
LAMP1	5.575757575757576	2.407667682078258e-13	-0.00088377314	1.0
DPF2	5.0606060606060606	1.797670388943156e-52	0.023653897	1.0
SORCS3	9.575757575757576	1.0	0.00674288	1.0
GFPT1	4.4393939393939394	1.6126884793906135e-126	0.41345558	3.791548979401766e-288
HSD17B4	4.893939393939394	5.918212061668534e-70	0.33738542	4.843004554997225e-153
MPDU1	6.984848484848484	1.0	0.08617995	1.0
PON2	8.045454545454545	1.0	0.004976531	1.0
CENPA	5.181818181818182	4.0646540127585765e-41	0.35117888	1.8384323848341104e-176
ASCC3	4.53030303030303	2.4274693143251508e-114	0.4308712	5.173e-320
MMP20	8.590909090909092	1.0	0.3156976	5.031800667793418e-118
HSH2D	4.833333333333333	8.451693755487221e-77	0.51814246	0.0
FGFR1OP	5.03030303030303	1.7150705756327545e-55	0.034119695	1.0
CPSF3L	5.136363636363637	3.116249927713834e-45	0.3110705	6.656870641812481e-111
YAP1	3.8333333333333335	1.2495185782783626e-214	-0.008683822	1.0
KRT6B	5.5606060606060606	3.933561957910748e-14	0.41055632	7.591417668581695e-283
KIFC2	5.484848484848484	2.035332163566379e-18	0.14484765	1.0
NUF2	4.606060606060606	1.737959073153401e-104	0.46801284	0.0
MFNG	5.151515151515151	7.625974972303267e-44	0.14611612	1.0
SEMA4C	5.666666666666667	3.999973542524087e-09	0.3412468	1.604001464184955e-159
SNAP91	4.666666666666667	8.237161641457738e-97	0.3552072	1.9566082033874786e-183
HSPA14	5.181818181818182	4.0646540127585765e-41	0.31651515	2.6907350644105833e-119
PRR14	5.484848484848484	2.035332163566379e-18	0.2937686	1.3096693864487333e-85
CCDC158	5.803030303030303	0.00019878369230689233	-0.011425177	1.0
GYPB	7.136363636363637	1.0	0.09957375	1.0
NOX1	5.484848484848484	2.035332163566379e-18	0.3292154	1.4654743455633952e-139
EHD2	5.090909090909091	1.6019351837119586e-49	-0.117064886	1.0
CSTF2T	5.348484848484849	1.4467502508287116e-27	0.3532812	4.283900204071394e-180
SH2D2A	4.606060606060606	1.737959073153401e-104	0.11049383	1.0
RBM4B	5.606060606060606	7.6746572533737e-12	0.001092971	1.0
BNIP2	4.636363636363637	1.2663970208888846e-100	-0.025321208	1.0
PSIP1	4.242424242424242	5.153875612728923e-154	0.1427651	1.0
CGN	4.333333333333333	3.721508830056371e-141	0.055086873	1.0
ABCB5	7.166666666666667	1.0	0.3094868	1.692292348979415e-108
CTRL	8.030303030303031	1.0	0.04875188	1.0
CDH10	15.0	1.0	0.26242828	2.0531638500306292e-46
KHDRBS2	4.2727272727272725	1.056112086203131e-149	0.5232785	0.0
KIRREL	5.287878787878788	3.3122123718160204e-32	0.57904536	0.0
UBXN2B	6.257575757575758	1.0	0.031341895	1.0
PHF23	6.242424242424242	1.0	0.2982013	7.127112204885162e-92
CADM1	5.03030303030303	1.7150705756327545e-55	-0.02104963	1.0
GRM7	4.196969696969697	1.4895433699893624e-160	0.14867806	1.0
LEPR	4.681818181818182	6.333737555295499e-95	0.20360719	0.000359757575733848
MINPP1	4.212121212121212	2.28090257442149e-158	-0.0032426228	1.0
ZSCAN20	10.242424242424242	1.0	0.27528223	2.5260660711328282e-61
FBXL18	5.2727272727272725	2.0333752743474065e-33	0.3865961	3.116653873948093e-239
IPO5	5.242424242424242	6.647471978626986e-36	-0.078790754	1.0
TAZ	4.318181818181818	2.7918664717826296e-143	0.47694254	0.0
BECN1	4.681818181818182	6.333737555295499e-95	0.40389356	1.130796952354435e-270
STK4	4.181818181818182	9.63590226073286e-163	-0.13387522	1.0
DARS	5.106060606060606	4.4949480382805774e-48	-0.0607385	1.0
CCT2	4.242424242424242	5.153875612728923e-154	0.0013678264	1.0
NPFFR1	15.0	1.0	-0.036261875	1.0
PWP1	4.787878787878788	4.3222045956551894e-82	0.4047703	2.8365522915094027e-272
SLC35G2	6.757575757575758	1.0	0.023711056	1.0
ACR	15.0	1.0	0.2368372	2.1540165365843597e-22
IDH1	4.590909090909091	1.9637076384770094e-106	0.50363755	0.0
AFTPH	6.378787878787879	1.0	0.19836713	0.00990697189953536
PRDM16	6.03030303030303	0.7263459392288968	0.53505903	0.0
TRAPPC2L	15.0	1.0	0.044090316	1.0
ITGB8	5.954545454545454	0.16775844587044184	0.35014415	1.1117031671991687e-174
FGG	7.318181818181818	1.0	0.36741075	7.3728662475967655e-205
PAX6	4.606060606060606	1.737959073153401e-104	-0.0734546	1.0
A2M	7.181818181818182	1.0	0.15285252	1.0
HTR4	6.303030303030303	1.0	0.22858852	1.976483091790205e-16
CABLES2	3.6363636363636362	9.558788646000851e-245	-0.03593758	1.0
ACVR2B	5.378787878787879	2.2421187423656065e-25	0.25983632	1.2605457097864055e-43
HINT1	5.848484848484849	0.002671922425091299	0.1275376	1.0
GARS	4.787878787878788	4.3222045956551894e-82	-0.17255177	1.0
GLMN	5.075757575757576	5.495762606430855e-51	-0.12036315	1.0
AIRE	4.2727272727272725	1.056112086203131e-149	-0.017287366	1.0
BRDT	5.696969696969697	6.547083669482187e-08	0.29906094	4.16460949168025e-93
INO80B	5.9393939393939394	0.10865242828933425	0.007619845	1.0
RARG	4.363636363636363	6.189853655707169e-137	-0.08946448	1.0
ZNF639	4.2727272727272725	1.056112086203131e-149	0.008455024	1.0
FKBP10	9.136363636363637	1.0	-0.10250707	1.0
IDUA	7.303030303030303	1.0	0.1811103	1.0
PDIK1L	7.318181818181818	1.0	0.0023605698	1.0
NR1D2	4.7272727272727275	2.421712560332582e-89	-0.09041747	1.0
CTPS1	4.363636363636363	6.189853655707169e-137	0.43251213	5e-323
ACADM	5.090909090909091	1.6019351837119586e-49	0.2942187	3.0785028538318106e-86
DLGAP4	4.651515151515151	1.037003425140186e-98	0.19132803	0.21459983877229244
NRCAM	5.893939393939394	0.021657682436614336	0.578027	0.0
HS1BP3	5.666666666666667	3.999973542524087e-09	0.23629417	5.672395248169459e-22
FKBP2	6.984848484848484	1.0	0.10361436	1.0
LMOD1	4.96969696969697	9.498709933095162e-62	0.4019283	4.362705434909409e-267
SYT8	7.333333333333333	1.0	0.022823267	1.0
TLR10	5.03030303030303	1.7150705756327545e-55	0.11357469	1.0
RDX	5.015151515151516	4.965087209642441e-57	0.43243125	7.4e-323
TBCD	5.515151515151516	1.237552061909311e-16	-0.014706239	1.0
ZNF709	5.863636363636363	0.005653383481306722	0.2285976	1.949610822897617e-16
TXNRD1	15.0	1.0	-0.10823614	1.0
AGFG2	5.03030303030303	1.7150705756327545e-55	-0.060886253	1.0
EEF1E1	4.7727272727272725	6.962344027357639e-84	0.18657413	0.7462592211348518
SYTL1	4.545454545454546	2.3923140793058067e-112	-0.1126319	1.0
MMP10	7.575757575757576	1.0	-0.06118427	1.0
CPEB1	5.2272727272727275	3.567716469429752e-37	0.4946148	0.0
BAIAP2L1	4.363636363636363	6.189853655707169e-137	0.008954331	1.0
ANKRD1	6.2272727272727275	1.0	0.30178255	4.779804341496436e-97
GPSM2	6.075757575757576	1.0	0.37767765	3.610396143551893e-223
RUNDC3A	5.287878787878788	3.3122123718160204e-32	0.30122936	3.05447120003483e-96
FZD2	5.712121212121212	2.43404951276035e-07	-0.08661312	1.0
UBL7	5.2272727272727275	3.567716469429752e-37	-0.002116451	1.0
FLOT1	5.121212121212121	1.2068095274004981e-46	-0.026254209	1.0
ALS2CL	6.484848484848484	1.0	0.14183903	1.0
LEO1	4.196969696969697	1.4895433699893624e-160	0.4178249	3.852605611371432e-296
ARPC1A	7.106060606060606	1.0	0.017449206	1.0
DGKQ	5.0606060606060606	1.797670388943156e-52	0.25342667	4.657598873220861e-37
NONO	4.363636363636363	6.189853655707169e-137	0.5506246	0.0
ANKS3	6.196969696969697	1.0	0.33974433	5.410570320255328e-157
ACTL7A	5.833333333333333	0.0011874730962516493	-0.01627053	1.0
PLEKHA4	4.454545454545454	1.8308025417514746e-124	-0.056270044	1.0
PDE1A	5.045454545454546	5.659481355966012e-54	0.36591822	3.2362955591286886e-202
SEMA3F	6.212121212121212	1.0	0.25315827	8.557200596057493e-37
BTBD1	4.742424242424242	1.6577844026969324e-87	-0.070226245	1.0
STEAP3	5.136363636363637	3.116249927713834e-45	0.20698225	2.6333168086396263e-05
CHRNB4	6.878787878787879	1.0	0.27812243	7.5526564870746824e-65
USP11	4.575757575757576	2.1596514624631015e-108	0.20128909	0.0017418043182571398
DAZAP1	15.0	1.0	0.02985422	1.0
ITIH2	5.96969696969697	0.24669780146475193	0.31437156	5.714030268269673e-116
CCT5	5.075757575757576	5.495762606430855e-51	-0.13302256	1.0
CECR5	6.984848484848484	1.0	0.021124067	1.0
LONRF3	4.787878787878788	4.3222045956551894e-82	0.36318955	2.1165488269807543e-197
KCNS3	15.0	1.0	0.4339614	0.0
RHBDF1	5.954545454545454	0.16775844587044184	0.3166518	1.64919499598968e-119
MMP13	7.924242424242424	1.0	-0.10498267	1.0
CCK	6.803030303030303	1.0	0.08055596	1.0
USP33	6.196969696969697	1.0	0.27483055	9.032450736758596e-61
FDXR	4.348484848484849	4.8892849748765516e-139	-0.09860377	1.0
LUC7L3	4.303030303030303	2.0612681446983352e-145	0.44024986	0.0
DDX39A	7.121212121212121	1.0	-0.03512321	1.0
CHST9	7.409090909090909	1.0	0.34361437	1.5935424430320398e-163
WNT5A	7.712121212121212	1.0	-0.00908545	1.0
ZNF426	5.0	1.3821620935970935e-58	0.46274945	0.0
NUP88	5.409090909090909	2.812288621595938e-23	0.3979109	9.119314523862573e-260
ERO1LB	8.712121212121213	1.0	0.19992714	0.0040484362402074545
PRPF19	5.606060606060606	7.6746572533737e-12	0.22598147	9.71549418745585e-15
FAM71C	6.954545454545454	1.0	0.29592776	1.2181426127182987e-88
FAM21C	5.151515151515151	7.625974972303267e-44	0.048929565	1.0
LZTS1	4.181818181818182	9.63590226073286e-163	-0.0933778	1.0
TOMM70A	4.181818181818182	9.63590226073286e-163	-0.08394547	1.0
PRC1	5.378787878787879	2.2421187423656065e-25	0.4456843	0.0
DRD5	5.2727272727272725	2.0333752743474065e-33	0.3620018	2.6033100303311904e-195
BMPR1A	5.090909090909091	1.6019351837119586e-49	-0.17325869	1.0
VPS72	4.924242424242424	1.265707574008615e-66	0.14055716	1.0
HOXD13	3.9393939393939394	1.3168145906029157e-198	0.20182815	0.0012258611486130019
C9orf78	5.333333333333333	1.077567019711722e-28	0.076964125	1.0
IL13RA2	5.848484848484849	0.002671922425091299	-0.01685257	1.0
ST8SIA3	6.924242424242424	1.0	0.009388275	1.0
SLC5A1	4.515151515151516	2.3986497037817864e-116	0.40190598	4.789665593859052e-267
ADRA2B	4.348484848484849	4.8892849748765516e-139	-0.004185551	1.0
ZFP91	5.454545454545454	2.703891876666768e-20	0.32842395	2.844240722613448e-138
IGSF21	4.4393939393939394	1.6126884793906135e-126	0.15185031	1.0
PTPN3	5.196969696969697	8.770307777023999e-40	-0.08430101	1.0
TNFRSF17	5.045454545454546	5.659481355966012e-54	0.39482123	3.793712805047213e-254
RAB18	4.803030303030303	2.5916093890928528e-80	0.3731893	3.8817528526388547e-215
SIGLEC6	15.0	1.0	-0.030594883	1.0
ETNK2	5.454545454545454	2.703891876666768e-20	-0.010274562	1.0
DBN1	5.378787878787879	2.2421187423656065e-25	0.45465976	0.0
POLD2	4.651515151515151	1.037003425140186e-98	-0.120166264	1.0
DGKA	4.303030303030303	2.0612681446983352e-145	-0.1575887	1.0
SMC1B	5.696969696969697	6.547083669482187e-08	0.44339126	0.0
EML4	5.742424242424242	2.8558071390704282e-06	0.11538103	1.0
ZNF335	4.621212121212121	1.49917227250215e-102	0.029533828	1.0
GNA14	7.742424242424242	1.0	-0.0031490966	1.0
SPRY2	4.606060606060606	1.737959073153401e-104	0.54630595	0.0
MUL1	6.2727272727272725	1.0	0.023418596	1.0
CCDC11	5.348484848484849	1.4467502508287116e-27	0.40023598	5.30905483916863e-264
LDHB	5.090909090909091	1.6019351837119586e-49	0.2878642	1.6102532850158762e-77
PPFIBP2	5.515151515151516	1.237552061909311e-16	0.39773303	1.9191914126064857e-259
FAM176C	6.015151515151516	0.5905005552315811	-0.025217224	1.0
LPAR2	5.833333333333333	0.0011874730962516493	0.11367309	1.0
BBS4	6.5	1.0	0.30911207	6.239795278519286e-108
DLK1	15.0	1.0	-0.014619626	1.0
PLEKHM2	5.651515151515151	9.112849250268435e-10	0.13267171	1.0
SEC61A2	7.454545454545454	1.0	0.002860972	1.0
WNT3A	9.712121212121213	1.0	0.23320886	1.1720202442443166e-19
ACP5	5.287878787878788	3.3122123718160204e-32	0.29064155	2.7398878349361276e-81
TRAFD1	5.0	1.3821620935970935e-58	0.5310967	0.0
PTBP2	5.515151515151516	1.237552061909311e-16	0.33403388	1.7904879489816342e-147
CALCRL	15.0	1.0	-0.06692016	1.0
IPO11	5.590909090909091	1.3974580680846262e-12	0.03733154	1.0
FGF6	5.242424242424242	6.647471978626986e-36	0.35725054	5.43310470592287e-187
ZNF202	10.242424242424242	1.0	0.13857768	1.0
ADRA1A	6.666666666666667	1.0	0.20960347	2.6675317087117526e-06
PJA2	5.621212121212121	3.982970927086116e-11	0.18083736	1.0
PTBP1	4.742424242424242	1.6577844026969324e-87	-0.18348245	1.0
RAP1GAP	4.2727272727272725	1.056112086203131e-149	-0.1729204	1.0
GAL3ST4	4.5	2.320495940381192e-118	-0.007121928	1.0
ECE1	6.075757575757576	1.0	0.1583743	1.0
C5AR1	15.0	1.0	-0.010431143	1.0
RIOK1	4.318181818181818	2.7918664717826296e-143	0.5111542	0.0
AVPR1B	6.484848484848484	1.0	-0.026611613	1.0
ATL2	15.0	1.0	-0.09030046	1.0
NMD3	4.893939393939394	5.918212061668534e-70	-0.050356317	1.0
ADRB3	6.303030303030303	1.0	-0.0048489496	1.0
XRCC1	4.5	2.320495940381192e-118	-0.17726016	1.0
HTR1A	7.2272727272727275	1.0	0.2594365	3.3419283574527426e-43
ST8SIA2	6.924242424242424	1.0	0.011303702	1.0
CPNE1	4.7727272727272725	6.962344027357639e-84	0.35393673	3.136900064901894e-181
BCAM	5.318181818181818	7.64416891530246e-30	0.5778246	0.0
PIP4K2B	4.46969696969697	2.040032193293724e-122	0.06987284	1.0
UGP2	6.090909090909091	1.0	0.24023896	4.1012980149987046e-25
GSPT1	4.833333333333333	8.451693755487221e-77	-0.15638946	1.0
MMS22L	5.045454545454546	5.659481355966012e-54	0.497619	0.0
TJAP1	5.893939393939394	0.021657682436614336	0.4192825	8.297382602221904e-299
SERPINI1	6.742424242424242	1.0	0.4955354	0.0
OCRL	4.696969696969697	4.730191825147677e-93	0.16466527	1.0
DBF4B	5.424242424242424	2.923156208519247e-22	0.41475123	1.6219816810555373e-290
HSF4	3.984848484848485	8.694410217617934e-192	0.55129695	0.0
CCR10	10.151515151515152	1.0	-0.05621913	1.0
M6PR	6.484848484848484	1.0	0.37835875	2.1676130024256116e-224
PSMA3	5.166666666666667	1.799159943379442e-42	0.3369495	2.580478820899459e-152
SYP	5.196969696969697	8.770307777023999e-40	0.28543755	2.783068344329635e-74
N4BP3	4.2727272727272725	1.056112086203131e-149	-0.028513158	1.0
DACH1	3.9696969696969697	4.645458642258488e-194	0.47934157	0.0
SEC24D	6.636363636363637	1.0	0.122081295	1.0
SLC6A3	4.348484848484849	4.8892849748765516e-139	-0.13338359	1.0
DDX4	5.0	1.3821620935970935e-58	0.5673586	0.0
MAD2L1BP	3.878787878787879	9.67482637323781e-208	0.21943235	6.584656371631573e-11
ADAM2	6.651515151515151	1.0	0.12412817	1.0
ASCC1	5.53030303030303	8.920550128250713e-16	0.15754855	1.0
BCAR3	5.03030303030303	1.7150705756327545e-55	0.52304655	0.0
CLEC11A	6.0	0.46300423940933777	0.027378533	1.0
ROBO4	5.303030303030303	5.157518393752423e-31	0.17838508	1.0
CIR1	4.46969696969697	2.040032193293724e-122	0.013039423	1.0
ARHGAP9	4.621212121212121	1.49917227250215e-102	0.4161833	3.8917525849806777e-293
SAA4	8.06060606060606	1.0	0.18484314	1.0
FAM118B	6.106060606060606	1.0	0.0128821945	1.0
KIAA1199	15.0	1.0	0.41714635	6.717777324626621e-295
RABGGTA	5.681818181818182	1.664947422503421e-08	0.26224932	3.2168981728714114e-46
PVR	6.106060606060606	1.0	-0.036464367	1.0
PRM1	5.5	1.6274518014202265e-17	0.21069972	9.58159841411749e-07
C1orf116	5.7727272727272725	2.661357851109339e-05	-0.09953057	1.0
CDH7	15.0	1.0	0.5906378	0.0
CCT8	4.96969696969697	9.498709933095162e-62	-0.062793836	1.0
SLC30A9	3.9545454545454546	2.497113161143616e-196	0.46804512	0.0
GDI2	5.984848484848484	0.3459152735646521	-0.038499933	1.0
NCKAP1	4.666666666666667	8.237161641457738e-97	0.036515243	1.0
ROR2	6.712121212121212	1.0	0.098629765	1.0
OGG1	5.378787878787879	2.2421187423656065e-25	0.3347075	1.3764951007400632e-148
FBXO21	7.166666666666667	1.0	-0.12609318	1.0
CCNL1	5.121212121212121	1.2068095274004981e-46	0.39179996	1.164510642277949e-248
COL4A3BP	5.712121212121212	2.43404951276035e-07	0.24650998	1.599405487124282e-30
SFTPA1	8.651515151515152	1.0	0.051674146	1.0
EMILIN2	15.0	1.0	0.32030374	3.033229817845067e-125
C9	7.393939393939394	1.0	-0.090641454	1.0
CYB5R2	5.196969696969697	8.770307777023999e-40	0.36387122	1.3312665249605263e-198
STOML2	5.090909090909091	1.6019351837119586e-49	0.06045813	1.0
POU3F3	5.242424242424242	6.647471978626986e-36	-0.09213619	1.0
CKMT1A	5.893939393939394	0.021657682436614336	-0.008465682	1.0
RAB11FIP4	6.0606060606060606	0.9815462904994844	0.24973173	1.708048736028292e-33
MTHFR	7.878787878787879	1.0	0.17828001	1.0
SCHIP1	4.287878787878788	1.4852780113973228e-147	-0.013199485	1.0
POLR3C	5.893939393939394	0.021657682436614336	0.29979542	3.645746046755222e-94
KCNMB1	5.954545454545454	0.16775844587044184	0.18622702	0.7975901118854142
PIP4K2C	5.0606060606060606	1.797670388943156e-52	0.04766577	1.0
RPS3	4.318181818181818	2.7918664717826296e-143	0.47477844	0.0
GIF	7.045454545454546	1.0	0.300979	7.058691675947381e-96
YIPF3	5.46969696969697	2.4090497997966194e-19	0.016127963	1.0
ST3GAL2	7.9393939393939394	1.0	0.006103359	1.0
PNKD	15.0	1.0	-0.008712513	1.0
PYGM	6.2272727272727275	1.0	0.3286618	1.1681641059247647e-138
PSMC3IP	3.8636363636363638	4.990437000413431e-210	0.3157935	3.5730337507671702e-118
LHCGR	6.409090909090909	1.0	-0.16837688	1.0
PREP	7.5	1.0	0.100494616	1.0
ZNF679	5.4393939393939394	2.881456053844129e-21	0.3769263	8.025608522966115e-222
RMND5B	4.121212121212121	1.4224876522889679e-171	0.11212244	1.0
ASXL2	5.476923076923077	6.728904504429071e-19	0.4473328	0.0
GUCY1A3	4.515151515151516	2.3986497037817864e-116	0.39313743	4.3448099990831884e-251
CMAS	5.742424242424242	2.8558071390704282e-06	-0.028959107	1.0
CA6	8.606060606060606	1.0	0.0062503517	1.0
ZNF20	5.090909090909091	1.6019351837119586e-49	0.28374228	4.734756816428554e-72
PRPF3	5.2727272727272725	2.0333752743474065e-33	0.16705611	1.0
LHX3	6.53030303030303	1.0	-0.017652389	1.0
ZNF91	15.0	1.0	0.39877453	2.442952033569763e-261
HNRNPD	4.484848484848484	2.2002490221096544e-120	0.41345125	3.859319071415894e-288
PPP2R3B	5.015151515151516	4.965087209642441e-57	-0.10157345	1.0
GDF6	4.454545454545454	1.8308025417514746e-124	-0.01960418	1.0
ALOX12B	5.136363636363637	3.116249927713834e-45	-0.15064506	1.0
STK3	4.121212121212121	1.4224876522889679e-171	-0.10009875	1.0
RAI2	4.954545454545454	2.339787434928052e-63	0.39391845	1.6561758221777633e-252
TARBP2	8.848484848484848	1.0	-0.003671145	1.0
MAPKAPK3	4.212121212121212	2.28090257442149e-158	0.076216705	1.0
DFNB31	15.0	1.0	0.57620114	0.0
MNS1	5.242424242424242	6.647471978626986e-36	0.3545471	2.739393982752093e-182
ASIC3	5.712121212121212	2.43404951276035e-07	0.4307396	9.007e-320
SSBP3	6.863636363636363	1.0	0.024685983	1.0
AKAP7	5.606060606060606	7.6746572533737e-12	0.31657273	2.1887496055147694e-119
CKMT1B	5.590909090909091	1.3974580680846262e-12	-0.0336369	1.0
VWA8	6.2272727272727275	1.0	0.6332211	0.0
PLEKHO1	4.106060606060606	8.500160823487073e-174	0.089137964	1.0
GP1BA	6.212121212121212	1.0	0.165441	1.0
SHMT2	4.318181818181818	2.7918664717826296e-143	0.5126574	0.0
KRI1	6.545454545454546	1.0	0.11569286	1.0
ENTPD5	4.4393939393939394	1.6126884793906135e-126	0.077672996	1.0
AURKAIP1	4.53030303030303	2.4274693143251508e-114	0.29689786	5.138242490390174e-90
ITM2B	4.5606060606060606	2.3057357993651317e-110	0.40709925	1.585710695044696e-276
MESDC2	13.712121212121213	1.0	0.27040854	1.826511528074088e-55
ALG10B	6.4393939393939394	1.0	0.38323003	3.7378401289572964e-233
RCBTB2	5.590909090909091	1.3974580680846262e-12	0.22254087	1.1878872901572094e-12
ZNF10	4.712121212121212	3.445049409216623e-91	-0.108565375	1.0
PRKCH	4.2272727272727275	3.468440810002327e-156	0.4667669	0.0
GPS2	3.787878787878788	1.5217783380568327e-221	-0.013896414	1.0
ELAVL2	6.242424242424242	1.0	-0.011185062	1.0
ATP6AP2	15.0	1.0	-0.006128641	1.0
SERPIND1	7.242424242424242	1.0	-0.07709919	1.0
TRAIP	5.045454545454546	5.659481355966012e-54	-0.009576639	1.0
SNX1	4.742424242424242	1.6577844026969324e-87	-0.09619936	1.0
GTF2H3	5.575757575757576	2.407667682078258e-13	0.077747434	1.0
EVI5	6.4393939393939394	1.0	0.2776796	2.706895593059839e-64
UNC5CL	4.333333333333333	3.721508830056371e-141	0.4608778	0.0
SNUPN	9.393939393939394	1.0	-0.023908755	1.0
USP10	5.545454545454546	6.0781751734860976e-15	0.1496766	1.0
AKAP5	4.318181818181818	2.7918664717826296e-143	-0.018275492	1.0
SLC3A1	15.0	1.0	0.106985666	1.0
C8B	9.393939393939394	1.0	0.3295192	4.686532392655876e-140
CKAP4	5.454545454545454	2.703891876666768e-20	0.3976791	2.405617574166184e-259
APOL1	6.984848484848484	1.0	0.005270992	1.0
DMBT1	9.651515151515152	1.0	0.12104664	1.0
GRK4	4.7727272727272725	6.962344027357639e-84	-0.08626871	1.0
WSB2	5.318181818181818	7.64416891530246e-30	0.2945367	1.1044448491198856e-86
APOBEC3G	5.121212121212121	1.2068095274004981e-46	0.022188751	1.0
SEPT7	5.757575757575758	8.96438933889546e-06	-0.07238712	1.0
CCDC113	4.53030303030303	2.4274693143251508e-114	0.061781753	1.0
PIWIL2	6.0	0.46300423940933777	0.4462946	0.0
DKK1	13.712121212121213	1.0	0.07625933	1.0
DDX19A	5.4393939393939394	2.881456053844129e-21	-0.039920416	1.0
CBX4	4.106060606060606	8.500160823487073e-174	-0.12054438	1.0
CXXC4	5.106060606060606	4.4949480382805774e-48	0.2790894	4.573663563114876e-66
SNCAIP	5.166666666666667	1.799159943379442e-42	0.13862461	1.0
ARC	5.575757575757576	2.407667682078258e-13	0.054335535	1.0
TRIM69	4.378787878787879	7.77867107031269e-135	-0.07866461	1.0
PCBP3	5.712121212121212	2.43404951276035e-07	0.033257883	1.0
GPRASP1	4.909090909090909	2.7919646467736866e-68	0.054533143	1.0
NAGPA	5.03030303030303	1.7150705756327545e-55	-0.059337985	1.0
CSTF1	4.075757575757576	2.898466868756153e-178	-0.028378038	1.0
ATP6V0D1	5.151515151515151	7.625974972303267e-44	0.11742116	1.0
SCT	7.9393939393939394	1.0	0.12922001	1.0
BABAM1	7.196969696969697	1.0	0.0020011035	1.0
SLC22A24	5.242424242424242	6.647471978626986e-36	-0.07007916	1.0
KPNA5	4.348484848484849	4.8892849748765516e-139	-0.08719489	1.0
SCD	15.0	1.0	-0.005194879	1.0
HAVCR1	5.409090909090909	2.812288621595938e-23	0.114427865	1.0
PRPF38A	5.696969696969697	6.547083669482187e-08	0.1280583	1.0
IL34	5.151515151515151	7.625974972303267e-44	0.19567858	0.038522512175433565
SEPT9	6.666666666666667	1.0	-0.062339682	1.0
QSOX1	5.409090909090909	2.812288621595938e-23	0.37098643	3.2829221939794207e-211
GRIK3	5.015151515151516	4.965087209642441e-57	0.5279839	0.0
ZNF653	4.9393939393939394	5.535048770797336e-65	0.56627506	0.0
ARHGAP8	4.803030303030303	2.5916093890928528e-80	0.44840902	0.0
LMTK2	4.696969696969697	4.730191825147677e-93	0.4186585	1.1502332737931547e-297
TRIM39	5.181818181818182	4.0646540127585765e-41	0.1522736	1.0
BUB1B	4.666666666666667	8.237161641457738e-97	-0.22816223	1.0
CALB2	4.818181818181818	1.5059610191706582e-78	0.102426864	1.0
CAPZA3	5.2272727272727275	3.567716469429752e-37	0.030311896	1.0
NAE1	4.590909090909091	1.9637076384770094e-106	-0.034452636	1.0
PRMT8	4.5	2.320495940381192e-118	0.42219117	3.9207602048713564e-304
MPP1	5.803030303030303	0.00019878369230689233	-0.03403996	1.0
XBP1	3.9696969696969697	4.645458642258488e-194	0.27405137	8.03690290263006e-60
VANGL1	4.818181818181818	1.5059610191706582e-78	0.4613378	0.0
SEC23IP	4.863636363636363	2.3944386296676495e-73	0.54100513	0.0
FAM107B	4.833333333333333	8.451693755487221e-77	0.062901236	1.0
STX17	8.151515151515152	1.0	0.042681757	1.0
GOPC	6.848484848484849	1.0	0.19794965	0.01242902313512255
KCNG2	15.0	1.0	-0.006216544	1.0
ZRSR2	5.303030303030303	5.157518393752423e-31	-0.07895468	1.0
SYNC	7.2272727272727275	1.0	0.30567035	8.975203393984243e-103
OLA1	5.515151515151516	1.237552061909311e-16	0.020558843	1.0
MAGEE1	5.409090909090909	2.812288621595938e-23	0.21162662	3.903327592080889e-07
IL28RA	15.0	1.0	-0.065784894	1.0
TTLL5	4.636363636363637	1.2663970208888846e-100	0.04836814	1.0
LIG1	4.787878787878788	4.3222045956551894e-82	0.23435697	1.6675477091221337e-20
C19orf6	5.909090909090909	0.03906974193032677	0.000586005	1.0
PDIA5	5.409090909090909	2.812288621595938e-23	0.37739062	1.1804539966574576e-222
PLXDC1	7.242424242424242	1.0	0.34761465	2.433551422425592e-170
PITPNC1	15.0	1.0	-0.010712363	1.0
NTNG2	5.242424242424242	6.647471978626986e-36	-0.05733021	1.0
MCFD2	10.121212121212121	1.0	0.118289694	1.0
SLC2A2	4.166666666666667	6.137148820145575e-165	-0.07459373	1.0
EID3	4.2727272727272725	1.056112086203131e-149	0.14489661	1.0
RRN3	4.893939393939394	5.918212061668534e-70	-0.13897127	1.0
CIAO1	6.242424242424242	1.0	-0.023368457	1.0
EIF3M	6.196969696969697	1.0	0.30469036	2.55343842128641e-101
HEY1	3.8636363636363638	4.990437000413431e-210	0.4797656	0.0
PNMA6A	5.545454545454546	6.0781751734860976e-15	0.0001556533	1.0
SSFA2	5.333333333333333	1.077567019711722e-28	0.6307493	0.0
ALS2	4.318181818181818	2.7918664717826296e-143	0.51193833	0.0
CHRDL2	6.954545454545454	1.0	0.2534652	4.2690384129241574e-37
TRIM54	7.409090909090909	1.0	-0.029919993	1.0
TINAG	5.681818181818182	1.664947422503421e-08	0.1958991	0.0347893013739586
RHPN1	5.5606060606060606	3.933561957910748e-14	-0.13032375	1.0
SH2D4A	5.393939393939394	2.5866430052266783e-24	-0.054242875	1.0
HLF	4.2727272727272725	1.056112086203131e-149	0.51492536	0.0
ZNF136	5.4393939393939394	2.881456053844129e-21	0.3818846	9.927419605183316e-231
NPR2	8.333333333333334	1.0	0.0315133	1.0
DTX2	5.151515151515151	7.625974972303267e-44	-0.14763662	1.0
UBR2	6.0606060606060606	0.9815462904994844	0.3198007	1.8903978322294627e-124
KRT6A	5.106060606060606	4.4949480382805774e-48	0.38670707	1.9653901128510903e-239
RIC8A	6.045454545454546	0.8578473876992072	-0.10092545	1.0
ATP6V1H	5.909090909090909	0.03906974193032677	-0.05526025	1.0
PCDH18	5.166666666666667	1.799159943379442e-42	0.5164572	0.0
TFCP2	4.257575757575758	7.504677503470952e-152	-0.039212175	1.0
SERPINB6	6.878787878787879	1.0	-0.026805243	1.0
CBLL1	4.742424242424242	1.6577844026969324e-87	0.4867544	0.0
KRT31	5.287878787878788	3.3122123718160204e-32	0.38452482	1.722301123821679e-235
ACCS	6.151515151515151	1.0	0.413717	1.2621479650736449e-288
CNKSR3	6.151515151515151	1.0	0.22525601	2.760778483856653e-14
FAM189A2	4.545454545454546	2.3923140793058067e-112	0.0055841235	1.0
MARCH8	6.363636363636363	1.0	0.02122712	1.0
KCNAB2	6.0	0.46300423940933777	0.2227043	9.540625604243128e-13
TRAP1	6.0606060606060606	0.9815462904994844	0.16539349	1.0
BMP1	6.7272727272727275	1.0	0.6199954	0.0
GTF2H4	5.393939393939394	2.5866430052266783e-24	-0.040541172	1.0
AMBP	7.075757575757576	1.0	0.40052843	1.5581355379510918e-264
ZDHHC16	4.484848484848484	2.2002490221096544e-120	0.49819905	0.0
CHGA	6.893939393939394	1.0	0.21866032	1.6986253524526962e-10
CC2D1A	7.424242424242424	1.0	0.08855934	1.0
MAPKAP1	4.333333333333333	3.721508830056371e-141	0.0053404714	1.0
AMHR2	4.424242424242424	1.3907764601371584e-128	0.429748	5.86723e-318
MRVI1	5.257575757575758	1.1911514938980334e-34	0.5832198	0.0
ATP6V1A	7.363636363636363	1.0	0.16619305	1.0
PPP1R15A	4.0606060606060606	1.6578578839968477e-180	0.55332667	0.0
CNPY4	5.575757575757576	2.407667682078258e-13	0.2648631	4.201618550455092e-49
NXF2	4.909090909090909	2.7919646467736866e-68	-0.16293769	1.0
INTS9	6.136363636363637	1.0	0.33616814	5.167504788014724e-151
SEC23A	6.454545454545454	1.0	0.47738004	0.0
BAG3	4.196969696969697	1.4895433699893624e-160	-0.119405404	1.0
NT5E	7.045454545454546	1.0	-0.07909751	1.0
SSB	4.681818181818182	6.333737555295499e-95	0.022190902	1.0
OPN1MW	5.46969696969697	2.4090497997966194e-19	0.04208531	1.0
PORCN	11.712121212121213	1.0	0.14261436	1.0
ZIC1	4.9393939393939394	5.535048770797336e-65	-0.042770527	1.0
CORO1B	5.954545454545454	0.16775844587044184	0.24227743	8.123863585722836e-27
PCBP4	5.666666666666667	3.999973542524087e-09	-0.01543634	1.0
MRPL4	5.4393939393939394	2.881456053844129e-21	0.26786804	1.6452373442737003e-52
PCM1	5.5	1.6274518014202265e-17	-0.08189547	1.0
PRDM4	4.090909090909091	4.996803001880512e-176	0.5770176	0.0
ZMYND10	6.015151515151516	0.5905005552315811	0.27791986	1.3548419433634732e-64
PTF1A	5.2727272727272725	2.0333752743474065e-33	0.0533914	1.0
KCNJ9	6.303030303030303	1.0	-0.029417908	1.0
SEMG2	6.393939393939394	1.0	0.22615556	7.543106340586123e-15
ELAVL3	5.242424242424242	6.647471978626986e-36	0.047580995	1.0
CCER1	5.075757575757576	5.495762606430855e-51	0.066315226	1.0
EIF2D	15.0	1.0	0.3239107	5.479244024405058e-131
SCN2A	15.0	1.0	0.23850368	1.0447887016058258e-23
XPA	4.2727272727272725	1.056112086203131e-149	0.033079624	1.0
ANXA5	5.742424242424242	2.8558071390704282e-06	0.06271092	1.0
EHD1	7.0606060606060606	1.0	0.23060569	8.393552123591636e-18
CRCT1	4.318181818181818	2.7918664717826296e-143	0.30312702	5.1491156662768505e-99
ZBTB6	4.636363636363637	1.2663970208888846e-100	0.42165467	3.763511119100058e-303
C10orf62	5.045454545454546	5.659481355966012e-54	0.423424	2.1739187324904382e-306
EIF2B4	4.666666666666667	8.237161641457738e-97	-0.10942475	1.0
TLE3	4.742424242424242	1.6577844026969324e-87	0.32177788	1.3920745690052734e-127
FOXE1	5.651515151515151	9.112849250268435e-10	0.04071148	1.0
RHAG	6.136363636363637	1.0	-0.049739517	1.0
DIMT1	5.03030303030303	1.7150705756327545e-55	0.091186576	1.0
RTKN	5.045454545454546	5.659481355966012e-54	0.30072314	1.6590097661720005e-95
HTR6	6.363636363636363	1.0	0.3248955	1.4416199026524053e-132
CEP57	6.136363636363637	1.0	0.17976904	1.0
CDSN	5.409090909090909	2.812288621595938e-23	0.377074	4.3637705214855556e-222
P4HA2	7.181818181818182	1.0	0.29973388	4.4720271778983963e-94
CDH24	4.196969696969697	1.4895433699893624e-160	0.3801911	1.107997098697931e-227
FSD1	4.257575757575758	7.504677503470952e-152	-0.06733	1.0
PCYT1B	4.848484848484849	4.5854224261642e-75	0.40187746	5.397252141237609e-267
KCNQ5	4.818181818181818	1.5059610191706582e-78	0.41836703	3.9240260885409766e-297
MSH2	4.409090909090909	1.1709431526636087e-130	0.16936941	1.0
SSBP1	6.863636363636363	1.0	0.0993606	1.0
MUC7	15.0	1.0	0.20627019	4.716044142645231e-05
PSMD4	4.242424242424242	5.153875612728923e-154	0.43979558	0.0
PSKH1	5.409090909090909	2.812288621595938e-23	0.45200968	0.0
PC	15.0	1.0	0.01863173	1.0
MAOA	5.712121212121212	2.43404951276035e-07	0.26305914	4.187980840626141e-47
CITED1	3.712121212121212	4.113335036416179e-233	0.34915796	5.503771885108916e-173
KIF11	4.2272727272727275	3.468440810002327e-156	0.16762035	1.0
RNH1	7.878787878787879	1.0	0.19133921	0.21385558182083086
TUSC3	4.515151515151516	2.3986497037817864e-116	0.36320975	1.950710535698275e-197
PILRB	4.681818181818182	6.333737555295499e-95	0.51962817	0.0
SIX1	4.893939393939394	5.918212061668534e-70	0.24695425	6.3459135145905895e-31
GNPAT	8.090909090909092	1.0	-0.1359792	1.0
FGF3	5.242424242424242	6.647471978626986e-36	0.30375376	6.161984703832362e-100
SRPK1	4.515151515151516	2.3986497037817864e-116	-0.23785804	1.0
BYSL	5.090909090909091	1.6019351837119586e-49	0.37812746	5.635361422272623e-224
ZNF434	8.242424242424242	1.0	0.15538733	1.0
EIF3H	6.484848484848484	1.0	0.021269828	1.0
VPS4B	8.424242424242424	1.0	-0.06153278	1.0
KRT81	5.5606060606060606	3.933561957910748e-14	-0.06570933	1.0
HSF2BP	5.151515151515151	7.625974972303267e-44	0.25252354	3.584107156955811e-36
SYT5	6.636363636363637	1.0	0.2804215	9.286571481855088e-68
ETF1	5.757575757575758	8.96438933889546e-06	0.42660025	3.360546329755e-312
PRRT2	6.863636363636363	1.0	0.059163377	1.0
GPRC5C	7.742424242424242	1.0	0.20354466	0.000376066683024138
CRLF1	6.9393939393939394	1.0	-0.03439233	1.0
SNTG1	6.787878787878788	1.0	0.36306542	3.50110298673794e-197
IL1B	6.03030303030303	0.7263459392288968	0.061383985	1.0
ISG15	5.863636363636363	0.005653383481306722	0.070635766	1.0
PAX1	6.181818181818182	1.0	0.26156503	1.7740178235830078e-45
GPBP1L1	5.242424242424242	6.647471978626986e-36	-0.04400789	1.0
PCGF2	4.742424242424242	1.6577844026969324e-87	0.3966504	1.7902358731506104e-257
PNISR	6.015151515151516	0.5905005552315811	0.27116263	2.346487268377996e-56
HTR2B	6.681818181818182	1.0	-0.04405048	1.0
CLINT1	4.984848484848484	3.703611499304987e-60	0.4106881	4.362417319097109e-283
ERI3	5.666666666666667	3.999973542524087e-09	0.023282278	1.0
SERPINH1	5.2272727272727275	3.567716469429752e-37	-0.048579596	1.0
FAM175B	4.803030303030303	2.5916093890928528e-80	0.035696276	1.0
NUBP1	4.96969696969697	9.498709933095162e-62	0.01977793	1.0
OPN4	6.7727272727272725	1.0	0.31259754	3.0796632778700604e-113
MTF2	4.090909090909091	4.996803001880512e-176	-0.011099286	1.0
NRF1	6.0606060606060606	0.9815462904994844	0.19460072	0.0622563051748547
DCAF12	4.5	2.320495940381192e-118	0.036731612	1.0
SLC22A2	6.03030303030303	0.7263459392288968	0.14458129	1.0
VSTM2L	5.151515151515151	7.625974972303267e-44	0.17265114	1.0
RPL13	6.242424242424242	1.0	0.12102829	1.0
EGFL7	6.196969696969697	1.0	0.31274876	1.80553640788768e-113
SIRPA	4.712121212121212	3.445049409216623e-91	0.47059888	0.0
ZNF346	5.378787878787879	2.2421187423656065e-25	0.3499883	2.061145639065911e-174
IFNA8	5.166666666666667	1.799159943379442e-42	0.36932105	3.003368187506827e-208
HMBS	5.0	1.3821620935970935e-58	0.06841347	1.0
ST6GALNAC6	5.151515151515151	7.625974972303267e-44	0.1319017	1.0
GLTSCR2	5.090909090909091	1.6019351837119586e-49	0.3698157	3.971530360879812e-209
SENP8	5.454545454545454	2.703891876666768e-20	0.34312895	1.0594550139305761e-162
PTGER1	15.0	1.0	-0.043020375	1.0
LSAMP	5.666666666666667	3.999973542524087e-09	0.023282278	1.0
CCL22	8.833333333333334	1.0	0.11747921	1.0
GNG2	7.045454545454546	1.0	0.16316715	1.0
SLC12A1	15.0	1.0	0.068738915	1.0
GLYCTK	5.757575757575758	8.96438933889546e-06	0.25536868	5.3633002568784847e-39
PCYT1A	4.303030303030303	2.0612681446983352e-145	0.14482579	1.0
MLH1	5.257575757575758	1.1911514938980334e-34	0.1694516	1.0
SFMBT1	6.2272727272727275	1.0	0.3553668	1.0334335181176767e-183
BMP8B	7.075757575757576	1.0	0.21900997	1.109002540541849e-10
MRPS9	6.606060606060606	1.0	-0.025453134	1.0
GJA3	4.409090909090909	1.1709431526636087e-130	0.4319213	6.27e-322
KLHDC9	4.757575757575758	1.090042831805119e-85	0.060285747	1.0
FCHSD2	6.803030303030303	1.0	0.19754355	0.01540994886277413
SOX3	5.606060606060606	7.6746572533737e-12	-0.020220859	1.0
UBR7	5.409090909090909	2.812288621595938e-23	0.37747276	8.410278049511053e-223
GAS6	5.181818181818182	4.0646540127585765e-41	0.48219174	0.0
KIAA0664	6.666666666666667	1.0	0.6325548	0.0
HERPUD1	5.984848484848484	0.3459152735646521	0.19426367	0.07179196082909069
CCDC88B	6.5606060606060606	1.0	0.47551072	0.0
EGFL6	4.803030303030303	2.5916093890928528e-80	0.40434653	1.6837395039102856e-271
GFAP	4.0606060606060606	1.6578578839968477e-180	-0.0782379	1.0
FZD3	5.863636363636363	0.005653383481306722	0.10749549	1.0
AASDHPPT	4.924242424242424	1.265707574008615e-66	0.5077883	0.0
PRB4	15.0	1.0	0.3575402	1.6971311292137968e-187
SERPINE2	8.06060606060606	1.0	-0.0041382764	1.0
PROCA1	4.757575757575758	1.090042831805119e-85	0.068148546	1.0
IL12RB1	5.924242424242424	0.06681571323853634	0.08981445	1.0
NOC2L	4.833333333333333	8.451693755487221e-77	0.38207126	4.57833356810127e-231
DEXI	5.984848484848484	0.3459152735646521	0.14371412	1.0
POLD3	4.863636363636363	2.3944386296676495e-73	-0.04860932	1.0
CCDC112	5.46969696969697	2.4090497997966194e-19	0.32557225	1.17444890019738e-133
ATXN7L2	5.833333333333333	0.0011874730962516493	0.2831865	2.518277936090414e-71
TFB2M	15.0	1.0	0.30798388	3.120957221270962e-106
PHYH	15.0	1.0	0.13179587	1.0
RAB11FIP3	5.075757575757576	5.495762606430855e-51	0.2907127	2.1895293082964726e-81
PDK3	7.818181818181818	1.0	0.2434347	8.295440268819722e-28
ABTB1	3.9393939393939394	1.3168145906029157e-198	0.18633173	0.7821587520773949
UBA7	4.9393939393939394	5.535048770797336e-65	0.34188262	1.357590871183645e-160
CAMK2N2	5.0	1.3821620935970935e-58	0.20898609	4.667405837987668e-06
ZNF259	4.7272727272727275	2.421712560332582e-89	-0.033269987	1.0
SCYL1	7.242424242424242	1.0	0.11470515	1.0
KDM5B	4.303030303030303	2.0612681446983352e-145	0.68128574	0.0
BORA	4.590909090909091	1.9637076384770094e-106	0.4043569	1.6126195552301917e-271
PTGIR	6.333333333333333	1.0	0.43526813	0.0
LY9	5.5	1.6274518014202265e-17	0.18128198	1.0
SEC16B	9.015151515151516	1.0	0.070914425	1.0
FOXA3	4.621212121212121	1.49917227250215e-102	0.10189815	1.0
SLC25A17	10.166666666666666	1.0	0.048702374	1.0
TRIM7	5.924242424242424	0.06681571323853634	0.03408731	1.0
GCNT1	4.7727272727272725	6.962344027357639e-84	0.49509892	0.0
HDAC10	4.484848484848484	2.2002490221096544e-120	0.59317756	0.0
CCHCR1	5.424242424242424	2.923156208519247e-22	0.38793743	1.1651690625180773e-241
RAB3IL1	7.106060606060606	1.0	0.008663072	1.0
APBB3	4.7272727272727275	2.421712560332582e-89	0.402779	1.223603764889766e-268
SCFD1	6.257575757575758	1.0	0.107478976	1.0
GLIPR2	5.242424242424242	6.647471978626986e-36	0.17574273	1.0
RSRC2	5.409090909090909	2.812288621595938e-23	0.37767935	3.5866747483022624e-223
SPERT	5.53030303030303	8.920550128250713e-16	-0.011728279	1.0
NEUROD6	4.621212121212121	1.49917227250215e-102	0.11108402	1.0
DMPK	9.0	1.0	0.16027872	1.0
LAMTOR1	5.0606060606060606	1.797670388943156e-52	0.38920763	5.8322348965017134e-244
MAGEA4	5.090909090909091	1.6019351837119586e-49	0.29263464	4.935118844291248e-84
ZBTB43	4.712121212121212	3.445049409216623e-91	-0.07752884	1.0
STXBP5	6.287878787878788	1.0	0.07584312	1.0
EIF2B2	4.863636363636363	2.3944386296676495e-73	0.37529433	6.728690748643901e-219
RBM19	4.893939393939394	5.918212061668534e-70	0.23172069	1.3819082448382323e-18
RCC2	4.7727272727272725	6.962344027357639e-84	0.52172637	0.0
MAGEA11	5.015151515151516	4.965087209642441e-57	-0.049031027	1.0
SPNS1	4.681818181818182	6.333737555295499e-95	0.014477125	1.0
HN1L	15.0	1.0	0.29566103	2.8969524920510946e-88
SCYL3	5.136363636363637	3.116249927713834e-45	0.34060323	1.9470987506605225e-158
AP2A1	4.636363636363637	1.2663970208888846e-100	0.13219477	1.0
FGF4	5.242424242424242	6.647471978626986e-36	0.15365317	1.0
B3GNT4	6.363636363636363	1.0	0.013601815	1.0
ILKAP	4.848484848484849	4.5854224261642e-75	0.38053975	2.613805784462316e-228
HNRNPM	4.954545454545454	2.339787434928052e-63	0.27337393	5.31439391484502e-59
PEX26	5.7272727272727275	8.579595772540609e-07	0.38548186	3.214707337724324e-237
KAZN	5.03030303030303	1.7150705756327545e-55	0.036584057	1.0
KIF18A	4.515151515151516	2.3986497037817864e-116	0.26838753	4.1427424156120976e-53
PKP1	5.484848484848484	2.035332163566379e-18	-0.16217233	1.0
HNF1B	4.121212121212121	1.4224876522889679e-171	0.5708242	0.0
MAPK8IP2	4.090909090909091	4.996803001880512e-176	0.15890145	1.0
NRK	5.7272727272727275	8.579595772540609e-07	0.35978937	1.9816374100298388e-191
SRCIN1	4.984848484848484	3.703611499304987e-60	0.07234363	1.0
CCDC17	6.575757575757576	1.0	0.2695674	1.7670216607964793e-54
JAG1	5.151515151515151	7.625974972303267e-44	0.017060807	1.0
XAB2	5.181818181818182	4.0646540127585765e-41	0.19121128	0.22288271982364893
SEPT2	6.5	1.0	0.2398352	8.77304143193023e-25
MRPS22	5.090909090909091	1.6019351837119586e-49	0.28963307	6.5106063895374205e-80
DOM3Z	6.090909090909091	1.0	0.44548127	0.0
FAM46A	5.636363636363637	1.960882398441318e-10	0.13487333	1.0
ADCY3	5.075757575757576	5.495762606430855e-51	0.4838962	0.0
C8orf48	5.196969696969697	8.770307777023999e-40	0.18061757	1.0
SEMA3C	7.106060606060606	1.0	0.31965938	3.158218534011438e-124
HECW2	4.454545454545454	1.8308025417514746e-124	0.3969555	4.992797637301021e-258
NFKBIZ	4.46969696969697	2.040032193293724e-122	0.6000656	0.0
PIH1D1	6.015151515151516	0.5905005552315811	0.08226855	1.0
CYC1	6.909090909090909	1.0	-0.0041557876	1.0
ZC3H10	4.954545454545454	2.339787434928052e-63	0.03444158	1.0
IRAK4	4.878787878787879	1.210302589787204e-71	0.46364635	0.0
AURKB	4.984848484848484	3.703611499304987e-60	0.16674422	1.0
TCF7L1	4.196969696969697	1.4895433699893624e-160	-0.06680833	1.0
SUGP2	5.151515151515151	7.625974972303267e-44	0.14715867	1.0
LDB2	4.984848484848484	3.703611499304987e-60	-0.007717917	1.0
MST1	8.030303030303031	1.0	0.16482379	1.0
RASGRP4	4.863636363636363	2.3944386296676495e-73	0.5537659	0.0
DLAT	6.818181818181818	1.0	0.10385639	1.0
RNMT	4.681818181818182	6.333737555295499e-95	0.3479613	6.2058612823710065e-171
ZNF675	5.0	1.3821620935970935e-58	-0.10585821	1.0
PAFAH1B3	3.8484848484848486	2.5389712526985893e-212	-0.01411893	1.0
SHE	4.484848484848484	2.2002490221096544e-120	-0.0055631325	1.0
ZNF439	5.393939393939394	2.5866430052266783e-24	-0.021671055	1.0
ARFGAP1	5.196969696969697	8.770307777023999e-40	-0.053571668	1.0
DRP2	7.2272727272727275	1.0	0.49288508	0.0
PPIE	5.484848484848484	2.035332163566379e-18	0.36085403	2.698780072021869e-193
OCM2	7.863636363636363	1.0	0.0609086	1.0
LHX9	3.984848484848485	8.694410217617934e-192	0.09220015	1.0
EYA4	5.893939393939394	0.021657682436614336	0.15353402	1.0
KARS	4.878787878787879	1.210302589787204e-71	0.17938997	1.0
MCHR1	15.0	1.0	-0.039067425	1.0
NRBP1	5.015151515151516	4.965087209642441e-57	0.27956083	1.1568045336026148e-66
TM4SF1	4.348484848484849	4.8892849748765516e-139	0.1564555	1.0
PON1	6.787878787878788	1.0	0.0014862666	1.0
TIPIN	7.0606060606060606	1.0	0.072767615	1.0
SIRT7	7.303030303030303	1.0	0.19437215	0.06860629159188703
GBE1	8.878787878787879	1.0	0.15191846	1.0
HIF1AN	6.4393939393939394	1.0	-0.008962745	1.0
P2RX4	5.166666666666667	1.799159943379442e-42	0.036502615	1.0
PREX2	4.5	2.320495940381192e-118	0.22886312	1.2956679044237154e-16
CNTROB	5.878787878787879	0.011370719431532743	0.1945964	0.06235731345449354
CLEC4M	6.015151515151516	0.5905005552315811	0.3266495	2.1429879303760316e-135
TSSK1B	4.242424242424242	5.153875612728923e-154	0.10258167	1.0
SYT3	6.636363636363637	1.0	0.26482448	4.639772084749246e-49
MBTPS1	6.7727272727272725	1.0	0.042566232	1.0
IL18RAP	5.621212121212121	3.982970927086116e-11	0.36815208	3.571631522002658e-206
PTCHD2	5.621212121212121	3.982970927086116e-11	0.54483795	0.0
LARS	5.090909090909091	1.6019351837119586e-49	0.090477146	1.0
SIL1	4.7272727272727275	2.421712560332582e-89	-0.022133136	1.0
ZBTB33	4.348484848484849	4.8892849748765516e-139	0.5718599	0.0
GAS2	4.848484848484849	4.5854224261642e-75	0.40123746	7.942837958514724e-266
CLNK	5.333333333333333	1.077567019711722e-28	0.03202392	1.0
PCED1A	5.46969696969697	2.4090497997966194e-19	0.35998964	8.835747890306606e-192
DFNA5	5.121212121212121	1.2068095274004981e-46	0.37370774	4.605735523718826e-216
TRAF3	4.545454545454546	2.3923140793058067e-112	-0.023269884	1.0
SERPINA1	7.333333333333333	1.0	0.23041084	1.1449078113973154e-17
ARPC1B	6.151515151515151	1.0	0.191792	0.18366437609095349
TNIP1	4.575757575757576	2.1596514624631015e-108	-0.09962854	1.0
SAMD4A	4.363636363636363	6.189853655707169e-137	0.4273478	1.4406049349e-313
PJA1	5.863636363636363	0.005653383481306722	0.22073838	1.2661467858856058e-11
HLA-F	7.606060606060606	1.0	0.29196826	4.1131852165669335e-83
HADH	6.5	1.0	0.22297806	6.593052261486331e-13
DAZL	15.0	1.0	0.048104405	1.0
KNG1	6.757575757575758	1.0	0.35624596	3.057082018494063e-185
SPRTN	5.106060606060606	4.4949480382805774e-48	0.31503057	5.45388760527092e-117
ZBTB22	5.075757575757576	5.495762606430855e-51	0.35878652	1.1270834826700967e-189
CPN1	10.151515151515152	1.0	-0.03559135	1.0
TRIM21	5.2272727272727275	3.567716469429752e-37	0.21951272	5.960656462771292e-11
NRP1	6.106060606060606	1.0	0.053153794	1.0
SLC12A9	15.0	1.0	0.20954584	2.8120103393073856e-06
UBE2E2	5.787878787878788	7.476737059261286e-05	0.31871194	9.79224031024514e-123
CCNDBP1	7.606060606060606	1.0	0.20341347	0.000413106303531091
MEP1B	6.9393939393939394	1.0	0.26551065	7.901297532685824e-50
CCDC92	5.757575757575758	8.96438933889546e-06	0.034358893	1.0
ATG4A	6.96969696969697	1.0	0.008802733	1.0
STMN1	3.6666666666666665	4.481469987237711e-240	0.32420433	1.8557279300000407e-131
STRADA	4.787878787878788	4.3222045956551894e-82	0.015188732	1.0
IP6K2	5.46969696969697	2.4090497997966194e-19	0.32842833	2.7989492673183677e-138
ELL2	9.090909090909092	1.0	0.1301418	1.0
TCEB3C	6.636363636363637	1.0	0.15680432	1.0
MMP14	7.590909090909091	1.0	0.07473188	1.0
FBXL8	5.863636363636363	0.005653383481306722	0.038715288	1.0
ALG13	5.287878787878788	3.3122123718160204e-32	0.23953645	1.5364533231829104e-24
PEF1	6.106060606060606	1.0	0.02782862	1.0
NEK6	4.0606060606060606	1.6578578839968477e-180	0.10965044	1.0
RABGGTB	6.212121212121212	1.0	0.17738287	1.0
NUB1	5.0	1.3821620935970935e-58	0.16878365	1.0
EXOSC1	6.909090909090909	1.0	0.168073	1.0
TIMM44	15.0	1.0	-0.053776644	1.0
SPG20	4.424242424242424	1.3907764601371584e-128	-0.16267426	1.0
ACAP1	7.636363636363637	1.0	0.14233957	1.0
RASSF5	4.53030303030303	2.4274693143251508e-114	0.023629429	1.0
BDKRB1	6.818181818181818	1.0	0.27783498	1.730396758828589e-64
PDK1	6.863636363636363	1.0	0.24087979	1.2121262487599907e-25
ASPH	9.227272727272727	1.0	0.31882098	6.598380931925662e-123
ADSS	4.848484848484849	4.5854224261642e-75	0.013223332	1.0
PPIL2	4.2272727272727275	3.468440810002327e-156	0.41437528	7.887395271860332e-290
STK38L	4.287878787878788	1.4852780113973228e-147	0.013220844	1.0
KDM4B	5.681818181818182	1.664947422503421e-08	0.24649611	1.645768084050795e-30
PPAP2A	6.954545454545454	1.0	0.0198678	1.0
ARMCX3	5.0	1.3821620935970935e-58	0.4111499	6.24336359465566e-284
PHYHIPL	7.878787878787879	1.0	-0.0024168799	1.0
AIP	3.757575757575758	3.7009411193979e-226	0.14576767	1.0
AP3S2	6.818181818181818	1.0	0.2266419	3.694211349088108e-15
ASGR1	6.606060606060606	1.0	0.03765291	1.0
POU2F3	4.2727272727272725	1.056112086203131e-149	0.08024045	1.0
IL3	4.666666666666667	8.237161641457738e-97	0.4210086	5.721194618735027e-302
CLDN16	6.015151515151516	0.5905005552315811	0.32001966	8.530482144486705e-125
PRDM1	4.9393939393939394	5.535048770797336e-65	0.40698797	2.531245577657631e-276
IPO13	5.166666666666667	1.799159943379442e-42	0.30462354	3.205501192266681e-101
PRKRA	9.848484848484848	1.0	0.014026259	1.0
NIF3L1	5.2272727272727275	3.567716469429752e-37	0.36093733	1.9277899187720876e-193
FAM214B	5.5	1.6274518014202265e-17	-0.04744005	1.0
BCL6B	5.03030303030303	1.7150705756327545e-55	-0.033160705	1.0
PDCD2	5.212121212121212	1.8119808505712916e-38	0.32514963	5.6256206469340866e-133
PDE10A	4.348484848484849	4.8892849748765516e-139	0.32867274	1.1216263910429653e-138
CSTB	7.545454545454546	1.0	0.11372339	1.0
WNK4	6.909090909090909	1.0	0.19363159	0.09286657192196542
ABHD5	5.590909090909091	1.3974580680846262e-12	-0.009626023	1.0
PIWIL4	8.0	1.0	0.23500988	5.409248307931972e-21
EXT2	7.0606060606060606	1.0	0.118722744	1.0
NDUFB3	6.333333333333333	1.0	0.09467947	1.0
ADA	5.636363636363637	1.960882398441318e-10	-0.002784845	1.0
TSPYL2	5.257575757575758	1.1911514938980334e-34	0.3958649	4.802307770257522e-256
WNT7A	8.712121212121213	1.0	0.020688321	1.0
GTPBP1	6.409090909090909	1.0	-0.13511945	1.0
GCGR	6.378787878787879	1.0	0.20318507	0.0004858195131092333
BRD2	4.590909090909091	1.9637076384770094e-106	0.5706793	0.0
PDLIM5	4.303030303030303	2.0612681446983352e-145	0.48297897	0.0
GJB3	6.015151515151516	0.5905005552315811	0.315718	4.679286707356182e-118
PRLHR	5.212121212121212	1.8119808505712916e-38	-0.010171103	1.0
SLA2	5.015151515151516	4.965087209642441e-57	0.26027885	4.2680408196247345e-44
ST5	3.757575757575758	3.7009411193979e-226	0.43210548	2.77e-322
NGF	8.575757575757576	1.0	0.08269206	1.0
RTN1	8.303030303030303	1.0	0.11196629	1.0
CMKLR1	10.151515151515152	1.0	0.22891542	1.1952257502105797e-16
ZNF557	4.757575757575758	1.090042831805119e-85	0.038944356	1.0
ATOH1	4.621212121212121	1.49917227250215e-102	0.098704435	1.0
RNF8	5.484848484848484	2.035332163566379e-18	-0.06874257	1.0
KLHL3	5.878787878787879	0.011370719431532743	-0.1290448	1.0
GALNT6	7.075757575757576	1.0	0.3993643	2.058720065322772e-262
RELL2	15.0	1.0	0.016686022	1.0
CAP2	5.03030303030303	1.7150705756327545e-55	-0.040079266	1.0
NDFIP1	5.166666666666667	1.799159943379442e-42	0.32679638	1.2399762734514782e-135
AP1S2	6.378787878787879	1.0	0.1854317	0.9207097281617054
MAP2K2	3.8181818181818183	6.290434548230126e-217	0.023441827	1.0
SYT2	5.96969696969697	0.24669780146475193	-0.00010943345	1.0
SUPT7L	5.121212121212121	1.2068095274004981e-46	0.041485686	1.0
PMEPA1	5.0	1.3821620935970935e-58	0.39641055	4.8931177536382764e-257
MAFK	5.151515151515151	7.625974972303267e-44	0.08554696	1.0
RRM1	4.045454545454546	9.413247275261345e-183	0.599188	0.0
HNRNPH1	4.924242424242424	1.265707574008615e-66	0.41251802	1.9641773475159294e-286
LMO7	4.363636363636363	6.189853655707169e-137	-0.005188802	1.0
ZC3H11A	6.257575757575758	1.0	0.167884	1.0
GPR1	10.151515151515152	1.0	0.0112865055	1.0
THPO	5.621212121212121	3.982970927086116e-11	0.059462976	1.0
IL1R1	5.621212121212121	3.982970927086116e-11	0.19527394	0.04628402809101449
RGS2	4.4393939393939394	1.6126884793906135e-126	0.25695643	1.2927257391080179e-40
EN2	5.712121212121212	2.43404951276035e-07	0.030660456	1.0
LRCH3	4.363636363636363	6.189853655707169e-137	0.40632707	4.072587984121883e-275
CSNK1A1L	5.303030303030303	5.157518393752423e-31	0.0031770766	1.0
AFF4	4.5606060606060606	2.3057357993651317e-110	0.07819152	1.0
SRSF2	4.636363636363637	1.2663970208888846e-100	0.3246219	3.968826108781923e-132
RRAGA	15.0	1.0	0.048644483	1.0
SPEF1	7.181818181818182	1.0	0.22602852	9.074595803327655e-15
HMGN1	3.712121212121212	4.113335036416179e-233	0.3365234	1.3239033440241995e-151
TCF7L2	3.893939393939394	1.8846682085548561e-205	0.4924133	0.0
UNC5A	5.621212121212121	3.982970927086116e-11	0.22024943	2.3629427664587958e-11
ITIH3	9.530303030303031	1.0	0.08357961	1.0
LUC7L2	4.333333333333333	3.721508830056371e-141	0.4537235	0.0
PPP2R3A	4.833333333333333	8.451693755487221e-77	0.3220966	4.328925062451774e-128
AKR7A2	8.227272727272727	1.0	0.0031240415	1.0
CYBB	4.393939393939394	9.660381979554807e-133	-0.15491903	1.0
HAUS7	5.924242424242424	0.06681571323853634	0.27591842	4.166390750697614e-62
TDP1	4.7727272727272725	6.962344027357639e-84	0.35428476	7.81377483767605e-182
NUP85	4.242424242424242	5.153875612728923e-154	0.43053824	2.1039e-319
KCNJ10	5.590909090909091	1.3974580680846262e-12	0.44691873	0.0
ST8SIA4	6.924242424242424	1.0	0.20200811	0.0010883576376092264
MYO1A	5.2272727272727275	3.567716469429752e-37	0.15523595	1.0
NLGN1	5.681818181818182	1.664947422503421e-08	-0.16831845	1.0
KCNIP1	6.606060606060606	1.0	0.07084899	1.0
GBA	9.606060606060606	1.0	0.15069081	1.0
GSTM2	15.0	1.0	0.009618463	1.0
MMP3	8.530303030303031	1.0	-0.13873218	1.0
KRT16	5.666666666666667	3.999973542524087e-09	0.22545832	2.0653904206552013e-14
AP3M1	5.0606060606060606	1.797670388943156e-52	-0.0098721925	1.0
SNAPC3	4.393939393939394	9.660381979554807e-133	0.4327201	0.0
HAAO	5.575757575757576	2.407667682078258e-13	0.061268054	1.0
SERPINA4	7.484848484848484	1.0	-0.0428436	1.0
SERGEF	7.0606060606060606	1.0	-0.053564608	1.0
MCHR2	15.0	1.0	0.2400117	6.29613986159915e-25
IMP3	15.0	1.0	0.0521074	1.0
HOXB4	4.166666666666667	6.137148820145575e-165	0.44747087	0.0
FGFBP1	5.0	1.3821620935970935e-58	0.35742328	2.7144772393194433e-187
CSNK1G2	4.7272727272727275	2.421712560332582e-89	0.40477076	2.8325976777449194e-272
DEK	5.242424242424242	6.647471978626986e-36	0.0056584966	1.0
MPP5	5.681818181818182	1.664947422503421e-08	-0.1527079	1.0
EEF1A2	5.181818181818182	4.0646540127585765e-41	0.20659786	3.6146620572701634e-05
RPL28	5.196969696969697	8.770307777023999e-40	0.26832175	4.934358351339618e-53
SLC38A3	5.015151515151516	4.965087209642441e-57	-0.037570957	1.0
SMCR7	5.318181818181818	7.64416891530246e-30	-0.014611696	1.0
PSPC1	4.9393939393939394	5.535048770797336e-65	-0.09979729	1.0
CCS	4.333333333333333	3.721508830056371e-141	0.42802054	8.474456944e-315
HIST3H3	4.2727272727272725	1.056112086203131e-149	0.022222502	1.0
DDX27	6.181818181818182	1.0	0.15714173	1.0
CRTC3	4.363636363636363	6.189853655707169e-137	-0.06128592	1.0
COG4	15.0	1.0	0.35350516	1.7561348435224192e-180
UTP6	5.363636363636363	1.847101461835938e-26	0.41721633	5.005687180262688e-295
PVRL4	4.984848484848484	3.703611499304987e-60	-0.07885901	1.0
DYNLL1	4.2727272727272725	1.056112086203131e-149	0.061474063	1.0
CLEC4F	5.151515151515151	7.625974972303267e-44	-0.0606556	1.0
MTMR2	4.712121212121212	3.445049409216623e-91	0.3960538	2.181283050492081e-256
MAVS	4.590909090909091	1.9637076384770094e-106	0.012492309	1.0
ACVR2A	5.7727272727272725	2.661357851109339e-05	0.36120045	6.658395508036547e-194
CETN2	5.5	1.6274518014202265e-17	0.14992817	1.0
SCIN	5.136363636363637	3.116249927713834e-45	0.38257578	5.649072842594024e-232
MOB4	4.53030303030303	2.4274693143251508e-114	0.39834946	1.4532024378935409e-260
TNFRSF19	4.848484848484849	4.5854224261642e-75	0.07713001	1.0
AQP1	4.803030303030303	2.5916093890928528e-80	0.41848916	2.347600065710187e-297
BMP5	7.954545454545454	1.0	0.21257985	1.5066353644681228e-07
OTUB2	6.015151515151516	0.5905005552315811	0.26523343	1.6178039512215502e-49
UNC45A	4.757575757575758	1.090042831805119e-85	0.23925425	2.601967421789244e-24
PRMT5	6.0	0.46300423940933777	0.16647366	1.0
RAB6B	4.484848484848484	2.2002490221096544e-120	0.3958693	4.716506271764162e-256
PTGFRN	6.515151515151516	1.0	0.09508776	1.0
IDH3A	15.0	1.0	-0.021001704	1.0
PKD2L1	6.787878787878788	1.0	0.116370365	1.0
GOLGA2	5.0606060606060606	1.797670388943156e-52	0.27814472	7.083369198578208e-65
SPOCK3	8.590909090909092	1.0	0.3164051	3.9936166538646477e-119
CSDE1	5.424242424242424	2.923156208519247e-22	0.25201857	1.1111702573822074e-35
NPY5R	15.0	1.0	-0.050234973	1.0
CARD10	4.863636363636363	2.3944386296676495e-73	0.5988294	0.0
LRRC18	6.5	1.0	0.046765674	1.0
MGLL	5.757575757575758	8.96438933889546e-06	0.041383896	1.0
C4orf27	6.2272727272727275	1.0	0.017899921	1.0
C1QTNF5	6.5	1.0	0.045702044	1.0
CCDC42	6.015151515151516	0.5905005552315811	0.2713448	1.4270322891743463e-56
GRN	6.075757575757576	1.0	0.15921386	1.0
LIN37	5.924242424242424	0.06681571323853634	0.089752525	1.0
NFATC2IP	4.7727272727272725	6.962344027357639e-84	0.03128049	1.0
KCNG3	15.0	1.0	0.2659208	2.726423954964509e-50
ZC3H7A	7.545454545454546	1.0	0.22361717	2.752007206014889e-13
LPAR3	6.090909090909091	1.0	0.07039942	1.0
SNX9	4.424242424242424	1.3907764601371584e-128	0.4854204	0.0
SLC25A10	5.787878787878788	7.476737059261286e-05	0.022547213	1.0
RAD52	4.712121212121212	3.445049409216623e-91	-0.07507333	1.0
PAGR1	5.424242424242424	2.923156208519247e-22	0.33892468	1.2860051889814621e-155
ZNF488	5.151515151515151	7.625974972303267e-44	0.3881073	5.738556951139432e-242
PRKX	5.348484848484849	1.4467502508287116e-27	0.01637727	1.0
FAM124A	6.151515151515151	1.0	0.1899714	0.32647787946273943
ACOX1	6.5	1.0	0.15067872	1.0
KLHDC2	5.363636363636363	1.847101461835938e-26	0.022849465	1.0
ATG3	6.924242424242424	1.0	0.2669277	1.965626865497024e-51
EXOC7	6.106060606060606	1.0	0.06933879	1.0
APOF	6.984848484848484	1.0	0.01232983	1.0
NECAB2	5.363636363636363	1.847101461835938e-26	-0.14163753	1.0
RAB5C	6.136363636363637	1.0	0.07640188	1.0
FGF13	7.121212121212121	1.0	0.33598	1.0617390644140652e-150
TOM1L1	7.0	1.0	0.1362536	1.0
FOXS1	5.424242424242424	2.923156208519247e-22	0.09258722	1.0
PMS1	6.257575757575758	1.0	0.14976136	1.0
S1PR5	5.409090909090909	2.812288621595938e-23	0.03414469	1.0
TLX3	6.045454545454546	0.8578473876992072	0.071770504	1.0
TYRP1	6.151515151515151	1.0	0.14322378	1.0
DNPEP	6.166666666666667	1.0	0.35798442	2.8467888253484182e-188
EXT1	7.0606060606060606	1.0	0.15163574	1.0
GORAB	6.242424242424242	1.0	-0.020351563	1.0
PPHLN1	4.666666666666667	8.237161641457738e-97	0.3601217	5.190158137388273e-192
RAB33A	6.7272727272727275	1.0	0.24644646	1.8242717310615534e-30
SS18L1	4.166666666666667	6.137148820145575e-165	0.1212112	1.0
FCER2	5.96969696969697	0.24669780146475193	0.07476981	1.0
ETV7	5.378787878787879	2.2421187423656065e-25	0.06784609	1.0
PURB	4.984848484848484	3.703611499304987e-60	0.046616197	1.0
THOC1	4.393939393939394	9.660381979554807e-133	0.4277167	3.0493339793e-314
PPIC	5.333333333333333	1.077567019711722e-28	0.39164767	2.1987445385053526e-248
MMP25	7.151515151515151	1.0	0.1603482	1.0
ZNF609	5.151515151515151	7.625974972303267e-44	0.0049715806	1.0
GABRB2	4.681818181818182	6.333737555295499e-95	-0.0435825	1.0
NXPH3	6.636363636363637	1.0	0.092600554	1.0
POLR1E	4.954545454545454	2.339787434928052e-63	0.3778412	1.839231899954004e-223
RAB3D	6.53030303030303	1.0	0.2986969	1.3881986745246874e-92
HOXA13	4.545454545454546	2.3923140793058067e-112	0.012600461	1.0
PPP1R3A	4.4393939393939394	1.6126884793906135e-126	0.5921939	0.0
FGF5	5.242424242424242	6.647471978626986e-36	0.115317516	1.0
SRSF1	4.378787878787879	7.77867107031269e-135	0.30260357	3.01557769569872e-98
ANKRD13B	5.575757575757576	2.407667682078258e-13	0.21945913	6.370508006746538e-11
STK11	3.787878787878788	1.5217783380568327e-221	0.36709112	2.7162351121102992e-204
CYTIP	5.196969696969697	8.770307777023999e-40	-0.006350504	1.0
DOC2A	6.484848484848484	1.0	-0.0104996385	1.0
HAUS1	5.46969696969697	2.4090497997966194e-19	0.41390628	5.684046386147159e-289
ADORA2B	4.7727272727272725	6.962344027357639e-84	0.41838822	3.5921887825019085e-297
MGAT1	4.757575757575758	1.090042831805119e-85	0.01873436	1.0
ADAP2	5.090909090909091	1.6019351837119586e-49	0.076174244	1.0
EPN1	4.606060606060606	1.737959073153401e-104	0.4645097	0.0
CBWD5	6.757575757575758	1.0	0.012093406	1.0
ARL2	4.863636363636363	2.3944386296676495e-73	0.32039732	2.157367841485579e-125
DNTT	4.621212121212121	1.49917227250215e-102	0.43446875	0.0
KCNMA1	6.954545454545454	1.0	0.016776532	1.0
MC2R	15.0	1.0	0.27984738	5.0037161461019645e-67
CENPO	6.363636363636363	1.0	0.08085361	1.0
ARHGAP15	4.5	2.320495940381192e-118	0.011878701	1.0
CLGN	7.651515151515151	1.0	0.28324133	2.136644085433469e-71
DPYSL4	4.924242424242424	1.265707574008615e-66	0.31742263	1.0306470317729437e-120
TMPO	4.818181818181818	1.5059610191706582e-78	0.25691536	1.4244880393656795e-40
PCSK1N	15.0	1.0	0.024779966	1.0
CD96	7.106060606060606	1.0	0.17370687	1.0
GABRD	5.348484848484849	1.4467502508287116e-27	0.004096393	1.0
TTR	5.2272727272727275	3.567716469429752e-37	0.105634846	1.0
CAPN2	5.196969696969697	8.770307777023999e-40	-0.1579884	1.0
GAA	4.621212121212121	1.49917227250215e-102	0.23182678	1.1617219467668355e-18
HNRNPUL1	3.9545454545454546	2.497113161143616e-196	0.6433675	0.0
C20orf27	6.03030303030303	0.7263459392288968	0.09439053	1.0
PSMG2	7.393939393939394	1.0	0.050026562	1.0
OSBP	6.378787878787879	1.0	0.12464359	1.0
PBLD	5.621212121212121	3.982970927086116e-11	0.32549372	1.5713816367753394e-133
PURA	3.984848484848485	8.694410217617934e-192	0.15330943	1.0
MLNR	15.0	1.0	-0.04436355	1.0
PLA2G10	8.015151515151516	1.0	0.22552967	1.8652317095546445e-14
AKR1A1	7.2272727272727275	1.0	0.068791814	1.0
ZNF341	5.424242424242424	2.923156208519247e-22	0.30598846	3.017980833103008e-103
PLEKHJ1	4.484848484848484	2.2002490221096544e-120	0.4013614	4.719774540298132e-266
CNN3	4.7727272727272725	6.962344027357639e-84	0.41279736	6.06366150771925e-287
IAPP	15.0	1.0	0.0758374	1.0
VPS39	7.5606060606060606	1.0	0.5058821	0.0
VSX2	5.606060606060606	7.6746572533737e-12	0.02659615	1.0
EN1	4.424242424242424	1.3907764601371584e-128	0.08169717	1.0
IMPA2	6.984848484848484	1.0	0.26889944	1.058503675832444e-53
SLC25A38	6.287878787878788	1.0	0.007851671	1.0
WDR5	5.121212121212121	1.2068095274004981e-46	0.426188	1.905649469132e-311
PPFIA4	6.045454545454546	0.8578473876992072	0.35187218	1.1713713673576566e-177
RRP9	4.787878787878788	4.3222045956551894e-82	-0.0016999601	1.0
CREB3	5.515151515151516	1.237552061909311e-16	-0.011525235	1.0
CAAP1	4.924242424242424	1.265707574008615e-66	0.38079357	9.128520822274361e-229
NSUN2	5.984848484848484	0.3459152735646521	0.15115517	1.0
PRSS23	5.242424242424242	6.647471978626986e-36	-0.055316214	1.0
C9orf9	5.909090909090909	0.03906974193032677	0.14207676	1.0
BIRC5	4.03030303030303	5.2929460164396896e-185	0.22246255	1.319378714896415e-12
OAT	5.409090909090909	2.812288621595938e-23	-0.0056433	1.0
VEGFA	5.287878787878788	3.3122123718160204e-32	0.28130433	6.869171618217284e-69
GLP1R	5.803030303030303	0.00019878369230689233	0.2398727	8.178927533736895e-25
C11orf16	5.242424242424242	6.647471978626986e-36	0.35467508	1.644574161190498e-182
COX6C	5.121212121212121	1.2068095274004981e-46	0.1888189	0.4482918204698637
PEX7	8.166666666666666	1.0	0.01200157	1.0
NDUFAF3	7.0606060606060606	1.0	0.3165777	2.150719870261428e-119
ATP6AP1	7.878787878787879	1.0	-0.057775892	1.0
DET1	4.893939393939394	5.918212061668534e-70	0.3073874	2.451297996579211e-105
ALDOB	4.5606060606060606	2.3057357993651317e-110	0.040159084	1.0
RPL23	6.136363636363637	1.0	0.115783796	1.0
PBX2	5.5606060606060606	3.933561957910748e-14	0.34014985	1.1275813089713773e-157
TSSK4	4.181818181818182	9.63590226073286e-163	0.44262728	0.0
CPSF6	5.0606060606060606	1.797670388943156e-52	0.30644408	6.317616064197118e-104
SEPT6	6.393939393939394	1.0	-0.052291688	1.0
AEBP2	5.166666666666667	1.799159943379442e-42	0.34059957	1.974233008327629e-158
HEXA	15.0	1.0	0.31664348	1.698618796076931e-119
ADCK1	5.954545454545454	0.16775844587044184	0.17943949	1.0
TSPYL1	5.090909090909091	1.6019351837119586e-49	0.36624837	8.437267638024414e-203
C12orf10	4.803030303030303	2.5916093890928528e-80	0.33641562	2.001469148161093e-151
FBXO34	4.0606060606060606	1.6578578839968477e-180	0.41089168	1.851300300602947e-283
TUBB4A	4.348484848484849	4.8892849748765516e-139	0.4105429	8.028896909490881e-283
CLDN6	6.015151515151516	0.5905005552315811	0.14402609	1.0
HLA-E	15.0	1.0	0.20485494	0.00014294124554505963
HYI	5.924242424242424	0.06681571323853634	0.089752525	1.0
F7	8.712121212121213	1.0	0.2925678	6.105161878464015e-84
MTNR1B	6.045454545454546	0.8578473876992072	0.21959533	5.3795104236307764e-11
DICER1	7.0	1.0	0.10033974	1.0
CYP19A1	5.5606060606060606	3.933561957910748e-14	0.1902979	0.29639430231741976
E2F2	4.242424242424242	5.153875612728923e-154	-0.11584195	1.0
TGOLN2	5.196969696969697	8.770307777023999e-40	-0.110082485	1.0
LBP	10.787878787878787	1.0	0.081667066	1.0
BCAT1	5.015151515151516	4.965087209642441e-57	0.31359774	8.938608299501932e-115
REEP6	8.303030303030303	1.0	0.08290173	1.0
NOL11	6.606060606060606	1.0	0.52181983	0.0
PHACTR1	4.212121212121212	2.28090257442149e-158	0.43524444	0.0
SCAMP1	8.5	1.0	0.002201374	1.0
TCF25	5.045454545454546	5.659481355966012e-54	0.35795182	3.2445753499076296e-188
GTPBP10	6.363636363636363	1.0	0.27699086	1.9577675466254035e-63
ADCY1	6.075757575757576	1.0	0.09353969	1.0
OSBP2	4.696969696969697	4.730191825147677e-93	0.27681118	3.2734171163644773e-63
CTNNA3	4.196969696969697	1.4895433699893624e-160	0.30081612	1.216233907064531e-95
MLLT3	4.7727272727272725	6.962344027357639e-84	-0.12316016	1.0
TNFAIP1	5.045454545454546	5.659481355966012e-54	0.41884285	5.295149635450769e-298
MS4A3	5.106060606060606	4.4949480382805774e-48	0.3114355	1.8478904283305472e-111
OFD1	4.9393939393939394	5.535048770797336e-65	0.14683291	1.0
PSORS1C2	11.030303030303031	1.0	0.12001288	1.0
EZH2	4.363636363636363	6.189853655707169e-137	0.44943586	0.0
RASSF7	9.424242424242424	1.0	0.19095826	0.24158600129672497
DRG2	7.090909090909091	1.0	-0.008796925	1.0
NR1I2	4.363636363636363	6.189853655707169e-137	0.4560668	0.0
NCDN	6.575757575757576	1.0	0.3137565	5.090546955900916e-115
HTR2C	5.606060606060606	7.6746572533737e-12	-0.010086868	1.0
RGMA	6.03030303030303	0.7263459392288968	0.34977525	4.789160876283411e-174
NOSTRIN	5.454545454545454	2.703891876666768e-20	0.23471805	8.952629008892061e-21
PDCD6IP	5.166666666666667	1.799159943379442e-42	0.59722346	0.0
RGS7	6.075757575757576	1.0	0.4152845	1.7140840977124522e-291
ISL2	7.515151515151516	1.0	0.23721866	1.085749155976842e-22
CYP11B2	6.348484848484849	1.0	0.21746069	7.143974832245013e-10
KCNJ4	5.590909090909091	1.3974580680846262e-12	0.460337	0.0
PRKAG3	15.0	1.0	-0.04280399	1.0
DOK7	15.0	1.0	0.2373334	8.831037129048771e-23
SNX6	4.121212121212121	1.4224876522889679e-171	0.13573779	1.0
NEU1	15.0	1.0	0.152516	1.0
CLU	6.151515151515151	1.0	0.22230971	1.6184241379864374e-12
PSG1	5.242424242424242	6.647471978626986e-36	0.020267138	1.0
SULT1E1	4.606060606060606	1.737959073153401e-104	0.13413544	1.0
DNAJB11	4.818181818181818	1.5059610191706582e-78	0.3943279	2.988660419752305e-253
TFAP2B	5.03030303030303	1.7150705756327545e-55	-0.068671025	1.0
PSG9	3.9545454545454546	2.497113161143616e-196	0.16020317	1.0
FBXO11	3.9696969696969697	4.645458642258488e-194	0.103797436	1.0
CHRNA4	7.878787878787879	1.0	0.11401152	1.0
FAM160A2	7.303030303030303	1.0	0.03359357	1.0
GPR17	6.318181818181818	1.0	0.26161784	1.556583733077058e-45
DDIT3	3.8484848484848486	2.5389712526985893e-212	0.17258947	1.0
ST6GAL1	5.484848484848484	2.035332163566379e-18	0.016468532	1.0
ARID5A	5.151515151515151	7.625974972303267e-44	-0.08028273	1.0
ZHX2	4.4393939393939394	1.6126884793906135e-126	0.3078774	4.510786415018795e-106
OIP5	4.378787878787879	7.77867107031269e-135	0.2407957	1.422671210571889e-25
TTK	15.0	1.0	0.15842149	1.0
ARIH2	5.090909090909091	1.6019351837119586e-49	-0.105975114	1.0
MAX	3.9545454545454546	2.497113161143616e-196	0.47599182	0.0
HNRNPF	5.257575757575758	1.1911514938980334e-34	-0.05264252	1.0
MFAP1	4.363636363636363	6.189853655707169e-137	0.074948244	1.0
MED7	6.454545454545454	1.0	0.34244162	1.5410740062365952e-161
ARHGEF4	4.651515151515151	1.037003425140186e-98	-0.13988316	1.0
WDR37	5.242424242424242	6.647471978626986e-36	-0.031393144	1.0
ZNF146	5.742424242424242	2.8558071390704282e-06	0.041349564	1.0
CKM	6.787878787878788	1.0	-0.018818557	1.0
PHF10	4.863636363636363	2.3944386296676495e-73	-0.09625389	1.0
GATA3	4.348484848484849	4.8892849748765516e-139	-0.07613721	1.0
QPRT	5.621212121212121	3.982970927086116e-11	0.38648567	4.93608291689395e-239
FIS1	8.378787878787879	1.0	0.22020419	2.502025241401665e-11
SCLT1	5.96969696969697	0.24669780146475193	0.23524742	3.578022974460233e-21
WBP5	5.424242424242424	2.923156208519247e-22	0.19607219	0.032074236531078305
NDUFV1	5.242424242424242	6.647471978626986e-36	0.002222567	1.0
NLRP3	6.121212121212121	1.0	0.28779888	1.970244631673883e-77
IL27RA	4.121212121212121	1.4224876522889679e-171	0.47192553	0.0
GPM6A	4.4393939393939394	1.6126884793906135e-126	0.49541923	0.0
TAF3	5.53030303030303	8.920550128250713e-16	0.48180985	0.0
GALNT4	9.212121212121213	1.0	0.14404358	1.0
CALR	5.5	1.6274518014202265e-17	0.30880073	1.8398084732230018e-107
SENP2	4.090909090909091	4.996803001880512e-176	-0.095961735	1.0
LIPT1	15.0	1.0	-0.021531774	1.0
IBTK	5.0606060606060606	1.797670388943156e-52	0.5114882	0.0
HSPA2	4.106060606060606	8.500160823487073e-174	0.44177625	0.0
TFPI	7.575757575757576	1.0	0.2849681	1.1610163410717038e-73
NAGK	7.4393939393939394	1.0	0.269002	8.045726036289278e-54
SPN	4.833333333333333	8.451693755487221e-77	0.4755439	0.0
VDAC3	7.0	1.0	0.062362373	1.0
GDF11	6.378787878787879	1.0	0.23036666	1.2278337835869483e-17
CALCOCO1	5.409090909090909	2.812288621595938e-23	0.11540223	1.0
KIAA0226	4.757575757575758	1.090042831805119e-85	0.250172	6.554444225258257e-34
TOR1B	6.606060606060606	1.0	0.011661043	1.0
ANGPTL3	5.484848484848484	2.035332163566379e-18	0.47017956	0.0
MITD1	9.424242424242424	1.0	0.032776825	1.0
NEU4	5.121212121212121	1.2068095274004981e-46	-0.04668955	1.0
METTL17	5.075757575757576	5.495762606430855e-51	0.40596017	1.9041456297494205e-274
PLA1A	6.757575757575758	1.0	0.03673581	1.0
TOR1A	5.606060606060606	7.6746572533737e-12	0.013139548	1.0
ZNF101	5.242424242424242	6.647471978626986e-36	0.03685356	1.0
SLC4A1AP	7.848484848484849	1.0	0.1769699	1.0
CTDP1	4.0606060606060606	1.6578578839968477e-180	0.44074774	0.0
ARID3A	3.909090909090909	3.667840828331614e-203	0.47000137	0.0
PAX2	5.03030303030303	1.7150705756327545e-55	0.0826583	1.0
SPINT2	8.530303030303031	1.0	0.08123665	1.0
DGCR8	5.424242424242424	2.923156208519247e-22	0.24833095	3.4748832912525077e-32
DRD2	5.954545454545454	0.16775844587044184	-0.054597497	1.0
HCFC2	5.681818181818182	1.664947422503421e-08	0.31008962	2.0667529840345154e-109
ANKRD23	6.2272727272727275	1.0	0.10365907	1.0
CYP2E1	15.0	1.0	0.18201008	1.0
GNG10	7.045454545454546	1.0	0.13709196	1.0
ENTPD6	5.151515151515151	7.625974972303267e-44	-0.007756965	1.0
MS4A1	3.893939393939394	1.8846682085548561e-205	0.31361857	8.304392606379962e-115
ETV4	4.2272727272727275	3.468440810002327e-156	0.08619241	1.0
LMAN1	10.121212121212121	1.0	0.17423701	1.0
ZUFSP	5.833333333333333	0.0011874730962516493	0.41129202	3.4327799285065256e-284
PPM1G	5.96969696969697	0.24669780146475193	-0.113746785	1.0
NLGN4X	5.712121212121212	2.43404951276035e-07	0.36959404	9.82959747815093e-209
RBX1	4.590909090909091	1.9637076384770094e-106	0.17782436	1.0
GNPTG	6.9393939393939394	1.0	0.07827376	1.0
PRKACB	4.878787878787879	1.210302589787204e-71	0.42188197	1.4430736727343343e-303
RRAS	4.4393939393939394	1.6126884793906135e-126	0.23670466	2.7300753834581256e-22
SOX2	4.590909090909091	1.9637076384770094e-106	0.15495211	1.0
SLC30A3	6.818181818181818	1.0	-0.023426874	1.0
ATP4B	6.409090909090909	1.0	0.089281105	1.0
IL23R	6.924242424242424	1.0	0.12085543	1.0
FZD1	8.712121212121213	1.0	0.2575806	2.9315353711479677e-41
SRSF8	5.2727272727272725	2.0333752743474065e-33	0.112344675	1.0
FEZ2	4.242424242424242	5.153875612728923e-154	0.4235868	1.0950248025618837e-306
EFNB2	4.075757575757576	2.898466868756153e-178	-0.08291204	1.0
COPE	5.742424242424242	2.8558071390704282e-06	0.31828678	4.561314384215313e-122
GLRB	5.909090909090909	0.03906974193032677	0.18606985	0.8213944256536673
IMP4	15.0	1.0	0.020026464	1.0
HOXA5	5.151515151515151	7.625974972303267e-44	0.046168998	1.0
AMBRA1	5.681818181818182	1.664947422503421e-08	0.31284738	1.2746786312561918e-113
DDX42	6.348484848484849	1.0	0.14974439	1.0
FBXO17	5.863636363636363	0.005653383481306722	0.08392608	1.0
SAV1	5.0606060606060606	1.797670388943156e-52	0.33987024	3.324256332724851e-157
EAPP	5.2727272727272725	2.0333752743474065e-33	0.3122139	1.192568565058588e-112
SCG3	7.893939393939394	1.0	0.25994325	9.710103336612369e-44
KLK4	6.924242424242424	1.0	0.2780162	1.0263685483585167e-64
LRP10	6.818181818181818	1.0	0.13578142	1.0
CYHR1	15.0	1.0	0.036847506	1.0
SRSF7	4.9393939393939394	5.535048770797336e-65	0.3299956	7.817290278348205e-141
ZFP36L1	4.287878787878788	1.4852780113973228e-147	0.03446797	1.0
OBFC1	6.0	0.46300423940933777	0.055776656	1.0
F11R	5.303030303030303	5.157518393752423e-31	0.4295887	1.1473084e-317
PHF1	4.984848484848484	3.703611499304987e-60	-0.043441426	1.0
SPATA20	6.96969696969697	1.0	0.31150886	1.4280331197653687e-111
GLRA2	6.212121212121212	1.0	0.26664472	4.120831031856503e-51
GAS1	15.0	1.0	-0.0002449673	1.0
INSIG1	4.575757575757576	2.1596514624631015e-108	0.43749964	0.0
AICDA	5.575757575757576	2.407667682078258e-13	0.31908715	2.5198590053151578e-123
EXOC2	6.0606060606060606	0.9815462904994844	0.14316256	1.0
C21orf33	8.090909090909092	1.0	0.039832976	1.0
ZNF510	4.545454545454546	2.3923140793058067e-112	0.40403634	6.204257292399692e-271
SWAP70	4.7727272727272725	6.962344027357639e-84	-0.10157722	1.0
PIP5KL1	5.878787878787879	0.011370719431532743	0.31014854	1.6825341560752107e-109
MVK	5.242424242424242	6.647471978626986e-36	0.053317368	1.0
EXO1	5.348484848484849	1.4467502508287116e-27	0.20087938	0.0022589065241413095
HYLS1	5.318181818181818	7.64416891530246e-30	0.33991835	2.7614011975173725e-157
CDAN1	4.545454545454546	2.3923140793058067e-112	0.6528161	0.0
IGBP1	5.5	1.6274518014202265e-17	0.021166027	1.0
SGMS1	5.151515151515151	7.625974972303267e-44	0.056765	1.0
CCDC6	4.196969696969697	1.4895433699893624e-160	-0.0123420805	1.0
ZBTB12	4.833333333333333	8.451693755487221e-77	0.4368617	0.0
SPOP	5.166666666666667	1.799159943379442e-42	0.00310219	1.0
ARG1	6.03030303030303	0.7263459392288968	0.023922147	1.0
AP1M2	4.7727272727272725	6.962344027357639e-84	-0.056777034	1.0
B9D1	6.257575757575758	1.0	0.29355413	2.6062637982074063e-85
ZBTB25	4.606060606060606	1.737959073153401e-104	0.45809498	0.0
AMH	4.409090909090909	1.1709431526636087e-130	-0.1128242	1.0
WDR74	5.4393939393939394	2.881456053844129e-21	0.18501686	0.9856338719978884
CCT4	4.575757575757576	2.1596514624631015e-108	-0.07903744	1.0
SERPINF2	7.303030303030303	1.0	0.27424285	4.701898832869096e-60
AP1M1	4.7727272727272725	6.962344027357639e-84	0.2803647	1.0972188249383245e-67
RELT	15.0	1.0	0.19606951	0.03210748732192726
SERPINA3	7.03030303030303	1.0	0.24991879	1.1377317027153243e-33
ACMSD	6.015151515151516	0.5905005552315811	0.061436	1.0
FGA	6.318181818181818	1.0	0.34278074	4.114412416320446e-162
LSR	4.363636363636363	6.189853655707169e-137	-0.013672583	1.0
C2orf65	7.303030303030303	1.0	0.26715297	1.0880103189465574e-51
ACVR1C	6.151515151515151	1.0	0.18908463	0.4183051074804068
NCAM1	5.924242424242424	0.06681571323853634	0.029289713	1.0
RCOR1	4.484848484848484	2.2002490221096544e-120	-0.050251823	1.0
STRA13	3.909090909090909	3.667840828331614e-203	0.236479	4.083804428571322e-22
SNX7	5.7272727272727275	8.579595772540609e-07	0.32882944	6.2377313910245844e-139
FAM175A	4.181818181818182	9.63590226073286e-163	0.021128632	1.0
CACNB3	5.636363636363637	1.960882398441318e-10	-0.044593453	1.0
ZBTB8A	4.757575757575758	1.090042831805119e-85	-0.11095123	1.0
FANCI	5.03030303030303	1.7150705756327545e-55	0.5194074	0.0
SALL2	5.090909090909091	1.6019351837119586e-49	0.13335575	1.0
FZD5	7.712121212121212	1.0	0.17303099	1.0
PRKG2	4.712121212121212	3.445049409216623e-91	0.41365695	1.6250902694955695e-288
WNT2	10.712121212121213	1.0	0.22869334	1.6827596274140537e-16
IQCB1	5.409090909090909	2.812288621595938e-23	0.24932078	4.1589690677804865e-33
FBXL3	5.863636363636363	0.005653383481306722	0.27327067	7.078612784950133e-59
PSMD12	5.0	1.3821620935970935e-58	0.01665958	1.0
CDKN2B	5.287878787878788	3.3122123718160204e-32	0.13418305	1.0
PIKFYVE	7.166666666666667	1.0	0.24081959	1.3594812621285308e-25
HIST2H2AA3	5.5	1.6274518014202265e-17	0.08363198	1.0
CDK2AP2	5.606060606060606	7.6746572533737e-12	0.06386955	1.0
IL1A	6.03030303030303	0.7263459392288968	0.072868176	1.0
KLF3	5.318181818181818	7.64416891530246e-30	0.5081206	0.0
CBX7	5.893939393939394	0.021657682436614336	0.07680094	1.0
DOK5	4.545454545454546	2.3923140793058067e-112	0.21853979	1.9659719792247782e-10
DSCC1	4.863636363636363	2.3944386296676495e-73	0.34321356	7.620242208794162e-163
RPLP0	5.545454545454546	6.0781751734860976e-15	0.21009186	1.6992646233725961e-06
KIR2DS4	8.151515151515152	1.0	0.0438897	1.0
NEK9	5.03030303030303	1.7150705756327545e-55	0.27579248	5.95656654601731e-62
DDB2	4.4393939393939394	1.6126884793906135e-126	-0.051362965	1.0
PIR	4.757575757575758	1.090042831805119e-85	0.121867456	1.0
SPRED2	4.878787878787879	1.210302589787204e-71	0.44069406	0.0
DMBX1	6.46969696969697	1.0	-0.007991258	1.0
MTG1	6.7727272727272725	1.0	0.25181055	1.7673608772336258e-35
DHPS	15.0	1.0	-0.0073178057	1.0
ANGPT4	5.409090909090909	2.812288621595938e-23	0.3545762	2.4405043311853234e-182
CLNS1A	5.303030303030303	5.157518393752423e-31	0.100837424	1.0
IFIT1	15.0	1.0	0.1758247	1.0
BSDC1	6.863636363636363	1.0	0.19354641	0.09604170415581718
ACVRL1	4.954545454545454	2.339787434928052e-63	-0.12361236	1.0
RASGRP3	4.242424242424242	5.153875612728923e-154	-0.12661214	1.0
HTR1D	7.257575757575758	1.0	-0.01611892	1.0
C1orf63	5.348484848484849	1.4467502508287116e-27	0.07148227	1.0
USP6	6.257575757575758	1.0	0.36898613	1.181374050034663e-207
SPATA2	4.742424242424242	1.6577844026969324e-87	-0.07452052	1.0
WRNIP1	4.909090909090909	2.7919646467736866e-68	0.35938108	1.0275676723968328e-190
PDDC1	6.242424242424242	1.0	0.085427165	1.0
RBMXL2	5.681818181818182	1.664947422503421e-08	0.19740804	0.016532481925666222
SRSF5	5.090909090909091	1.6019351837119586e-49	0.3868011	1.3287585328281174e-239
PELI2	4.893939393939394	5.918212061668534e-70	0.54539555	0.0
TCEA2	6.393939393939394	1.0	0.029172052	1.0
ELP3	4.484848484848484	2.2002490221096544e-120	0.4462352	0.0
KCNJ1	4.212121212121212	2.28090257442149e-158	0.031603295	1.0
IREB2	4.515151515151516	2.3986497037817864e-116	0.2214583	4.985222942293559e-12
CDH16	4.196969696969697	1.4895433699893624e-160	0.34571323	4.296354247321665e-167
SMYD2	3.9696969696969697	4.645458642258488e-194	0.2066467	3.473362878186958e-05
RAB37	6.454545454545454	1.0	0.09700847	1.0
VIPR2	6.424242424242424	1.0	-0.04698111	1.0
AGPS	9.090909090909092	1.0	0.20577736	6.986160328882326e-05
DPPA3	6.242424242424242	1.0	0.26912948	5.721969957640127e-54
CARD6	5.333333333333333	1.077567019711722e-28	0.16826048	1.0
PRPF18	7.96969696969697	1.0	-0.0050390447	1.0
SRPX2	7.015151515151516	1.0	0.31973404	2.408270025539859e-124
LLPH	8.742424242424242	1.0	0.083702415	1.0
DYNLT3	5.984848484848484	0.3459152735646521	0.11217623	1.0
MLF1	6.015151515151516	0.5905005552315811	0.04152533	1.0
CASP5	4.7727272727272725	6.962344027357639e-84	-0.05151862	1.0
RPE	6.257575757575758	1.0	0.13268727	1.0
SLC25A6	5.878787878787879	0.011370719431532743	0.18799141	0.5492116087252871
GOT2	15.0	1.0	0.28675616	4.9179120440185045e-76
SMS	5.363636363636363	1.847101461835938e-26	0.2598444	1.2362455679340262e-43
SLIT2	6.2272727272727275	1.0	0.64202666	0.0
C18orf25	4.409090909090909	1.1709431526636087e-130	0.073929586	1.0
EIF2S2	3.742424242424242	1.7943064372120767e-228	-0.062052894	1.0
PLIN2	5.9393939393939394	0.10865242828933425	0.21367404	4.8650873430377896e-08
DKK2	13.712121212121213	1.0	0.27206546	1.9796575766313148e-57
SNAPC2	4.53030303030303	2.4274693143251508e-114	0.20878008	5.612914077296086e-06
WDR16	4.348484848484849	4.8892849748765516e-139	-0.089646906	1.0
C20orf72	6.015151515151516	0.5905005552315811	0.056793366	1.0
KIAA1967	4.5606060606060606	2.3057357993651317e-110	0.27835464	3.860186960025151e-65
IL13RA1	5.090909090909091	1.6019351837119586e-49	-0.03234468	1.0
CIAPIN1	6.46969696969697	1.0	0.03722019	1.0
DYRK1B	3.9545454545454546	2.497113161143616e-196	-0.14461306	1.0
RASSF4	4.621212121212121	1.49917227250215e-102	0.12241164	1.0
ZER1	6.651515151515151	1.0	0.14698233	1.0
DTX3	5.621212121212121	3.982970927086116e-11	0.050675895	1.0
FGF18	5.242424242424242	6.647471978626986e-36	0.15941685	1.0
ASAH1	4.96969696969697	9.498709933095162e-62	0.020237423	1.0
SGCB	15.0	1.0	-0.009331329	1.0
DTNBP1	7.5	1.0	0.4224405	1.370697525805315e-304
CREBZF	5.212121212121212	1.8119808505712916e-38	0.3311382	1.0533914673404142e-142
CKS2	4.303030303030303	2.0612681446983352e-145	0.40517855	5.105801651458481e-273
PPM1L	4.878787878787879	1.210302589787204e-71	0.109572425	1.0
UBXN6	6.257575757575758	1.0	0.21625346	2.8850469264475854e-09
TGFB3	5.893939393939394	0.021657682436614336	0.3801271	1.4431876104867778e-227
DLC1	4.045454545454546	9.413247275261345e-183	0.16074209	1.0
HSF2	4.151515151515151	3.849589723230579e-167	-0.09038639	1.0
FYTTD1	6.984848484848484	1.0	0.018320004	1.0
TRIM27	4.454545454545454	1.8308025417514746e-124	-0.11439956	1.0
TRIM29	4.848484848484849	4.5854224261642e-75	0.27354896	3.2659035511201442e-59
CEP44	5.696969696969697	6.547083669482187e-08	0.011357233	1.0
PDK2	5.863636363636363	0.005653383481306722	0.19569819	0.03819098985742869
SSR3	6.803030303030303	1.0	0.07261755	1.0
SETD8	5.242424242424242	6.647471978626986e-36	0.048084155	1.0
SIM1	4.696969696969697	4.730191825147677e-93	0.3389446	1.1911305170398791e-155
PSMD14	5.893939393939394	0.021657682436614336	0.06059032	1.0
CLDN8	6.015151515151516	0.5905005552315811	0.14296494	1.0
SLC4A2	7.181818181818182	1.0	0.34446046	5.829239474675026e-165
NEK2	4.378787878787879	7.77867107031269e-135	-0.046899956	1.0
SCN3B	6.257575757575758	1.0	0.06026861	1.0
METTL18	6.181818181818182	1.0	0.20140833	0.001613896201585039
SS18	4.151515151515151	3.849589723230579e-167	0.44876274	0.0
OLIG3	5.2727272727272725	2.0333752743474065e-33	0.08076287	1.0
EIF5A	5.606060606060606	7.6746572533737e-12	0.29951906	9.123705210047854e-94
ERCC1	5.242424242424242	6.647471978626986e-36	0.26872206	1.6984150734771788e-53
FBXO32	5.863636363636363	0.005653383481306722	0.051216435	1.0
ACSL6	15.0	1.0	0.288901	6.419682726189413e-79
SERPINB8	8.727272727272727	1.0	0.2554524	4.4156389968371245e-39
ZWINT	6.484848484848484	1.0	0.252404	4.68820021593192e-36
FAM153A	6.318181818181818	1.0	0.20553218	8.472403899813308e-05
NSMAF	4.53030303030303	2.4274693143251508e-114	0.24246918	5.584833867115249e-27
TNK1	4.848484848484849	4.5854224261642e-75	0.6000684	0.0
MINA	4.333333333333333	3.721508830056371e-141	0.009401747	1.0
NEXN	4.848484848484849	4.5854224261642e-75	0.3953398	4.32570564857224e-255
MTPN	4.303030303030303	2.0612681446983352e-145	0.26394466	4.4223295426163405e-48
DLL4	4.818181818181818	1.5059610191706582e-78	0.44221324	0.0
ZHX1	3.742424242424242	1.7943064372120767e-228	-0.018496785	1.0
TNNT2	6.393939393939394	1.0	0.021065237	1.0
CUL2	5.651515151515151	9.112849250268435e-10	0.13872562	1.0
PEX10	10.166666666666666	1.0	0.029883536	1.0
NFE2L3	6.151515151515151	1.0	0.15096755	1.0
MEIS2	5.212121212121212	1.8119808505712916e-38	0.047536734	1.0
SLC7A8	15.0	1.0	0.15812944	1.0
KPTN	5.454545454545454	2.703891876666768e-20	0.25013626	7.084507591361495e-34
SIN3B	4.136363636363637	2.3580860918747585e-169	0.01734992	1.0
HNRNPL	4.712121212121212	3.445049409216623e-91	-0.17122774	1.0
ZNF287	8.151515151515152	1.0	0.112064995	1.0
LENG1	5.545454545454546	6.0781751734860976e-15	0.21988672	3.7365975106881014e-11
ATPAF1	7.181818181818182	1.0	0.046619922	1.0
NXF5	6.151515151515151	1.0	0.24667032	1.1459051057683038e-30
USP49	6.454545454545454	1.0	0.22720739	1.5971446244345906e-15
ZFP64	4.757575757575758	1.090042831805119e-85	0.4140084	3.6966636629808487e-289
GLIS2	4.196969696969697	1.4895433699893624e-160	-0.025037762	1.0
EME1	15.0	1.0	0.26072755	1.4129810260770973e-44
LILRA3	5.242424242424242	6.647471978626986e-36	0.35402808	2.178664850591774e-181
CORO2B	4.696969696969697	4.730191825147677e-93	-0.045372628	1.0
RUVBL1	4.424242424242424	1.3907764601371584e-128	-0.070311375	1.0
CDK18	5.454545454545454	2.703891876666768e-20	0.4239701	2.183370014889747e-307
WDR89	5.166666666666667	1.799159943379442e-42	0.2981812	7.612489126807086e-92
CBX8	4.348484848484849	4.8892849748765516e-139	0.46946648	0.0
FKBP6	5.015151515151516	4.965087209642441e-57	0.38999453	2.1890837593108406e-245
CIDEB	5.0	1.3821620935970935e-58	0.057973642	1.0
NKD2	5.954545454545454	0.16775844587044184	0.17358273	1.0
LGALS3BP	6.090909090909091	1.0	-0.12695076	1.0
SH3D19	4.757575757575758	1.090042831805119e-85	0.28950474	9.730050728901508e-80
FBXO33	4.515151515151516	2.3986497037817864e-116	-0.075503595	1.0
CD226	5.696969696969697	6.547083669482187e-08	0.047736008	1.0
AKTIP	5.5606060606060606	3.933561957910748e-14	0.024420304	1.0
EMCN	7.9393939393939394	1.0	0.032447796	1.0
KLF2	4.242424242424242	5.153875612728923e-154	0.18184693	1.0
BOLL	15.0	1.0	0.091854684	1.0
IRX5	7.893939393939394	1.0	0.15165214	1.0
PPP1CB	5.045454545454546	5.659481355966012e-54	0.04586127	1.0
ETV5	4.0606060606060606	1.6578578839968477e-180	-0.003868763	1.0
SLC34A1	5.363636363636363	1.847101461835938e-26	0.26212677	4.369379453563314e-46
GGN	15.0	1.0	0.086727396	1.0
TUBA3C	3.803030303030303	3.15269927984589e-219	-0.028780678	1.0
TNFRSF10D	5.424242424242424	2.923156208519247e-22	0.008253225	1.0
ZNF330	6.333333333333333	1.0	0.08009697	1.0
CR2	5.9393939393939394	0.10865242828933425	0.018811839	1.0
MAS1	9.378787878787879	1.0	0.17072837	1.0
PEX5	7.166666666666667	1.0	0.071059704	1.0
SERTAD2	4.196969696969697	1.4895433699893624e-160	0.19267309	0.13412493719499616
LGALS8	5.848484848484849	0.002671922425091299	0.39622745	1.0535749580605712e-256
ORC5	5.318181818181818	7.64416891530246e-30	0.41492906	7.665011315031186e-291
DHRS7B	7.454545454545454	1.0	0.020016978	1.0
ITGB3BP	3.893939393939394	1.8846682085548561e-205	0.28842017	2.868384610984165e-78
DLK2	5.46969696969697	2.4090497997966194e-19	0.43600094	0.0
HLA-DOB	15.0	1.0	0.027700385	1.0
IRX4	4.742424242424242	1.6577844026969324e-87	-0.04724893	1.0
CAMLG	6.045454545454546	0.8578473876992072	0.3226567	5.5398793931639424e-129
OTUB1	4.757575757575758	1.090042831805119e-85	0.17262445	1.0
FTL	15.0	1.0	0.14523534	1.0
TMEM123	6.015151515151516	0.5905005552315811	0.26408663	3.078626554849278e-48
RTN4R	4.9393939393939394	5.535048770797336e-65	-0.09233282	1.0
HDHD3	5.757575757575758	8.96438933889546e-06	0.08953024	1.0
HOXA2	6.045454545454546	0.8578473876992072	0.25569156	2.529039633222534e-39
CYR61	5.4393939393939394	2.881456053844129e-21	0.08567959	1.0
RILPL2	7.924242424242424	1.0	0.0727775	1.0
LDB3	5.484848484848484	2.035332163566379e-18	0.5349238	0.0
MID1	6.46969696969697	1.0	0.17395891	1.0
PAK1IP1	4.181818181818182	9.63590226073286e-163	0.11074726	1.0
POLG	7.863636363636363	1.0	0.20132266	0.0017048254767546146
BCL11B	4.666666666666667	8.237161641457738e-97	0.27429613	4.050584347770119e-60
FCN2	11.075757575757576	1.0	0.034344498	1.0
ING3	5.196969696969697	8.770307777023999e-40	0.030484127	1.0
GRM2	6.045454545454546	0.8578473876992072	0.24488322	4.5134567453203444e-29
SRA1	5.045454545454546	5.659481355966012e-54	0.43452522	0.0
RANGRF	4.878787878787879	1.210302589787204e-71	0.26952446	1.9823606499176792e-54
AGXT	6.166666666666667	1.0	0.24768691	1.3617644678742922e-31
PNO1	4.833333333333333	8.451693755487221e-77	0.2632918	2.323235857455838e-47
INHA	6.878787878787879	1.0	0.02134831	1.0
FOXN3	7.2272727272727275	1.0	0.26151207	2.0236639429156195e-45
PREB	4.348484848484849	4.8892849748765516e-139	0.44714034	0.0
DMAP1	4.287878787878788	1.4852780113973228e-147	-0.072229125	1.0
CUEDC2	3.9393939393939394	1.3168145906029157e-198	0.23822854	1.7322722095596523e-23
HSD17B10	5.545454545454546	6.0781751734860976e-15	0.12855601	1.0
MSTN	15.0	1.0	-0.027337741	1.0
EDC3	4.181818181818182	9.63590226073286e-163	0.44877145	0.0
S100A8	3.8333333333333335	1.2495185782783626e-214	0.23689291	1.949528875093248e-22
LALBA	5.621212121212121	3.982970927086116e-11	0.088238835	1.0
INHBE	8.242424242424242	1.0	0.17368871	1.0
DGKZ	5.818181818181818	0.0004998900831057169	0.55595887	0.0
SYT6	4.7727272727272725	6.962344027357639e-84	0.013617751	1.0
FAM203A	5.696969696969697	6.547083669482187e-08	-0.046636008	1.0
PDZD11	6.666666666666667	1.0	0.24855949	2.1344687630952017e-32
POT1	5.681818181818182	1.664947422503421e-08	0.2396144	1.3276883808111671e-24
GDF5	6.0	0.46300423940933777	0.3963387	6.610761541791858e-257
ZNF193	8.242424242424242	1.0	0.20067954	0.002557855632805881
SNX20	6.015151515151516	0.5905005552315811	0.29939803	1.3625524913644883e-93
FBXW2	4.742424242424242	1.6577844026969324e-87	-0.027349845	1.0
NPAS4	4.696969696969697	4.730191825147677e-93	0.6166069	0.0
ZRANB1	5.0	1.3821620935970935e-58	0.5521333	0.0
CEP95	6.651515151515151	1.0	0.47624567	0.0
CRTC1	4.363636363636363	6.189853655707169e-137	0.42349595	1.6056282147798852e-306
MED31	4.257575757575758	7.504677503470952e-152	-0.038614087	1.0
TNFSF10	5.424242424242424	2.923156208519247e-22	0.3570132	1.4077516494327153e-186
TPST1	9.151515151515152	1.0	0.33722496	8.967076200003201e-153
GHRL	15.0	1.0	0.08616766	1.0
OTX2	5.46969696969697	2.4090497997966194e-19	0.06278718	1.0
MTA2	4.454545454545454	1.8308025417514746e-124	0.61038154	0.0
GUCY2F	15.0	1.0	0.22803196	4.620486050453573e-16
NUP43	5.5	1.6274518014202265e-17	-0.008045508	1.0
CD72	4.681818181818182	6.333737555295499e-95	0.1513125	1.0
PDILT	9.712121212121213	1.0	0.14077546	1.0
ACP6	7.212121212121212	1.0	0.18661769	0.7400946800574976
RRAGD	15.0	1.0	-0.008961502	1.0
CDCP1	8.621212121212121	1.0	0.15764122	1.0
PHACTR3	4.4393939393939394	1.6126884793906135e-126	0.42640337	7.693964792875e-312
NECAP2	4.878787878787879	1.210302589787204e-71	0.4046281	5.1583911795311776e-272
CAB39	4.7727272727272725	6.962344027357639e-84	0.025484292	1.0
PYGO1	4.196969696969697	1.4895433699893624e-160	0.4214195	1.014112930252028e-302
FAM60A	15.0	1.0	0.058644928	1.0
KEL	4.9393939393939394	5.535048770797336e-65	0.2626814	1.0864883401456468e-46
BLMH	5.121212121212121	1.2068095274004981e-46	-0.06718401	1.0
PDZRN3	4.96969696969697	9.498709933095162e-62	0.12528366	1.0
HRH4	6.045454545454546	0.8578473876992072	0.39149162	4.22079703529162e-248
FBXO5	5.4393939393939394	2.881456053844129e-21	0.22491446	4.492303492215091e-14
NKX2-3	4.696969696969697	4.730191825147677e-93	0.37778452	2.3229780332215985e-223
RCN1	5.151515151515151	7.625974972303267e-44	0.1353833	1.0
RGL2	4.212121212121212	2.28090257442149e-158	0.6166645	0.0
EIF2S3	4.863636363636363	2.3944386296676495e-73	-0.037552025	1.0
NOXO1	5.409090909090909	2.812288621595938e-23	0.01620285	1.0
C1QTNF1	5.409090909090909	2.812288621595938e-23	0.08509851	1.0
PGGT1B	4.681818181818182	6.333737555295499e-95	0.0425291	1.0
HTN1	4.863636363636363	2.3944386296676495e-73	0.17167428	1.0
UBA6	4.757575757575758	1.090042831805119e-85	0.16719031	1.0
TGFBR2	4.123076923076923	2.676273283412554e-171	0.39477506	4.599081690865782e-254
CYP17A1	15.0	1.0	0.1593367	1.0
ECT2	4.787878787878788	4.3222045956551894e-82	0.5864741	0.0
BNIP1	4.681818181818182	6.333737555295499e-95	0.36420694	3.40941394196963e-199
POU3F4	5.2272727272727275	3.567716469429752e-37	0.31565672	5.822927676102399e-118
F9	8.227272727272727	1.0	0.403582	4.1900247290547475e-270
LMNB1	3.909090909090909	3.667840828331614e-203	0.41451326	4.409634127078987e-290
APIP	5.515151515151516	1.237552061909311e-16	0.3967629	1.1178274028303998e-257
ITLN1	11.045454545454545	1.0	0.1779363	1.0
EIF4A3	6.424242424242424	1.0	0.18340744	1.0
CNOT3	5.378787878787879	2.2421187423656065e-25	0.52605927	0.0
ZNF74	5.045454545454546	5.659481355966012e-54	-0.14173353	1.0
SIX6	5.136363636363637	3.116249927713834e-45	0.36449438	1.0605366926667378e-199
FOXK2	5.681818181818182	1.664947422503421e-08	0.17898287	1.0
DOK3	4.318181818181818	2.7918664717826296e-143	0.3483204	1.5052288789209906e-171
PARN	9.227272727272727	1.0	0.11191287	1.0
SRFBP1	4.696969696969697	4.730191825147677e-93	0.008820762	1.0
TPT1	5.863636363636363	0.005653383481306722	0.05069304	1.0
CKB	6.181818181818182	1.0	-0.031546168	1.0
GNRH1	8.0	1.0	0.111405775	1.0
DDX39B	6.121212121212121	1.0	-0.07094912	1.0
MAGOHB	6.015151515151516	0.5905005552315811	0.13602045	1.0
MID1IP1	5.924242424242424	0.06681571323853634	0.24586463	6.0701064202597256e-30
CCDC106	3.909090909090909	3.667840828331614e-203	0.21011394	1.6653185748359165e-06
WWTR1	4.7272727272727275	2.421712560332582e-89	-0.0009281151	1.0
PSMA4	5.166666666666667	1.799159943379442e-42	0.42681462	1.36117969957e-312
AHSA1	4.2272727272727275	3.468440810002327e-156	0.3607923	3.4609303656506325e-193
TEX28	5.136363636363637	3.116249927713834e-45	-0.0018093418	1.0
SPHK2	4.833333333333333	8.451693755487221e-77	0.45382184	0.0
PUF60	4.46969696969697	2.040032193293724e-122	-0.16841349	1.0
DCP2	7.893939393939394	1.0	0.014884708	1.0
HAPLN1	7.53030303030303	1.0	0.423645	8.579628282885978e-307
SLC6A8	7.393939393939394	1.0	0.25102806	1.0016449963134849e-34
GPR25	4.878787878787879	1.210302589787204e-71	0.106314786	1.0
RGS13	6.818181818181818	1.0	0.12720813	1.0
GOLGA1	7.015151515151516	1.0	0.12639633	1.0
HLA-DOA	15.0	1.0	0.039492298	1.0
FAM105B	5.303030303030303	5.157518393752423e-31	0.10628194	1.0
ZNF384	4.696969696969697	4.730191825147677e-93	-0.0151877785	1.0
NIPSNAP1	5.409090909090909	2.812288621595938e-23	0.056241527	1.0
PKIA	4.53030303030303	2.4274693143251508e-114	0.35201627	6.6046091010171e-178
DHRS1	5.242424242424242	6.647471978626986e-36	0.15645365	1.0
TOMM34	15.0	1.0	0.00097594084	1.0
TSSK2	5.803030303030303	0.00019878369230689233	0.0018228798	1.0
GFER	4.363636363636363	6.189853655707169e-137	0.19848725	0.009274770046401443
FOSL1	4.424242424242424	1.3907764601371584e-128	0.1757497	1.0
FGF9	5.242424242424242	6.647471978626986e-36	0.15696263	1.0
MEA1	6.196969696969697	1.0	0.095959604	1.0
TBXA2R	5.393939393939394	2.5866430052266783e-24	0.39083654	6.505872920960211e-247
SLC25A20	15.0	1.0	0.008317679	1.0
SNRNP70	3.8181818181818183	6.290434548230126e-217	-0.15096721	1.0
STX5	5.393939393939394	2.5866430052266783e-24	-0.016420895	1.0
RPS15	7.090909090909091	1.0	0.13559356	1.0
IL22RA1	15.0	1.0	0.095828705	1.0
ART1	6.651515151515151	1.0	0.023399046	1.0
TTF2	4.757575757575758	1.090042831805119e-85	0.027426824	1.0
COMT	6.166666666666667	1.0	0.024115786	1.0
CTSA	15.0	1.0	0.10132272	1.0
PDHA1	6.863636363636363	1.0	0.13423048	1.0
HPS6	4.424242424242424	1.3907764601371584e-128	0.18805343	0.5413988812689932
C10orf82	5.924242424242424	0.06681571323853634	0.11586434	1.0
SOX17	4.196969696969697	1.4895433699893624e-160	0.07861947	1.0
CD1A	7.606060606060606	1.0	0.03006877	1.0
PHKA1	4.590909090909091	1.9637076384770094e-106	0.5543645	0.0
ACBD3	4.803030303030303	2.5916093890928528e-80	-0.0556385	1.0
ZC3H7B	5.151515151515151	7.625974972303267e-44	0.21384408	4.0683270914199994e-08
FHL1	5.0606060606060606	1.797670388943156e-52	0.35888198	7.677856339195741e-190
DDX18	4.621212121212121	1.49917227250215e-102	0.60356796	0.0
MMRN1	8.242424242424242	1.0	0.053153314	1.0
AP2S1	5.590909090909091	1.3974580680846262e-12	0.17536335	1.0
HRC	9.227272727272727	1.0	0.3086065	3.607859241809271e-107
RPA2	4.257575757575758	7.504677503470952e-152	0.26619762	1.3261835564637833e-50
GABRG3	7.621212121212121	1.0	0.036929373	1.0
DLX5	4.575757575757576	2.1596514624631015e-108	0.16548948	1.0
SIGIRR	5.0	1.3821620935970935e-58	-0.037055943	1.0
C2	10.151515151515152	1.0	0.4612409	0.0
RNF216	5.53030303030303	8.920550128250713e-16	0.28452113	4.502386594839883e-73
GDF9	4.2727272727272725	1.056112086203131e-149	0.12515569	1.0
RPL7	5.045454545454546	5.659481355966012e-54	0.30256224	3.4656922704966413e-98
CD70	6.045454545454546	0.8578473876992072	0.0651304	1.0
ADRA2C	4.348484848484849	4.8892849748765516e-139	-0.020414162	1.0
TMEM62	7.151515151515151	1.0	0.1141536	1.0
SNTG2	5.909090909090909	0.03906974193032677	0.40622476	6.259433709228816e-275
TSPYL4	5.348484848484849	1.4467502508287116e-27	0.069571875	1.0
C7orf50	5.5	1.6274518014202265e-17	0.37585744	6.600399114960285e-220
COX5A	4.818181818181818	1.5059610191706582e-78	0.17563967	1.0
RCAN2	5.212121212121212	1.8119808505712916e-38	0.10941208	1.0
MYL12A	5.242424242424242	6.647471978626986e-36	0.1728444	1.0
JAM2	5.96969696969697	0.24669780146475193	0.047989532	1.0
TES	4.833333333333333	8.451693755487221e-77	-0.033130385	1.0
LRG1	7.075757575757576	1.0	0.11532707	1.0
GPR26	8.227272727272727	1.0	0.17778972	1.0
ZNHIT3	4.484848484848484	2.2002490221096544e-120	0.2928433	2.53597067429188e-84
HOXD9	4.621212121212121	1.49917227250215e-102	0.08322765	1.0
STX8	6.4393939393939394	1.0	0.20824796	8.974825695133888e-06
ROPN1B	15.0	1.0	0.19643924	0.026883453350539304
S1PR2	6.181818181818182	1.0	0.38269842	3.3972745300617366e-232
PTX3	8.757575757575758	1.0	-0.020475421	1.0
RPH3AL	5.9393939393939394	0.10865242828933425	-0.0072739082	1.0
STC2	5.666666666666667	3.999973542524087e-09	0.24519227	2.407404852360384e-29
PEX12	10.166666666666666	1.0	0.010677246	1.0
BMI1	4.378787878787879	7.77867107031269e-135	0.1292006	1.0
AK2	6.984848484848484	1.0	0.2426976	3.565931398636558e-27
RANBP10	15.0	1.0	0.20362955	0.00035407929341589773
UACA	4.909090909090909	2.7919646467736866e-68	0.6650525	0.0
NOTCH2NL	7.333333333333333	1.0	0.096629314	1.0
BPY2	6.0606060606060606	0.9815462904994844	0.1210276	1.0
MYL1	4.833333333333333	8.451693755487221e-77	0.4011215	1.2912904189316536e-265
UBE2K	3.757575757575758	3.7009411193979e-226	0.2634911	1.4014291853062485e-47
FAM84B	5.0	1.3821620935970935e-58	0.0894106	1.0
JTB	5.7272727272727275	8.579595772540609e-07	0.10028536	1.0
ZNF446	7.242424242424242	1.0	-0.06488425	1.0
NAA11	15.0	1.0	0.06066014	1.0
SF3B3	5.0606060606060606	1.797670388943156e-52	0.45539683	0.0
HAMP	7.363636363636363	1.0	0.07188014	1.0
KCNIP4	5.106060606060606	4.4949480382805774e-48	0.08707604	1.0
EIF4E2	6.2272727272727275	1.0	0.21971446	4.636852367697203e-11
RABEPK	6.166666666666667	1.0	-0.006901517	1.0
ZMYM6	4.651515151515151	1.037003425140186e-98	0.6537507	0.0
SEPT1	5.954545454545454	0.16775844587044184	-0.018173173	1.0
CAST	5.515151515151516	1.237552061909311e-16	0.32907844	2.450494328729761e-139
RCOR3	5.257575757575758	1.1911514938980334e-34	0.48722434	0.0
SLC27A5	4.984848484848484	3.703611499304987e-60	0.37204438	4.279056103119124e-213
PPP2R2A	4.287878787878788	1.4852780113973228e-147	0.47160345	0.0
MAGOH	6.151515151515151	1.0	0.07010017	1.0
PGAM5	3.878787878787879	9.67482637323781e-208	0.45989227	0.0
TASP1	5.181818181818182	4.0646540127585765e-41	0.017933782	1.0
MBD4	4.2727272727272725	1.056112086203131e-149	0.42929202	4.000156e-317
TNFRSF25	4.712121212121212	3.445049409216623e-91	0.0007824469	1.0
ZDHHC6	15.0	1.0	0.16712287	1.0
C5orf22	5.075757575757576	5.495762606430855e-51	0.23976077	1.009071311166049e-24
GADD45B	3.742424242424242	1.7943064372120767e-228	0.28430736	8.596001190470694e-73
CMPK1	15.0	1.0	0.046440423	1.0
TBPL1	5.954545454545454	0.16775844587044184	0.05434001	1.0
MICALCL	15.0	1.0	0.32537746	2.4173451372164695e-133
SEPT5	5.878787878787879	0.011370719431532743	0.20595875	6.0536264208503604e-05
LASP1	5.287878787878788	3.3122123718160204e-32	0.060012832	1.0
FBXO16	5.863636363636363	0.005653383481306722	0.08731979	1.0
VTI1B	7.4393939393939394	1.0	0.05210355	1.0
TBC1D10A	5.121212121212121	1.2068095274004981e-46	-0.061620004	1.0
IRF5	4.878787878787879	1.210302589787204e-71	-0.07008541	1.0
PAX8	4.0	1.6094176380028617e-189	0.46138537	0.0
MED25	4.484848484848484	2.2002490221096544e-120	0.369266	3.760869632503537e-208
SMTN	4.393939393939394	9.660381979554807e-133	0.2738429	1.4388391983902667e-59
BMP6	6.075757575757576	1.0	0.2681585	7.61369258662224e-53
PIGU	15.0	1.0	0.14217019	1.0
RAB17	4.803030303030303	2.5916093890928528e-80	0.11623717	1.0
PPOX	5.03030303030303	1.7150705756327545e-55	-0.031463362	1.0
ZNF410	5.257575757575758	1.1911514938980334e-34	0.09343508	1.0
C16orf45	7.9393939393939394	1.0	0.05778396	1.0
SNX5	4.348484848484849	4.8892849748765516e-139	0.45956615	0.0
DOC2B	6.484848484848484	1.0	0.051406443	1.0
EIF2S1	4.196969696969697	1.4895433699893624e-160	-0.0021898758	1.0
KRR1	5.242424242424242	6.647471978626986e-36	0.06802699	1.0
PNPLA2	4.742424242424242	1.6577844026969324e-87	-0.05964056	1.0
MOS	4.257575757575758	7.504677503470952e-152	0.11558357	1.0
ZNF148	3.6666666666666665	4.481469987237711e-240	0.3595275	5.69453295098976e-191
MSMO1	5.151515151515151	7.625974972303267e-44	0.16520888	1.0
ATG4B	6.787878787878788	1.0	-0.02757543	1.0
BMP3	7.681818181818182	1.0	0.45719856	0.0
KATNA1	4.893939393939394	5.918212061668534e-70	0.33467513	1.5569974809059696e-148
TOLLIP	6.954545454545454	1.0	0.035319574	1.0
PAFAH1B1	4.075757575757576	2.898466868756153e-178	0.37670344	2.0139518957228035e-221
HLA-DQA2	5.893939393939394	0.021657682436614336	0.047312744	1.0
SEMA6D	6.575757575757576	1.0	0.4781168	0.0
CDK19	5.924242424242424	0.06681571323853634	0.18711331	0.6687803133783801
GUCY2C	7.863636363636363	1.0	0.023996098	1.0
CTDSP2	4.0606060606060606	1.6578578839968477e-180	0.47047603	0.0
TRPC1	5.378787878787879	2.2421187423656065e-25	0.3627263	1.3839093812195758e-196
UBASH3B	4.151515151515151	3.849589723230579e-167	0.4644749	0.0
ZNF689	4.590909090909091	1.9637076384770094e-106	-0.07937702	1.0
TM2D1	5.545454545454546	6.0781751734860976e-15	0.14118302	1.0
CLIC4	4.196969696969697	1.4895433699893624e-160	0.2679281	1.4034459813543675e-52
PDE9A	6.878787878787879	1.0	-0.0041332734	1.0
CXXC5	3.909090909090909	3.667840828331614e-203	0.22614875	7.616466249021332e-15
TMEM70	6.863636363636363	1.0	0.04821168	1.0
JAM3	6.757575757575758	1.0	0.037768904	1.0
CNTFR	5.9393939393939394	0.10865242828933425	-0.0224264	1.0
TEAD3	4.803030303030303	2.5916093890928528e-80	-0.025770314	1.0
BRF2	4.484848484848484	2.2002490221096544e-120	0.08721623	1.0
TSKS	6.803030303030303	1.0	0.13453895	1.0
VPS35	6.4393939393939394	1.0	0.04853105	1.0
DCTD	5.5	1.6274518014202265e-17	0.3866959	2.0581796163202565e-239
LCN1	9.045454545454545	1.0	0.23511197	4.530066580146062e-21
PBX3	5.2727272727272725	2.0333752743474065e-33	0.015067089	1.0
PGLS	4.9393939393939394	5.535048770797336e-65	0.19669534	0.023708871751979808
ZNF821	5.46969696969697	2.4090497997966194e-19	0.38998786	2.2499786866014217e-245
RAB26	6.106060606060606	1.0	0.21143898	4.691559648307735e-07
FOXL2	4.333333333333333	3.721508830056371e-141	0.10679948	1.0
RALYL	5.03030303030303	1.7150705756327545e-55	0.41579726	1.9811887146526697e-292
WWOX	3.5303030303030303	4.289071394504821e-261	0.44040194	0.0
CENPBD1	6.348484848484849	1.0	0.14044175	1.0
TSKU	4.803030303030303	2.5916093890928528e-80	0.09294876	1.0
WDR25	4.7727272727272725	6.962344027357639e-84	0.500834	0.0
PPP1R1A	5.0606060606060606	1.797670388943156e-52	0.0872283	1.0
DNAJC2	6.181818181818182	1.0	0.12717795	1.0
ZFAND3	6.363636363636363	1.0	0.07265049	1.0
MX1	6.075757575757576	1.0	0.39599317	2.809909437216263e-256
ABRA	4.909090909090909	2.7919646467736866e-68	0.40953663	5.548022103765497e-281
RPP14	15.0	1.0	0.10740665	1.0
INSL3	15.0	1.0	0.09267108	1.0
GALNT10	15.0	1.0	0.13755481	1.0
FAM101A	5.045454545454546	5.659481355966012e-54	0.2900157	1.961760139527391e-80
USP4	4.2272727272727275	3.468440810002327e-156	0.45421213	0.0
SPRR2A	11.030303030303031	1.0	0.24521175	2.314159952634368e-29
PGK1	4.303030303030303	2.0612681446983352e-145	0.535079	0.0
FAM46D	5.984848484848484	0.3459152735646521	0.2810921	1.2860479298545107e-68
PRIM1	3.9696969696969697	4.645458642258488e-194	0.31931496	1.1030833128856517e-123
P2RY12	6.090909090909091	1.0	0.31124067	3.662818185198355e-111
EIF3F	5.878787878787879	0.011370719431532743	-0.012447539	1.0
STX6	7.621212121212121	1.0	0.0004391246	1.0
C11orf58	8.181818181818182	1.0	0.08618295	1.0
DKK3	5.409090909090909	2.812288621595938e-23	0.10944284	1.0
GPX7	5.409090909090909	2.812288621595938e-23	0.16906953	1.0
NAA15	15.0	1.0	0.20996137	1.9181733315659845e-06
CD40	4.46969696969697	2.040032193293724e-122	0.10808531	1.0
ARHGEF18	5.0606060606060606	1.797670388943156e-52	0.06620199	1.0
CHMP1B	8.424242424242424	1.0	0.29264814	4.728443737901804e-84
LAMB3	7.287878787878788	1.0	-0.215417	1.0
APBB1IP	4.818181818181818	1.5059610191706582e-78	0.44321194	0.0
LIMK1	4.181818181818182	9.63590226073286e-163	-0.2039839	1.0
NASP	15.0	1.0	0.1372881	1.0
PRAME	15.0	1.0	0.13057399	1.0
COQ9	5.696969696969697	6.547083669482187e-08	0.040389203	1.0
DHDDS	15.0	1.0	-0.018192247	1.0
TERF2IP	4.742424242424242	1.6577844026969324e-87	-0.0180588	1.0
BPY2B	6.0606060606060606	0.9815462904994844	0.1140473	1.0
BCL2L12	5.212121212121212	1.8119808505712916e-38	0.10084393	1.0
EEF2K	4.03030303030303	5.2929460164396896e-185	-0.18157393	1.0
ZDHHC3	4.757575757575758	1.090042831805119e-85	0.10003028	1.0
HMGN2	3.787878787878788	1.5217783380568327e-221	0.45818108	0.0
CLEC1B	5.666666666666667	3.999973542524087e-09	0.16405451	1.0
STOM	6.136363636363637	1.0	0.09986108	1.0
PTGDR	6.4393939393939394	1.0	0.22975674	3.2193303831208376e-17
ADAM11	6.666666666666667	1.0	0.10095417	1.0
IL2RA	4.318181818181818	2.7918664717826296e-143	0.522343	0.0
CTRB1	8.166666666666666	1.0	0.034713335	1.0
RPRD1B	6.0	0.46300423940933777	0.079244226	1.0
PTPLAD1	4.7727272727272725	6.962344027357639e-84	0.11592615	1.0
HSPA13	5.318181818181818	7.64416891530246e-30	-0.0198763	1.0
PRMT3	6.712121212121212	1.0	0.16284524	1.0
LGALS4	5.151515151515151	7.625974972303267e-44	0.07419411	1.0
CACNB1	4.909090909090909	2.7919646467736866e-68	0.3926667	3.113471114576299e-250
LMX1A	6.863636363636363	1.0	0.25808224	8.829401785923666e-42
ITFG2	4.96969696969697	9.498709933095162e-62	0.40248176	4.266973431375396e-268
FST	7.242424242424242	1.0	-0.0029880027	1.0
STX18	5.681818181818182	1.664947422503421e-08	0.0039436854	1.0
MPZ	15.0	1.0	0.010929446	1.0
CLP1	4.924242424242424	1.265707574008615e-66	-0.0053891153	1.0
VPS25	15.0	1.0	0.2716728	5.818300540548463e-57
PXMP4	10.166666666666666	1.0	0.082338125	1.0
P2RY2	4.2272727272727275	3.468440810002327e-156	0.4730258	0.0
GPSM1	6.803030303030303	1.0	0.5139284	0.0
HSPBAP1	5.121212121212121	1.2068095274004981e-46	0.3730966	5.681568684877163e-215
SLC39A1	6.363636363636363	1.0	-0.0003648985	1.0
RNASE6	6.7727272727272725	1.0	0.081183426	1.0
SOX1	4.196969696969697	1.4895433699893624e-160	0.10065058	1.0
IGF2	6.53030303030303	1.0	0.022940952	1.0
RPS13	4.7272727272727275	2.421712560332582e-89	0.40698895	2.522024378564527e-276
GZMA	4.363636363636363	6.189853655707169e-137	0.18822573	0.5195464013490451
GYPC	5.2727272727272725	2.0333752743474065e-33	0.3420521	7.021318810376379e-161
HOXD11	6.045454545454546	0.8578473876992072	0.25466102	2.763472407415765e-38
KBTBD7	6.0606060606060606	0.9815462904994844	0.13065502	1.0
RAP1GDS1	4.584615384615384	3.0617482135549106e-107	0.46198326	0.0
LRRC41	6.5606060606060606	1.0	0.16214247	1.0
AP1S1	5.757575757575758	8.96438933889546e-06	0.16222216	1.0
UBAC2	4.954545454545454	2.339787434928052e-63	0.055106465	1.0
CCNO	4.833333333333333	8.451693755487221e-77	0.12308349	1.0
TNFAIP8L1	5.424242424242424	2.923156208519247e-22	0.14328243	1.0
GRPR	15.0	1.0	-0.024499387	1.0
CHM	6.242424242424242	1.0	0.084584035	1.0
TYR	7.151515151515151	1.0	0.13298717	1.0
EIF1	7.090909090909091	1.0	0.2800057	3.146739240376213e-67
AUP1	5.954545454545454	0.16775844587044184	0.47724804	0.0
FAM46B	5.075757575757576	5.495762606430855e-51	0.037189115	1.0
RGS18	6.045454545454546	0.8578473876992072	0.38918814	6.323876356394652e-244
TWF2	5.757575757575758	8.96438933889546e-06	0.2127564	1.25954838769316e-07
SNX22	5.424242424242424	2.923156208519247e-22	0.14151733	1.0
DERL2	8.333333333333334	1.0	0.049298283	1.0
ITGA4	5.090909090909091	1.6019351837119586e-49	0.038096514	1.0
DUS2L	6.045454545454546	0.8578473876992072	0.22205724	2.265072739789683e-12
SDCCAG3	4.333333333333333	3.721508830056371e-141	0.40674162	7.12206263483801e-276
FBXO8	5.863636363636363	0.005653383481306722	0.07086894	1.0
DNAJA2	4.515151515151516	2.3986497037817864e-116	0.06403346	1.0
BAALC	5.4393939393939394	2.881456053844129e-21	0.21092187	7.744507488101891e-07
BEND5	5.03030303030303	1.7150705756327545e-55	0.31765342	4.48697402057636e-121
FANCB	9.727272727272727	1.0	0.20040563	0.0030296961215223843
GPX1	4.484848484848484	2.2002490221096544e-120	0.23953591	1.537564870738667e-24
CDKL2	5.015151515151516	4.965087209642441e-57	-0.0041381246	1.0
STXBP3	5.424242424242424	2.923156208519247e-22	0.6225519	0.0
COPG1	6.742424242424242	1.0	0.028765708	1.0
SPIN1	5.121212121212121	1.2068095274004981e-46	0.1527325	1.0
EDNRB	5.454545454545454	2.703891876666768e-20	0.32589966	3.482899182696821e-134
SOCS2	4.515151515151516	2.3986497037817864e-116	0.3013847	1.8153803157385558e-96
CSDA	3.9696969696969697	4.645458642258488e-194	0.5289994	0.0
HOXD12	5.257575757575758	1.1911514938980334e-34	0.08489032	1.0
NLRC4	5.363636363636363	1.847101461835938e-26	0.07845507	1.0
NADK	5.454545454545454	2.703891876666768e-20	-0.010076918	1.0
SDSL	6.0	0.46300423940933777	0.07708365	1.0
WDR83	5.621212121212121	3.982970927086116e-11	0.18550147	0.909850923656394
ATF6B	4.7727272727272725	6.962344027357639e-84	0.42607832	3.0218247439536e-311
DIXDC1	4.484848484848484	2.2002490221096544e-120	-0.14923322	1.0
OPTC	9.93939393939394	1.0	0.24058592	2.1222165730692855e-25
ACTR3B	6.0	0.46300423940933777	0.010316696	1.0
OSM	8.06060606060606	1.0	0.20757806	1.597493345669141e-05
NXT2	5.666666666666667	3.999973542524087e-09	0.17602485	1.0
ROPN1L	15.0	1.0	0.06147936	1.0
CNDP1	6.712121212121212	1.0	0.17189234	1.0
INHBB	5.984848484848484	0.3459152735646521	-0.10279717	1.0
TMEM33	6.242424242424242	1.0	0.20702988	2.5313587318576385e-05
ADRM1	4.893939393939394	5.918212061668534e-70	-0.10714562	1.0
CRYBB1	15.0	1.0	0.011877317	1.0
GTF3A	5.666666666666667	3.999973542524087e-09	0.020435153	1.0
RPP21	15.0	1.0	0.267126	1.1677360171124284e-51
B4GALT1	4.621212121212121	1.49917227250215e-102	0.00020413857	1.0
LOXL3	15.0	1.0	0.29285708	2.4275547052554907e-84
CCR7	10.151515151515152	1.0	-0.021618588	1.0
ARHGDIG	4.590909090909091	1.9637076384770094e-106	0.21346524	6.056673445368018e-08
SIGLEC12	4.742424242424242	1.6577844026969324e-87	0.43276256	0.0
DLX4	7.303030303030303	1.0	0.07836207	1.0
KAL1	8.242424242424242	1.0	0.09147621	1.0
XAGE2	6.333333333333333	1.0	0.106948696	1.0
URGCP	15.0	1.0	0.26144916	2.3661935402770584e-45
ERH	3.742424242424242	1.7943064372120767e-228	0.29708928	2.7468896509826594e-90
ITPKB	4.136363636363637	2.3580860918747585e-169	0.29028213	8.49233744821121e-81
MOB1A	6.181818181818182	1.0	0.10027264	1.0
EDARADD	5.96969696969697	0.24669780146475193	0.091713116	1.0
SLAMF7	5.5	1.6274518014202265e-17	0.3606084	7.273026613534325e-193
PLK1	4.166666666666667	6.137148820145575e-165	-0.25272778	1.0
OAZ1	15.0	1.0	0.013949852	1.0
CCDC127	5.106060606060606	4.4949480382805774e-48	0.13615172	1.0
SLC39A2	6.833333333333333	1.0	0.013513802	1.0
FAM76B	6.015151515151516	0.5905005552315811	0.11053281	1.0
BEND7	5.5	1.6274518014202265e-17	0.32451904	5.804654159010084e-132
SLC25A3	4.363636363636363	6.189853655707169e-137	0.15550995	1.0
CCDC50	4.803030303030303	2.5916093890928528e-80	0.3980216	5.7353689255667485e-260
NECAP1	4.545454545454546	2.3923140793058067e-112	0.17243329	1.0
HOMER2	5.121212121212121	1.2068095274004981e-46	0.088891946	1.0
SERPINF1	4.212121212121212	2.28090257442149e-158	0.039585073	1.0
CECR2	6.121212121212121	1.0	-0.05357479	1.0
PEX11A	10.166666666666666	1.0	0.072006874	1.0
HOXA11	4.2727272727272725	1.056112086203131e-149	0.14051594	1.0
SLC25A36	5.121212121212121	1.2068095274004981e-46	0.1263189	1.0
FAM127A	5.878787878787879	0.011370719431532743	0.13612247	1.0
RUFY3	5.257575757575758	1.1911514938980334e-34	0.39702624	3.7140674896041193e-258
HOXC4	4.333333333333333	3.721508830056371e-141	0.49195948	0.0
TRAF4	4.5606060606060606	2.3057357993651317e-110	0.40246364	4.602598190267314e-268
POR	15.0	1.0	0.16682133	1.0
TSACC	7.863636363636363	1.0	0.070521235	1.0
C4BPB	9.121212121212121	1.0	0.06271648	1.0
RNF14	3.8181818181818183	6.290434548230126e-217	0.55655515	0.0
LMX1B	5.045454545454546	5.659481355966012e-54	0.037100613	1.0
TXNL1	5.090909090909091	1.6019351837119586e-49	0.28460804	3.460799468218174e-73
CLDN4	6.0	0.46300423940933777	0.33453324	2.673352554802421e-148
PHLDA1	5.242424242424242	6.647471978626986e-36	-0.010577296	1.0
ZBTB44	4.484848484848484	2.2002490221096544e-120	0.45728606	0.0
SERPINA5	7.2727272727272725	1.0	-0.14331886	1.0
PCID2	5.712121212121212	2.43404951276035e-07	0.11670625	1.0
IL27	5.121212121212121	1.2068095274004981e-46	0.053327184	1.0
PTCD3	5.03030303030303	1.7150705756327545e-55	0.10819005	1.0
TKTL2	8.742424242424242	1.0	0.31153107	1.3211877297688034e-111
TOE1	9.212121212121213	1.0	0.11763271	1.0
PRRG2	5.166666666666667	1.799159943379442e-42	0.16079427	1.0
C6orf203	6.075757575757576	1.0	0.077109985	1.0
DEFB103A	15.0	1.0	0.06919001	1.0
MEIS3	5.545454545454546	6.0781751734860976e-15	0.20138824	0.0016346859034106838
IGF2BP2	5.484848484848484	2.035332163566379e-18	0.21108186	6.638000159937348e-07
ISOC2	7.878787878787879	1.0	0.07247443	1.0
CCNT2	4.2727272727272725	1.056112086203131e-149	0.40438727	1.4205412684347967e-271
C10orf88	5.0	1.3821620935970935e-58	-0.011400689	1.0
TTF1	4.303030303030303	2.0612681446983352e-145	0.4684391	0.0
TRIM63	7.106060606060606	1.0	0.1913258	0.21470745992708334
IFITM1	6.863636363636363	1.0	0.11489263	1.0
RPS3A	5.803030303030303	0.00019878369230689233	0.2020483	0.0010596966748839553
ILVBL	4.5	2.320495940381192e-118	0.40611777	9.811831899846997e-275
PDHX	6.666666666666667	1.0	0.15237847	1.0
SCP2	7.5	1.0	0.23067066	7.565466128284704e-18
AK5	15.0	1.0	0.07008411	1.0
SNX3	5.893939393939394	0.021657682436614336	0.2540595	1.100741644036728e-37
SLC12A6	15.0	1.0	0.37875816	4.16088367304289e-225
ZNF496	4.833333333333333	8.451693755487221e-77	0.39414123	6.520596933185189e-253
FEM1B	4.787878787878788	4.3222045956551894e-82	0.40696317	2.807100603687445e-276
HOOK1	6.5606060606060606	1.0	0.14137587	1.0
SUV39H2	5.954545454545454	0.16775844587044184	0.22548644	1.984539170152089e-14
PPRC1	7.0606060606060606	1.0	0.40694168	3.071459365115887e-276
SNAP25	5.863636363636363	0.005653383481306722	0.009359219	1.0
MYOCD	4.257575757575758	7.504677503470952e-152	0.18144864	1.0
TPP1	15.0	1.0	0.09634743	1.0
SPDL1	4.5606060606060606	2.3057357993651317e-110	0.55342215	0.0
ENOX1	4.46969696969697	2.040032193293724e-122	0.44858047	0.0
RASSF8	4.287878787878788	1.4852780113973228e-147	0.050071344	1.0
ZSCAN4	4.378787878787879	7.77867107031269e-135	0.063549	1.0
PTH2R	15.0	1.0	-0.08011291	1.0
OPCML	5.666666666666667	3.999973542524087e-09	0.20357469	0.0003681095689962781
ARRB2	4.984848484848484	3.703611499304987e-60	-0.06980543	1.0
CXXC1	4.393939393939394	9.660381979554807e-133	0.43367475	0.0
CEBPE	3.9393939393939394	1.3168145906029157e-198	0.10297539	1.0
ADAMTS1	8.590909090909092	1.0	0.19404998	0.07842145434122018
VPS36	15.0	1.0	-0.032537416	1.0
C16orf70	5.954545454545454	0.16775844587044184	0.18080689	1.0
LPP	6.045454545454546	0.8578473876992072	0.20842113	7.710262572264123e-06
BMP2K	4.7727272727272725	6.962344027357639e-84	0.512684	0.0
SLC35A2	5.242424242424242	6.647471978626986e-36	0.08063845	1.0
TMPRSS3	4.590909090909091	1.9637076384770094e-106	0.03520013	1.0
EMP3	15.0	1.0	0.0784242	1.0
FMR1	4.2272727272727275	3.468440810002327e-156	0.5949443	0.0
BBC3	4.681818181818182	6.333737555295499e-95	0.16648097	1.0
GJC1	6.015151515151516	0.5905005552315811	0.4173121	3.3438113962327326e-295
HDAC11	4.46969696969697	2.040032193293724e-122	0.3783257	2.484121986581168e-224
SCOC	5.4393939393939394	2.881456053844129e-21	0.10888185	1.0
CHRM1	5.621212121212121	3.982970927086116e-11	-0.027109643	1.0
BMP4	6.075757575757576	1.0	-0.083518386	1.0
MYCL1	4.863636363636363	2.3944386296676495e-73	0.44172716	0.0
NUFIP1	4.136363636363637	2.3580860918747585e-169	-0.043436147	1.0
PRPH	15.0	1.0	0.13503185	1.0
RECQL5	5.348484848484849	1.4467502508287116e-27	0.28923815	2.2402489101454078e-79
SYT17	5.303030303030303	5.157518393752423e-31	0.4297905	4.910054e-318
VPS4A	7.424242424242424	1.0	-0.08428417	1.0
RRAGC	15.0	1.0	-0.022459896	1.0
COL8A1	15.0	1.0	0.088670254	1.0
DTNB	6.863636363636363	1.0	0.118822135	1.0
SAMD8	4.5	2.320495940381192e-118	0.41456616	3.5314082669981517e-290
SGTB	5.393939393939394	2.5866430052266783e-24	0.06917699	1.0
DNASE1	4.742424242424242	1.6577844026969324e-87	0.18007702	1.0
RPL38	15.0	1.0	0.07920706	1.0
ZNF337	8.924242424242424	1.0	0.08229834	1.0
ANAPC2	4.803030303030303	2.5916093890928528e-80	0.055010643	1.0
CRCP	15.0	1.0	0.050866984	1.0
CYTH1	4.303030303030303	2.0612681446983352e-145	0.35351875	1.6640763618573594e-180
SP110	5.46969696969697	2.4090497997966194e-19	0.12785326	1.0
MC5R	15.0	1.0	0.14629106	1.0
LOR	11.030303030303031	1.0	0.04125422	1.0
EID1	4.075757575757576	2.898466868756153e-178	0.30838257	7.841365592509463e-107
NAPG	6.378787878787879	1.0	0.06198397	1.0
DDX24	6.0	0.46300423940933777	-0.0052056536	1.0
IL11	6.015151515151516	0.5905005552315811	0.08790342	1.0
GNPDA1	5.242424242424242	6.647471978626986e-36	0.3452739	2.4088091996428605e-166
HIST1H1B	5.378787878787879	2.2421187423656065e-25	0.079018764	1.0
UBXN11	5.787878787878788	7.476737059261286e-05	0.14587086	1.0
CDK5RAP3	4.0	1.6094176380028617e-189	0.4398496	0.0
KLF9	4.7272727272727275	2.421712560332582e-89	0.4382125	0.0
RPL3	5.712121212121212	2.43404951276035e-07	0.2616814	1.3287126497148043e-45
CACNB2	4.53030303030303	2.4274693143251508e-114	-0.119879104	1.0
PLEKHF1	7.515151515151516	1.0	0.03354477	1.0
FOXP4	15.0	1.0	0.159096	1.0
RAX	5.606060606060606	7.6746572533737e-12	0.03461083	1.0
RPL12	5.5606060606060606	3.933561957910748e-14	0.14440131	1.0
CASP4	4.333333333333333	3.721508830056371e-141	-0.011708213	1.0
RAB3C	6.545454545454546	1.0	0.1225022	1.0
PIDD	4.787878787878788	4.3222045956551894e-82	0.25589862	1.5592323437337844e-39
TRIT1	6.696969696969697	1.0	0.19111602	0.22972331599587198
PIGC	15.0	1.0	0.13869093	1.0
MICB	15.0	1.0	0.13877271	1.0
RHO	5.015151515151516	4.965087209642441e-57	0.36232623	7.000932484508398e-196
MMP26	7.5606060606060606	1.0	0.116717376	1.0
LTB4R	6.378787878787879	1.0	0.04241786	1.0
FGF12	5.090909090909091	1.6019351837119586e-49	0.12499262	1.0
MAGED2	5.121212121212121	1.2068095274004981e-46	0.39119324	1.4671055799128338e-247
VRK1	3.9545454545454546	2.497113161143616e-196	0.031533603	1.0
LYL1	5.045454545454546	5.659481355966012e-54	0.08875217	1.0
TWF1	5.257575757575758	1.1911514938980334e-34	0.06052731	1.0
RPL13A	6.045454545454546	0.8578473876992072	0.1113446	1.0
HOXC8	4.106060606060606	8.500160823487073e-174	0.4163226	2.163538777301497e-293
S100A4	5.515151515151516	1.237552061909311e-16	0.21813586	3.199710759970327e-10
TBC1D7	4.621212121212121	1.49917227250215e-102	0.10846447	1.0
ANKRA2	4.984848484848484	3.703611499304987e-60	0.4340556	0.0
TACR3	5.909090909090909	0.03906974193032677	0.29723766	1.6893970794269032e-90
MXD1	4.136363636363637	2.3580860918747585e-169	0.17125578	1.0
EDA	5.424242424242424	2.923156208519247e-22	0.2851439	6.8037956967605364e-74
KCTD5	7.045454545454546	1.0	0.05173469	1.0
FSHR	4.2727272727272725	1.056112086203131e-149	-0.1717298	1.0
FAM178B	8.242424242424242	1.0	0.10222728	1.0
HACE1	15.0	1.0	0.20098792	0.002110689082922664
ELP5	5.151515151515151	7.625974972303267e-44	0.3802756	7.809036878427479e-228
NOL12	5.287878787878788	3.3122123718160204e-32	0.1541997	1.0
B3GNTL1	7.303030303030303	1.0	0.19940495	0.005511459716922545
TCEB2	5.696969696969697	6.547083669482187e-08	0.06213692	1.0
ZC3H14	6.166666666666667	1.0	0.08110145	1.0
ZBTB24	5.4393939393939394	2.881456053844129e-21	0.12205913	1.0
BNIPL	4.378787878787879	7.77867107031269e-135	0.09833133	1.0
PDCD5	4.393939393939394	9.660381979554807e-133	0.2460444	4.188993405419e-30
RAD51B	5.863636363636363	0.005653383481306722	-0.017816897	1.0
RND2	6.787878787878788	1.0	0.043452155	1.0
IMPDH2	3.787878787878788	1.5217783380568327e-221	0.45473757	0.0
MYL2	5.803030303030303	0.00019878369230689233	0.35187006	1.1808068394055704e-177
PMM1	7.2727272727272725	1.0	0.20088372	0.002253278139895045
CAMK1D	4.833333333333333	8.451693755487221e-77	0.22997582	2.2823922970225595e-17
FCGR3B	7.878787878787879	1.0	0.023300651	1.0
FCN1	7.893939393939394	1.0	0.31998453	9.68753906358352e-125
FTH1	5.212121212121212	1.8119808505712916e-38	0.18418775	1.0
PRKAB2	15.0	1.0	0.035883553	1.0
SDC1	7.318181818181818	1.0	0.041112565	1.0
CD38	4.833333333333333	8.451693755487221e-77	0.4232996	3.670502743898403e-306
CHRNA1	15.0	1.0	0.27815676	6.843130924947662e-65
TAF1D	4.378787878787879	7.77867107031269e-135	0.4222056	3.691209416875598e-304
ITM2C	7.181818181818182	1.0	0.053783532	1.0
ATP5H	5.484848484848484	2.035332163566379e-18	0.080485284	1.0
CD46	6.090909090909091	1.0	0.060380075	1.0
GPR183	4.7272727272727275	2.421712560332582e-89	0.039415542	1.0
SAR1A	5.151515151515151	7.625974972303267e-44	0.21296065	1.0214801615933436e-07
PPP1R3B	4.515151515151516	2.3986497037817864e-116	0.14911966	1.0
SNX33	4.575757575757576	2.1596514624631015e-108	0.5621543	0.0
LIG4	7.893939393939394	1.0	0.05724835	1.0
C1R	8.757575757575758	1.0	-0.012491057	1.0
RGS1	5.666666666666667	3.999973542524087e-09	0.070054434	1.0
ANXA3	5.242424242424242	6.647471978626986e-36	0.41321117	1.05955130818209e-287
MLLT6	4.7272727272727275	2.421712560332582e-89	0.10236251	1.0
ALX1	4.166666666666667	6.137148820145575e-165	0.16830872	1.0
HN1	5.590909090909091	1.3974580680846262e-12	0.114591815	1.0
TMEM9B	7.0	1.0	0.09029586	1.0
NEIL2	4.2727272727272725	1.056112086203131e-149	0.22780079	6.549170776535261e-16
IQCG	6.212121212121212	1.0	0.22582005	1.2277204529894989e-14
HEBP2	6.106060606060606	1.0	0.07602668	1.0
RCOR2	6.7727272727272725	1.0	0.18072905	1.0
SH3GLB2	6.0606060606060606	0.9815462904994844	0.21910894	9.819511728711946e-11
PMCH	15.0	1.0	0.03902866	1.0
EIF1AX	5.090909090909091	1.6019351837119586e-49	0.2702309	2.950931051114907e-55
CSF1	5.106060606060606	4.4949480382805774e-48	-0.10157426	1.0
ARSF	4.818181818181818	1.5059610191706582e-78	0.33549896	6.688329632844981e-150
TMEM241	5.4393939393939394	2.881456053844129e-21	0.15153146	1.0
LST1	4.7727272727272725	6.962344027357639e-84	0.20560531	8.000583508635349e-05
MAPKAPK2	3.6666666666666665	4.481469987237711e-240	0.01900279	1.0
S1PR1	6.257575757575758	1.0	0.004001857	1.0
PKIG	5.2727272727272725	2.0333752743474065e-33	0.13591789	1.0
RNF114	15.0	1.0	0.18386875	1.0
ARHGAP18	5.954545454545454	0.16775844587044184	0.35455734	2.6307106152072043e-182
TNFRSF6B	6.666666666666667	1.0	0.0064806407	1.0
TRAPPC4	6.242424242424242	1.0	0.05758274	1.0
BARX2	4.696969696969697	4.730191825147677e-93	0.16097589	1.0
RPL6	4.9393939393939394	5.535048770797336e-65	0.12196824	1.0
GUCA1B	15.0	1.0	0.2724004	7.87837696070243e-58
PTH	15.0	1.0	0.0775216	1.0
KCNN2	5.045454545454546	5.659481355966012e-54	0.3556501	3.3282973328357455e-184
FAM32A	7.454545454545454	1.0	0.07042593	1.0
GYG1	4.924242424242424	1.265707574008615e-66	-0.00729637	1.0
FIBP	4.136363636363637	2.3580860918747585e-169	0.03399691	1.0
AGT	8.378787878787879	1.0	0.1139909	1.0
TRAM1	5.0	1.3821620935970935e-58	0.4345051	0.0
SOD3	11.136363636363637	1.0	0.04413636	1.0
LY96	5.696969696969697	6.547083669482187e-08	0.33883065	1.8469985564025879e-155
TFPT	7.090909090909091	1.0	0.045441102	1.0
HIST1H3A	5.575757575757576	2.407667682078258e-13	0.11425418	1.0
PAX3	4.590909090909091	1.9637076384770094e-106	0.43201527	4e-322
NUDCD3	4.409090909090909	1.1709431526636087e-130	0.11630583	1.0
NOA1	6.090909090909091	1.0	0.11614666	1.0
MMP7	7.575757575757576	1.0	0.06886387	1.0
FAM96A	7.242424242424242	1.0	0.07150718	1.0
C11orf54	5.757575757575758	8.96438933889546e-06	0.25333413	5.7434430767484835e-37
SNRPN	3.9242424242424243	6.899921184262694e-201	0.4879677	0.0
ATP1B2	7.075757575757576	1.0	0.032297023	1.0
WDR18	7.090909090909091	1.0	0.1701651	1.0
GPLD1	15.0	1.0	0.057003465	1.0
PDCD7	4.848484848484849	4.5854224261642e-75	-0.03676773	1.0
LRPAP1	5.893939393939394	0.021657682436614336	-0.012764726	1.0
UBAC1	4.606060606060606	1.737959073153401e-104	-0.016360305	1.0
UBE2H	6.5	1.0	0.21666048	1.8118224008723788e-09
ING4	3.8333333333333335	1.2495185782783626e-214	0.44240153	0.0
P2RY1	5.833333333333333	0.0011874730962516493	0.054895103	1.0
NPTX1	15.0	1.0	0.16588807	1.0
STX11	6.090909090909091	1.0	0.029688777	1.0
NPC2	15.0	1.0	0.052810583	1.0
UCHL3	5.363636363636363	1.847101461835938e-26	0.23693797	1.7984049221171854e-22
TBCB	4.636363636363637	1.2663970208888846e-100	0.37698683	6.252809902873136e-222
HEYL	3.772727272727273	7.597686340594044e-224	0.13041118	1.0
ARHGEF9	4.696969696969697	4.730191825147677e-93	0.023940932	1.0
AJAP1	4.196969696969697	1.4895433699893624e-160	0.07861947	1.0
PPP6C	4.5	2.320495940381192e-118	0.16794467	1.0
FFAR2	6.075757575757576	1.0	0.10809638	1.0
PSMC4	4.787878787878788	4.3222045956551894e-82	-0.044610634	1.0
PRDX1	4.9393939393939394	5.535048770797336e-65	0.30530265	3.1583175221085936e-102
MACROD1	5.333333333333333	1.077567019711722e-28	0.098005526	1.0
CHAF1B	6.121212121212121	1.0	0.42492867	3.83803188629574e-309
FAM124B	4.787878787878788	4.3222045956551894e-82	0.20962134	2.6253523022067017e-06
BPGM	5.03030303030303	1.7150705756327545e-55	0.11039182	1.0
RGS6	5.363636363636363	1.847101461835938e-26	0.2692321	4.3461056943466045e-54
PPP2R1B	4.03030303030303	5.2929460164396896e-185	-0.19021411	1.0
KRT1	5.818181818181818	0.0004998900831057169	0.10725228	1.0
COMMD4	7.924242424242424	1.0	0.05924512	1.0
AZGP1	6.045454545454546	0.8578473876992072	0.14001298	1.0
CYP1A1	15.0	1.0	0.13137032	1.0
MYPOP	4.7727272727272725	6.962344027357639e-84	0.031022007	1.0
CHRD	8.727272727272727	1.0	0.17935482	1.0
MKRN1	7.2272727272727275	1.0	0.2578304	1.6140998316520994e-41
YEATS4	4.590909090909091	1.9637076384770094e-106	0.36143565	2.5748208724356393e-194
FXYD7	6.03030303030303	0.7263459392288968	0.09318875	1.0
TMEM222	6.181818181818182	1.0	0.11841073	1.0
PHPT1	6.075757575757576	1.0	0.08649818	1.0
AP1AR	6.378787878787879	1.0	0.11169192	1.0
PSMB3	5.166666666666667	1.799159943379442e-42	0.07412683	1.0
DEDD2	4.4393939393939394	1.6126884793906135e-126	0.1369316	1.0
HPCAL1	5.121212121212121	1.2068095274004981e-46	0.35559073	4.218806458907446e-184
SHD	4.484848484848484	2.2002490221096544e-120	0.1469342	1.0
RAB32	5.863636363636363	0.005653383481306722	0.10804316	1.0
TFAM	15.0	1.0	0.042006124	1.0
WBP4	4.575757575757576	2.1596514624631015e-108	0.08569853	1.0
FA2H	5.409090909090909	2.812288621595938e-23	0.091195665	1.0
TSN	5.0606060606060606	1.797670388943156e-52	0.06708376	1.0
LAPTM4A	8.287878787878787	1.0	0.056293022	1.0
SCAMP5	9.5	1.0	0.048247375	1.0
SSX2	6.121212121212121	1.0	0.07283746	1.0
MEOX2	6.196969696969697	1.0	0.0006358745	1.0
HEXIM1	3.893939393939394	1.8846682085548561e-205	0.48093227	0.0
KRT20	5.196969696969697	8.770307777023999e-40	-0.11111183	1.0
EAF1	8.090909090909092	1.0	0.03122347	1.0
CFD	8.303030303030303	1.0	0.06091102	1.0
PBK	3.5454545454545454	9.230529732264593e-259	0.21265483	1.3960339081963172e-07
PSMB6	5.166666666666667	1.799159943379442e-42	0.09432909	1.0
ZNF417	5.106060606060606	4.4949480382805774e-48	0.45151812	0.0
DENR	4.924242424242424	1.265707574008615e-66	0.17478473	1.0
ASB9	6.818181818181818	1.0	0.039506547	1.0
TST	15.0	1.0	0.14808704	1.0
NAT9	4.848484848484849	4.5854224261642e-75	0.5086812	0.0
PARP11	15.0	1.0	0.18011867	1.0
MRPS18B	5.242424242424242	6.647471978626986e-36	0.3426971	5.69868906083669e-162
DBNDD2	5.651515151515151	9.112849250268435e-10	0.15386279	1.0
PSMD7	6.257575757575758	1.0	0.19824983	0.01056366626853477
ARVCF	4.515151515151516	2.3986497037817864e-116	0.21725099	9.135390811958521e-10
NDE1	3.696969696969697	1.9680734649659724e-235	0.4288748	2.31513065e-316
XRCC4	5.893939393939394	0.021657682436614336	0.014069838	1.0
THAP7	5.181818181818182	4.0646540127585765e-41	0.11391099	1.0
INCA1	4.757575757575758	1.090042831805119e-85	0.11811892	1.0
PECR	7.515151515151516	1.0	0.20059222	0.0027005951079267297
SH3BP5L	4.333333333333333	3.721508830056371e-141	0.44447032	0.0
GNRHR	7.075757575757576	1.0	-0.0031388162	1.0
ACTR10	4.848484848484849	4.5854224261642e-75	0.054537624	1.0
RIPK3	4.681818181818182	6.333737555295499e-95	-0.046398826	1.0
CNKSR1	4.257575757575758	7.504677503470952e-152	0.3173981	1.1255168577343496e-120
CCR4	8.151515151515152	1.0	-0.032451656	1.0
DOHH	6.606060606060606	1.0	0.013423279	1.0
PDE4A	4.393939393939394	9.660381979554807e-133	0.32072833	6.456286180579636e-126
C20orf195	5.166666666666667	1.799159943379442e-42	0.13473174	1.0
C6orf47	6.575757575757576	1.0	0.25502825	1.1827274637835304e-38
MAPRE3	4.924242424242424	1.265707574008615e-66	0.09845861	1.0
TSPY1	4.181818181818182	9.63590226073286e-163	0.14453748	1.0
EIF2B3	4.666666666666667	8.237161641457738e-97	-0.029125223	1.0
LAX1	4.53030303030303	2.4274693143251508e-114	0.5039955	0.0
TCEA1	5.090909090909091	1.6019351837119586e-49	0.053180844	1.0
STRADB	4.46969696969697	2.040032193293724e-122	0.45548424	0.0
EIF6	5.2272727272727275	3.567716469429752e-37	0.22837137	2.75542754567972e-16
SCNM1	5.454545454545454	2.703891876666768e-20	0.21667068	1.7911139676188923e-09
SP4	4.318181818181818	2.7918664717826296e-143	0.6058707	0.0
CCDC107	5.409090909090909	2.812288621595938e-23	0.17651546	1.0
RAB25	4.454545454545454	1.8308025417514746e-124	0.15842998	1.0
FAM100A	6.181818181818182	1.0	0.09154211	1.0
CD27	5.045454545454546	5.659481355966012e-54	0.34593797	1.7819386105243896e-167
CNR1	6.075757575757576	1.0	0.41362244	1.878733845461003e-288
CD79A	4.651515151515151	1.037003425140186e-98	0.20360489	0.0003602636175873629
CNBP	5.424242424242424	2.923156208519247e-22	0.097975425	1.0
RETN	5.9393939393939394	0.10865242828933425	0.09030586	1.0
PIGK	15.0	1.0	0.14200795	1.0
EBI3	5.121212121212121	1.2068095274004981e-46	0.05751524	1.0
HOMER1	4.7727272727272725	6.962344027357639e-84	-0.06352807	1.0
IGFBP1	7.484848484848484	1.0	0.09615967	1.0
ABCA4	15.0	1.0	0.37372	4.381145340806133e-216
ZNF167	9.242424242424242	1.0	0.028765328	1.0
SYT1	5.53030303030303	8.920550128250713e-16	0.24375615	4.370430883285603e-28
SCARF2	7.5	1.0	0.101961866	1.0
TIAL1	5.818181818181818	0.0004998900831057169	0.04913183	1.0
VPREB1	15.0	1.0	0.029040024	1.0
SASH3	4.136363636363637	2.3580860918747585e-169	0.16206452	1.0
EIF3I	5.7272727272727275	8.579595772540609e-07	0.13990207	1.0
LRRC23	5.5	1.6274518014202265e-17	0.045897204	1.0
ALDOC	5.075757575757576	5.495762606430855e-51	0.056155734	1.0
SLC2A4	5.5	1.6274518014202265e-17	0.0897234	1.0
CCR1	8.151515151515152	1.0	-0.09800122	1.0
DUSP12	4.878787878787879	1.210302589787204e-71	0.07553199	1.0
TERF1	4.681818181818182	6.333737555295499e-95	-0.072160065	1.0
MED29	6.454545454545454	1.0	0.10012845	1.0
FKBP4	4.196969696969697	1.4895433699893624e-160	-0.007353706	1.0
CTSK	7.742424242424242	1.0	0.2600623	7.256112322009578e-44
LOXL1	9.136363636363637	1.0	0.19277994	0.12890014421123008
STXBP2	5.424242424242424	2.923156208519247e-22	0.6210305	0.0
ACOT7	5.151515151515151	7.625974972303267e-44	0.39218998	2.2822505240398195e-249
NFX1	8.242424242424242	1.0	0.04678113	1.0
IP6K1	7.2272727272727275	1.0	0.2694316	2.544257269703196e-54
GABRA4	4.803030303030303	2.5916093890928528e-80	0.50141007	0.0
GIT2	3.9545454545454546	2.497113161143616e-196	0.5030086	0.0
PCSK1	15.0	1.0	0.07755739	1.0
FNTA	5.166666666666667	1.799159943379442e-42	-0.04362871	1.0
CXCL3	7.742424242424242	1.0	0.11917561	1.0
EDA2R	4.454545454545454	1.8308025417514746e-124	0.14068748	1.0
PRDX3	5.515151515151516	1.237552061909311e-16	0.12254269	1.0
EREG	4.424242424242424	1.3907764601371584e-128	0.1633215	1.0
RPL31	5.242424242424242	6.647471978626986e-36	0.32947332	5.567254514809464e-140
GCA	5.0	1.3821620935970935e-58	0.3695082	1.3963648501562293e-208
RP2	6.015151515151516	0.5905005552315811	0.008583624	1.0
VTCN1	5.742424242424242	2.8558071390704282e-06	0.026122332	1.0
SLPI	7.863636363636363	1.0	0.102689266	1.0
HTRA2	4.621212121212121	1.49917227250215e-102	-0.13634638	1.0
MMP1	8.530303030303031	1.0	-0.029790074	1.0
CD3D	5.5	1.6274518014202265e-17	0.066722445	1.0
FBP1	5.4393939393939394	2.881456053844129e-21	0.39971915	4.644303647810099e-263
MEF2B	5.106060606060606	4.4949480382805774e-48	0.087320216	1.0
IFIT2	15.0	1.0	0.30058563	2.6236126331918116e-95
AP2M1	4.575757575757576	2.1596514624631015e-108	-0.12990454	1.0
HOXB13	6.045454545454546	0.8578473876992072	0.25308183	1.0173425548499726e-36
MIF	5.151515151515151	7.625974972303267e-44	0.10383982	1.0
RNF5	5.575757575757576	2.407667682078258e-13	0.09964786	1.0
IFT57	5.0	1.3821620935970935e-58	0.2636593	9.140898652136437e-48
DLX3	4.4393939393939394	1.6126884793906135e-126	0.41201714	1.6183454608486679e-285
STRN	4.196969696969697	1.4895433699893624e-160	0.3813318	9.81305152197781e-230
FAM131A	6.181818181818182	1.0	0.047223877	1.0
THAP11	4.5606060606060606	2.3057357993651317e-110	0.18527818	0.9449454646526035
CYTH2	4.333333333333333	3.721508830056371e-141	0.4379119	0.0
DRG1	5.090909090909091	1.6019351837119586e-49	-0.0035138906	1.0
RNASEL	15.0	1.0	0.24394639	2.9886016362657084e-28
EXOC3	5.0606060606060606	1.797670388943156e-52	-0.17538126	1.0
RPE65	7.166666666666667	1.0	0.12071213	1.0
ATP1B1	6.954545454545454	1.0	-0.00012324705	1.0
TMEM66	5.2727272727272725	2.0333752743474065e-33	0.15601934	1.0
NEUROG2	5.621212121212121	3.982970927086116e-11	0.16516955	1.0
PPP1R11	4.515151515151516	2.3986497037817864e-116	0.1887176	0.45977097194763866
KDM5D	6.242424242424242	1.0	0.20929985	3.5184958728582702e-06
CCL18	3.909090909090909	3.667840828331614e-203	0.29971716	4.7260059891113136e-94
CNN1	4.348484848484849	4.8892849748765516e-139	0.21841496	2.2867721981565084e-10
CRYBA4	15.0	1.0	0.04538901	1.0
RAB3IP	6.393939393939394	1.0	-0.057648025	1.0
GPD1	5.121212121212121	1.2068095274004981e-46	0.043843515	1.0
CRADD	4.333333333333333	3.721508830056371e-141	0.23210305	7.3817366238537595e-19
DPCD	5.045454545454546	5.659481355966012e-54	0.08311755	1.0
IL21	5.303030303030303	5.157518393752423e-31	0.25056106	2.798408634781639e-34
DAPK3	3.878787878787879	9.67482637323781e-208	0.47320044	0.0
RCHY1	5.242424242424242	6.647471978626986e-36	0.10107151	1.0
VDAC2	5.53030303030303	8.920550128250713e-16	0.03496215	1.0
MYO9B	6.757575757575758	1.0	0.106506154	1.0
FKBP5	4.136363636363637	2.3580860918747585e-169	-0.00969354	1.0
TRH	5.984848484848484	0.3459152735646521	0.0416276	1.0
ZSCAN16	7.2272727272727275	1.0	0.00619186	1.0
NFKBIB	4.0606060606060606	1.6578578839968477e-180	0.2800231	2.991064115674867e-67
GABRG1	7.621212121212121	1.0	0.1507764	1.0
PSME2	5.363636363636363	1.847101461835938e-26	0.06162658	1.0
MTHFS	6.015151515151516	0.5905005552315811	0.12651378	1.0
APOBEC1	15.0	1.0	0.019678537	1.0
AMPD1	5.545454545454546	6.0781751734860976e-15	0.2615712	1.7474794525354982e-45
SP100	4.166666666666667	6.137148820145575e-165	0.42646384	5.964892984635e-312
TMEM139	4.803030303030303	2.5916093890928528e-80	0.17280059	1.0
ZC2HC1C	5.378787878787879	2.2421187423656065e-25	0.21500717	1.1612226180760802e-08
POFUT1	5.151515151515151	7.625974972303267e-44	0.05606116	1.0
STAG1	4.7272727272727275	2.421712560332582e-89	0.5122962	0.0
BSG	5.2272727272727275	3.567716469429752e-37	0.03764453	1.0
F10	7.7272727272727275	1.0	-0.14569542	1.0
CHCHD3	5.424242424242424	2.923156208519247e-22	0.23215964	6.725626849445775e-19
LSM12	6.363636363636363	1.0	0.21184051	3.16181162831487e-07
PRDX4	4.893939393939394	5.918212061668534e-70	0.12442995	1.0
COPS3	3.9242424242424243	6.899921184262694e-201	-0.08292553	1.0
TACR1	5.909090909090909	0.03906974193032677	0.18810879	0.5343720581464594
COMP	7.075757575757576	1.0	-0.18619445	1.0
EPHX2	5.787878787878788	7.476737059261286e-05	0.19116135	0.22645532385400668
NOLC1	3.9393939393939394	1.3168145906029157e-198	-0.13334656	1.0
RAB30	4.545454545454546	2.3923140793058067e-112	0.22574694	1.3645746841173025e-14
PSMD13	5.0	1.3821620935970935e-58	0.089042254	1.0
CCDC134	5.409090909090909	2.812288621595938e-23	0.18900964	0.42665695440865126
FAF2	4.863636363636363	2.3944386296676495e-73	0.004421771	1.0
KCNIP2	7.075757575757576	1.0	0.019598713	1.0
LMO3	4.9393939393939394	5.535048770797336e-65	0.16860954	1.0
TAF2	4.893939393939394	5.918212061668534e-70	-0.026503071	1.0
BATF2	5.045454545454546	5.659481355966012e-54	0.17373382	1.0
C9orf89	5.257575757575758	1.1911514938980334e-34	0.25944793	3.2509862155367383e-43
PDCD10	5.2727272727272725	2.0333752743474065e-33	0.08411923	1.0
RAET1E	15.0	1.0	0.04889994	1.0
CHORDC1	4.545454545454546	2.3923140793058067e-112	0.06285967	1.0
DHX29	15.0	1.0	0.20087296	0.00226753773784787
PLA2G15	5.287878787878788	3.3122123718160204e-32	0.24157193	3.200563355587436e-26
CNR2	6.742424242424242	1.0	0.2277065	7.550572506515374e-16
NDUFS6	6.257575757575758	1.0	0.18074033	1.0
ARMC7	5.96969696969697	0.24669780146475193	0.083095714	1.0
CCL3L3	7.212121212121212	1.0	0.12688836	1.0
DDAH2	5.757575757575758	8.96438933889546e-06	0.07668476	1.0
CBR3	6.090909090909091	1.0	0.05483663	1.0
ELF5	5.121212121212121	1.2068095274004981e-46	0.118461795	1.0
TIMM8A	5.681818181818182	1.664947422503421e-08	0.06121772	1.0
FUBP1	4.348484848484849	4.8892849748765516e-139	0.4592762	0.0
GATA6	4.2727272727272725	1.056112086203131e-149	-0.11025038	1.0
LTF	10.045454545454545	1.0	0.19931093	0.0058192255932567405
MARCKS	4.318181818181818	2.7918664717826296e-143	0.45650607	0.0
AURKC	5.0606060606060606	1.797670388943156e-52	0.055081055	1.0
PTGS1	7.075757575757576	1.0	0.19037482	0.2896278796980338
BAAT	15.0	1.0	0.13867292	1.0
ATG5	8.909090909090908	1.0	0.022598036	1.0
NPLOC4	7.257575757575758	1.0	0.123376675	1.0
NDUFAF1	6.015151515151516	0.5905005552315811	0.2693534	3.1385945305746484e-54
NREP	5.4393939393939394	2.881456053844129e-21	0.2766259	5.553941515931789e-63
CDC42EP3	4.757575757575758	1.090042831805119e-85	0.12993671	1.0
APOBEC3C	6.984848484848484	1.0	0.103202306	1.0
APLF	6.893939393939394	1.0	0.13713865	1.0
CD99	5.333333333333333	1.077567019711722e-28	0.19535308	0.044683511854153604
FDFT1	6.045454545454546	0.8578473876992072	-0.046500254	1.0
RBMX	4.53030303030303	2.4274693143251508e-114	0.3720496	4.190122504739709e-213
SH3BGR	6.075757575757576	1.0	0.24495625	3.8924075188336325e-29
CXCR3	9.833333333333334	1.0	-0.036034167	1.0
MFRP	7.5	1.0	0.116576545	1.0
NPY1R	15.0	1.0	0.1401219	1.0
VIP	5.787878787878788	7.476737059261286e-05	0.06800706	1.0
BMP15	4.893939393939394	5.918212061668534e-70	0.06567845	1.0
RRAS2	4.212121212121212	2.28090257442149e-158	0.10815345	1.0
URI1	4.7727272727272725	6.962344027357639e-84	-0.054403126	1.0
ANXA1	4.151515151515151	3.849589723230579e-167	0.014164952	1.0
ATF5	5.03030303030303	1.7150705756327545e-55	0.39580786	6.091262889201593e-256
CLDN12	6.7727272727272725	1.0	0.24806665	6.091327717024766e-32
TRIM59	3.984848484848485	8.694410217617934e-192	0.45719546	0.0
KLRC2	15.0	1.0	0.24551834	1.2372926739373573e-29
LCMT1	5.166666666666667	1.799159943379442e-42	0.36825418	2.3548797200161344e-206
COPZ2	7.196969696969697	1.0	0.0910065	1.0
GRASP	5.0606060606060606	1.797670388943156e-52	0.0014375342	1.0
VDAC1	4.893939393939394	5.918212061668534e-70	0.0051086047	1.0
TCF21	5.045454545454546	5.659481355966012e-54	0.32756227	7.139008186740015e-137
RPS7	5.575757575757576	2.407667682078258e-13	0.19638237	0.027634001293640572
HCFC1R1	5.212121212121212	1.8119808505712916e-38	0.15873614	1.0
SRSF6	5.151515151515151	7.625974972303267e-44	0.037304666	1.0
CDK17	4.0606060606060606	1.6578578839968477e-180	0.4738589	0.0
CHMP3	5.409090909090909	2.812288621595938e-23	0.104260944	1.0
RALB	4.757575757575758	1.090042831805119e-85	0.43543527	0.0
HEATR2	4.378787878787879	7.77867107031269e-135	0.30678967	1.924136547721722e-104
STX16	8.621212121212121	1.0	0.15139197	1.0
HOXC9	5.909090909090909	0.03906974193032677	0.04416433	1.0
TSEN15	6.636363636363637	1.0	0.051558834	1.0
KCNN4	15.0	1.0	0.16420574	1.0
NHEJ1	6.893939393939394	1.0	0.21128127	5.468948765510493e-07
PLA2G16	5.0	1.3821620935970935e-58	0.3748025	5.105943394435002e-218
LY6H	5.409090909090909	2.812288621595938e-23	0.17526248	1.0
RAX2	7.303030303030303	1.0	0.055910468	1.0
ZNF707	5.4393939393939394	2.881456053844129e-21	0.088565834	1.0
LAMP2	15.0	1.0	0.14897364	1.0
SAMM50	7.196969696969697	1.0	0.14671813	1.0
NPR1	6.333333333333333	1.0	0.21232416	1.9499396891731563e-07
KCNK18	4.484848484848484	2.2002490221096544e-120	0.4259462	5.264761612033e-311
FBLIM1	5.015151515151516	4.965087209642441e-57	0.060901713	1.0
OPRK1	5.893939393939394	0.021657682436614336	0.037498556	1.0
CA8	5.575757575757576	2.407667682078258e-13	0.15906349	1.0
CCR2	8.181818181818182	1.0	-0.07325986	1.0
ZNF691	5.090909090909091	1.6019351837119586e-49	0.14063689	1.0
PPP1R12B	5.606060606060606	7.6746572533737e-12	0.109633856	1.0
EIF4EBP3	5.393939393939394	2.5866430052266783e-24	0.11049492	1.0
UBE2D1	5.0606060606060606	1.797670388943156e-52	0.34509683	4.822663893979218e-166
GFRA1	4.924242424242424	1.265707574008615e-66	-0.06157152	1.0
NOL3	4.454545454545454	1.8308025417514746e-124	0.20220295	0.0009553619735214031
RASL11B	5.242424242424242	6.647471978626986e-36	0.16145067	1.0
CDK2AP1	4.606060606060606	1.737959073153401e-104	0.21310255	8.825402545519724e-08
GOLM1	5.363636363636363	1.847101461835938e-26	-0.08203339	1.0
IFNGR2	4.742424242424242	1.6577844026969324e-87	0.049048096	1.0
GYG2	4.924242424242424	1.265707574008615e-66	0.07607355	1.0
KATNBL1	4.909090909090909	2.7919646467736866e-68	0.11386383	1.0
RANGAP1	4.2727272727272725	1.056112086203131e-149	0.46902072	0.0
RNF146	4.363636363636363	6.189853655707169e-137	0.1203558	1.0
NRSN2	6.333333333333333	1.0	0.123762235	1.0
MTERFD2	5.151515151515151	7.625974972303267e-44	0.39218998	2.2822505240398195e-249
PFDN2	5.242424242424242	6.647471978626986e-36	0.07242282	1.0
STT3A	6.181818181818182	1.0	0.116748884	1.0
SMUG1	5.2727272727272725	2.0333752743474065e-33	0.3424434	1.5309596981005333e-161
HSPB8	3.8484848484848486	2.5389712526985893e-212	0.24017015	4.667555916372523e-25
PRIMA1	15.0	1.0	0.08231843	1.0
HIST1H3G	15.0	1.0	0.057885543	1.0
IL6	4.848484848484849	4.5854224261642e-75	0.14999083	1.0
KANSL3	4.833333333333333	8.451693755487221e-77	0.20533992	9.845464351131733e-05
FHL5	4.0606060606060606	1.6578578839968477e-180	0.51658547	0.0
NUDC	5.0	1.3821620935970935e-58	0.11585444	1.0
EMX2	5.393939393939394	2.5866430052266783e-24	0.07328214	1.0
SMPD1	5.484848484848484	2.035332163566379e-18	0.22572437	1.4095304048805434e-14
TAB2	4.257575757575758	7.504677503470952e-152	0.38237506	1.298483575101243e-231
SOX18	4.454545454545454	1.8308025417514746e-124	0.09405074	1.0
APOM	4.954545454545454	2.339787434928052e-63	0.12279064	1.0
FAM156A	6.015151515151516	0.5905005552315811	0.111404516	1.0
RLBP1	6.090909090909091	1.0	0.23257625	3.375152474421517e-19
RWDD2B	4.651515151515151	1.037003425140186e-98	0.08128102	1.0
F2RL2	6.893939393939394	1.0	0.16980857	1.0
GNG11	6.196969696969697	1.0	0.2761203	2.347012253109919e-62
GNG7	6.954545454545454	1.0	0.10388082	1.0
REG1A	15.0	1.0	0.041053668	1.0
SERPINB3	7.96969696969697	1.0	-0.026550245	1.0
SFTPD	10.651515151515152	1.0	0.14859477	1.0
HNRNPA0	5.4393939393939394	2.881456053844129e-21	0.050666805	1.0
INHBC	6.287878787878788	1.0	0.021652872	1.0
STAR	4.757575757575758	1.090042831805119e-85	0.31534773	1.75686982911882e-117
FOXA1	4.045454545454546	9.413247275261345e-183	0.018894525	1.0
RPP25	15.0	1.0	0.095672406	1.0
PAM	5.666666666666667	3.999973542524087e-09	0.041906077	1.0
UCHL5	4.924242424242424	1.265707574008615e-66	0.0035814364	1.0
HOXA1	5.212121212121212	1.8119808505712916e-38	0.24843831	2.764008992972273e-32
ANXA13	4.818181818181818	1.5059610191706582e-78	0.1236831	1.0
IGSF5	5.0606060606060606	1.797670388943156e-52	0.058200814	1.0
MED27	6.454545454545454	1.0	0.30570334	8.018760617958449e-103
RAD23B	4.651515151515151	1.037003425140186e-98	-0.08707834	1.0
KIF17	5.0606060606060606	1.797670388943156e-52	0.30859837	3.7099751193627626e-107
APOBEC2	15.0	1.0	0.03892198	1.0
RUVBL2	4.045454545454546	9.413247275261345e-183	0.4670661	0.0
CTSC	6.045454545454546	0.8578473876992072	0.13158964	1.0
RWDD4	6.5	1.0	0.069267236	1.0
CAT	4.757575757575758	1.090042831805119e-85	0.4461084	0.0
STAP1	4.712121212121212	3.445049409216623e-91	0.434628	0.0
RPL14	6.242424242424242	1.0	0.07774532	1.0
CACNG2	5.151515151515151	7.625974972303267e-44	0.15282351	1.0
DCTN5	5.666666666666667	3.999973542524087e-09	0.18364778	1.0
ALOX5AP	5.96969696969697	0.24669780146475193	0.050792772	1.0
RSL24D1	6.075757575757576	1.0	0.102378085	1.0
MOG	5.666666666666667	3.999973542524087e-09	0.06503155	1.0
C1QL3	6.2272727272727275	1.0	0.043649856	1.0
PCBP1	4.757575757575758	1.090042831805119e-85	0.26554382	7.252264535744701e-50
OSCAR	6.015151515151516	0.5905005552315811	0.19547226	0.04233529955662991
GKAP1	4.7272727272727275	2.421712560332582e-89	0.07905682	1.0
CCR8	8.212121212121213	1.0	-0.03186428	1.0
CHMP7	4.848484848484849	4.5854224261642e-75	0.32722273	2.532005752037013e-136
YRDC	5.378787878787879	2.2421187423656065e-25	0.033576794	1.0
CHMP2B	6.090909090909091	1.0	0.130379	1.0
NAA16	15.0	1.0	0.049441416	1.0
BPIFA1	5.409090909090909	2.812288621595938e-23	0.17651546	1.0
FBXO44	5.863636363636363	0.005653383481306722	0.107994094	1.0
ATXN3	5.318181818181818	7.64416891530246e-30	0.16704352	1.0
TOMM7	15.0	1.0	0.04870067	1.0
HPCAL4	5.090909090909091	1.6019351837119586e-49	0.11579459	1.0
ECHS1	6.075757575757576	1.0	0.32294297	1.9339327908496513e-129
PITHD1	5.090909090909091	1.6019351837119586e-49	0.21573423	5.186479976284054e-09
ICAM2	5.106060606060606	4.4949480382805774e-48	0.117014505	1.0
GPN1	5.136363636363637	3.116249927713834e-45	0.13115528	1.0
NOXA1	4.409090909090909	1.1709431526636087e-130	-0.013753743	1.0
C1RL	15.0	1.0	0.21491578	1.2830769948272843e-08
PPIF	4.878787878787879	1.210302589787204e-71	0.11013975	1.0
RTDR1	4.090909090909091	4.996803001880512e-176	0.13742049	1.0
AVPR1A	6.484848484848484	1.0	0.21932401	7.531476447766394e-11
DEGS1	4.4393939393939394	1.6126884793906135e-126	0.20073837	0.002466435191441528
KAT7	4.184615384615385	2.4636635247262615e-162	0.5253518	0.0
GH1	5.4393939393939394	2.881456053844129e-21	0.09641037	1.0
LRRC59	5.287878787878788	3.3122123718160204e-32	0.30870634	2.5531641019548152e-107
SNRPA1	6.106060606060606	1.0	0.10471492	1.0
NRL	6.424242424242424	1.0	0.053054724	1.0
MAP1LC3B	6.878787878787879	1.0	0.0757147	1.0
CRLS1	5.606060606060606	7.6746572533737e-12	0.13843887	1.0
CXorf40A	15.0	1.0	0.026310792	1.0
CARD18	6.121212121212121	1.0	0.09291613	1.0
PRMT6	4.833333333333333	8.451693755487221e-77	0.27463126	1.5812939044517917e-60
KCNIP3	4.03030303030303	5.2929460164396896e-185	0.19138922	0.21042158954774084
ARL6IP6	15.0	1.0	0.034768604	1.0
JPH3	4.090909090909091	4.996803001880512e-176	0.3944323	1.9308189161864324e-253
IL32	8.757575757575758	1.0	0.06805007	1.0
POU5F1	3.9242424242424243	6.899921184262694e-201	0.2270569	1.9976630877352368e-15
SSR4	6.348484848484849	1.0	0.19871852	0.008154528121871663
SIRT3	8.151515151515152	1.0	0.076973446	1.0
RUFY2	4.878787878787879	1.210302589787204e-71	0.38932613	3.56072784626689e-244
NDUFS7	5.984848484848484	0.3459152735646521	0.07849209	1.0
FGFR2	6.196969696969697	1.0	0.2907586	1.894864482917779e-81
ZNF238	5.075757575757576	5.495762606430855e-51	0.44087023	0.0
GREM2	7.045454545454546	1.0	0.12208329	1.0
USH1G	10.121212121212121	1.0	0.15192743	1.0
IFI6	5.454545454545454	2.703891876666768e-20	0.07931707	1.0
CD47	5.196969696969697	8.770307777023999e-40	0.053158585	1.0
CS	15.0	1.0	0.23719989	1.1228767194505898e-22
ANTXR2	8.075757575757576	1.0	-0.041853547	1.0
SRP19	5.545454545454546	6.0781751734860976e-15	0.18322393	1.0
CEND1	5.409090909090909	2.812288621595938e-23	0.21255903	1.53852658177399e-07
SIRPB1	15.0	1.0	0.15315844	1.0
SRSF9	4.5	2.320495940381192e-118	0.3919385	6.5260371345372e-249
FAM96B	7.242424242424242	1.0	0.058157727	1.0
RAPGEF4	5.015151515151516	4.965087209642441e-57	0.28984988	3.3012566454771382e-80
TSSK6	4.242424242424242	5.153875612728923e-154	0.42610165	2.7400089719123e-311
WIPF2	4.787878787878788	4.3222045956551894e-82	0.5578215	0.0
PPP2R1A	4.2727272727272725	1.056112086203131e-149	0.14516668	1.0
CALU	7.878787878787879	1.0	0.13852061	1.0
NME7	5.393939393939394	2.5866430052266783e-24	0.013837165	1.0
C5orf25	4.818181818181818	1.5059610191706582e-78	0.35030448	5.893497884736688e-175
RBM12	5.803030303030303	0.00019878369230689233	0.20435207	0.0002085873811647677
SLC3A2	15.0	1.0	0.2068913	2.838939044727667e-05
PSMB2	5.166666666666667	1.799159943379442e-42	0.15927625	1.0
LDB1	5.863636363636363	0.005653383481306722	-0.088972256	1.0
PLA2G2A	6.848484848484849	1.0	0.19079006	0.25484020033693794
CD1E	7.606060606060606	1.0	0.20782113	1.2982711406929216e-05
PELI3	4.636363636363637	1.2663970208888846e-100	0.10829448	1.0
CNP	4.363636363636363	6.189853655707169e-137	0.418756	7.6265658364870755e-298
SARNP	7.121212121212121	1.0	0.07151287	1.0
MGST3	8.727272727272727	1.0	0.114416085	1.0
MS4A7	7.393939393939394	1.0	0.14651091	1.0
H2AFX	4.136363636363637	2.3580860918747585e-169	0.30299193	8.128465946115773e-99
LAD1	5.318181818181818	7.64416891530246e-30	0.4558909	0.0
XRCC2	7.863636363636363	1.0	0.038354274	1.0
TSEN34	7.636363636363637	1.0	0.0072315363	1.0
SIM2	4.5	2.320495940381192e-118	0.38928953	4.144926214708437e-244
FBXO25	5.196969696969697	8.770307777023999e-40	0.14230618	1.0
C11orf68	4.924242424242424	1.265707574008615e-66	0.02886381	1.0
RPAP3	4.5	2.320495940381192e-118	-0.01662354	1.0
RBM4	4.590909090909091	1.9637076384770094e-106	0.19728447	0.017617354423335306
NRD1	15.0	1.0	0.17773136	1.0
TBX19	4.9393939393939394	5.535048770797336e-65	0.3480674	4.0841700255254923e-171
NSFL1C	6.454545454545454	1.0	-0.036006708	1.0
PSMD8	3.9393939393939394	1.3168145906029157e-198	0.12211927	1.0
CXCL6	7.742424242424242	1.0	0.117088445	1.0
S100A2	5.53030303030303	8.920550128250713e-16	0.09993277	1.0
ETV6	4.348484848484849	4.8892849748765516e-139	0.47720733	0.0
LILRB4	4.7272727272727275	2.421712560332582e-89	0.5530863	0.0
PI3	9.030303030303031	1.0	0.10330439	1.0
ERO1L	8.712121212121213	1.0	0.15244241	1.0
TRIM31	5.045454545454546	5.659481355966012e-54	0.0023297356	1.0
BCL10	4.257575757575758	7.504677503470952e-152	0.35114667	2.0886449843228498e-176
POLR2L	5.090909090909091	1.6019351837119586e-49	0.21189237	3.004295922672698e-07
COPZ1	7.742424242424242	1.0	0.08827822	1.0
COL5A2	5.863636363636363	0.005653383481306722	0.6296187	0.0
HMG20B	4.575757575757576	2.1596514624631015e-108	0.12298415	1.0
OVGP1	15.0	1.0	0.27625823	1.585051731356589e-62
VTN	5.4393939393939394	2.881456053844129e-21	0.42914426	7.451096e-317
RPL23A	5.575757575757576	2.407667682078258e-13	0.20990995	2.0117797061263462e-06
MIA	7.075757575757576	1.0	0.20715615	2.279682825636206e-05
FRA10AC1	7.090909090909091	1.0	0.0039433106	1.0
PTPRB	5.106060606060606	4.4949480382805774e-48	0.052854422	1.0
BET1L	6.363636363636363	1.0	0.11618489	1.0
SLC9A7	8.5	1.0	0.062298045	1.0
EPCAM	15.0	1.0	-0.005254781	1.0
RAD51AP2	4.803030303030303	2.5916093890928528e-80	0.6145995	0.0
SCRIB	7.045454545454546	1.0	0.45172277	0.0
OSTM1	6.909090909090909	1.0	-0.019549157	1.0
DPT	7.893939393939394	1.0	0.25347593	4.167263084897237e-37
TLL1	9.727272727272727	1.0	0.1554223	1.0
GIPC3	6.863636363636363	1.0	0.15703368	1.0
PPM1F	4.242424242424242	5.153875612728923e-154	-0.037958015	1.0
NTF3	4.7727272727272725	6.962344027357639e-84	0.11818582	1.0
SNRPC	4.696969696969697	4.730191825147677e-93	0.23033024	1.3008581994792772e-17
IL1RN	6.621212121212121	1.0	0.101578265	1.0
MXI1	4.181818181818182	9.63590226073286e-163	0.21887194	1.313184927874334e-10
KCTD13	5.515151515151516	1.237552061909311e-16	0.07227427	1.0
TNFSF15	5.712121212121212	2.43404951276035e-07	0.20445924	0.00019265416810680284
CXCR5	11.06060606060606	1.0	0.015369675	1.0
SOSTDC1	7.0	1.0	0.110409126	1.0
H2AFY	4.166666666666667	6.137148820145575e-165	0.07711729	1.0
UMPS	5.757575757575758	8.96438933889546e-06	0.15506482	1.0
DFFA	4.318181818181818	2.7918664717826296e-143	0.15081196	1.0
ZNF581	4.96969696969697	9.498709933095162e-62	0.2195759	5.510223458081661e-11
ADRA2A	4.363636363636363	6.189853655707169e-137	-0.041412774	1.0
CKMT2	5.0	1.3821620935970935e-58	0.02137543	1.0
CCL17	9.151515151515152	1.0	0.11666288	1.0
PHAX	4.893939393939394	5.918212061668534e-70	0.36098883	1.5659824039127141e-193
BTF3	4.287878787878788	1.4852780113973228e-147	0.18655121	0.7495183308848631
NQO2	7.045454545454546	1.0	0.053012356	1.0
BAMBI	7.803030303030303	1.0	0.025303103	1.0
PTPRT	8.121212121212121	1.0	0.33583894	1.8214545743072744e-150
ARL1	6.424242424242424	1.0	0.29369017	1.6846667208064973e-85
PCGF1	5.651515151515151	9.112849250268435e-10	0.15549737	1.0
CDC42EP2	4.757575757575758	1.090042831805119e-85	0.19530998	0.045545081182879796
ELAVL4	7.242424242424242	1.0	0.16715261	1.0
TWSG1	7.7272727272727275	1.0	0.07406553	1.0
CLDN3	5.984848484848484	0.3459152735646521	0.12497454	1.0
DEFB1	4.96969696969697	9.498709933095162e-62	0.23879659	6.0901841449427104e-24
KIAA1191	6.287878787878788	1.0	0.009917486	1.0
BSPRY	4.363636363636363	6.189853655707169e-137	0.377955	1.1494515603474613e-223
NRBF2	4.378787878787879	7.77867107031269e-135	0.25948003	3.0072142305030393e-43
PLXNA1	5.575757575757576	2.407667682078258e-13	0.1718842	1.0
PDE4B	4.590909090909091	1.9637076384770094e-106	0.5817397	0.0
SNX24	4.924242424242424	1.265707574008615e-66	0.28215924	5.429647091472288e-70
HBEGF	6.121212121212121	1.0	0.095702484	1.0
PGM5	7.090909090909091	1.0	-0.11062869	1.0
PABPN1	5.712121212121212	2.43404951276035e-07	0.023889678	1.0
UXT	5.121212121212121	1.2068095274004981e-46	0.30717188	5.15645841315013e-105
RORC	4.2727272727272725	1.056112086203131e-149	-0.07059998	1.0
NCR3	5.409090909090909	2.812288621595938e-23	0.11966765	1.0
ABI3	5.090909090909091	1.6019351837119586e-49	0.013082481	1.0
PIGY	15.0	1.0	0.0732648	1.0
CD151	5.696969696969697	6.547083669482187e-08	0.35794532	3.3291706540021384e-188
ADI1	8.590909090909092	1.0	0.23500782	5.427108918263394e-21
STIL	4.409090909090909	1.1709431526636087e-130	0.65081877	0.0
ATP6V0A4	7.53030303030303	1.0	0.13029535	1.0
DEAF1	5.545454545454546	6.0781751734860976e-15	0.3274082	1.2681582201540242e-136
WASF3	4.621212121212121	1.49917227250215e-102	0.46780816	0.0
TIAM2	4.924242424242424	1.265707574008615e-66	0.5153582	0.0
RFC5	4.666666666666667	8.237161641457738e-97	0.43953583	0.0
ANKS4B	10.121212121212121	1.0	0.2722646	1.1452022073250447e-57
MYD88	4.636363636363637	1.2663970208888846e-100	-0.120697424	1.0
ASCL4	5.2727272727272725	2.0333752743474065e-33	0.11400737	1.0
SLC50A1	10.333333333333334	1.0	0.11580955	1.0
MDK	4.696969696969697	4.730191825147677e-93	0.19423519	0.0726396402963609
SNRPA	4.742424242424242	1.6577844026969324e-87	0.05783638	1.0
IMPA1	6.212121212121212	1.0	0.047897954	1.0
ATP6V1D	15.0	1.0	0.020901766	1.0
NDUFB10	8.045454545454545	1.0	0.057280608	1.0
PSMF1	5.0	1.3821620935970935e-58	0.11261474	1.0
SEPT8	4.984848484848484	3.703611499304987e-60	0.21653484	2.0927560217981763e-09
BDNF	5.7727272727272725	2.661357851109339e-05	0.04962322	1.0
B2M	6.606060606060606	1.0	0.1203188	1.0
C9orf24	6.984848484848484	1.0	0.11769159	1.0
FFAR1	6.2272727272727275	1.0	0.13419223	1.0
TUBA8	3.9242424242424243	6.899921184262694e-201	0.0729425	1.0
PRSS3	8.287878787878787	1.0	0.22380118	2.1354552973987923e-13
SSBP4	6.863636363636363	1.0	0.16722792	1.0
ATP6V1G1	6.0	0.46300423940933777	0.109805934	1.0
GOSR1	5.954545454545454	0.16775844587044184	0.37106308	2.400114993644725e-211
ATP5B	6.181818181818182	1.0	0.08118848	1.0
HIST1H2AC	6.03030303030303	0.7263459392288968	0.07791691	1.0
RPL17	10.393939393939394	1.0	0.04791621	1.0
AKR7A3	9.227272727272727	1.0	0.15773529	1.0
HUS1	4.636363636363637	1.2663970208888846e-100	0.42840093	1.70717551e-315
IL29	15.0	1.0	0.05266173	1.0
RAP1A	4.151515151515151	3.849589723230579e-167	-0.006525091	1.0
CD53	5.621212121212121	3.982970927086116e-11	0.23926757	2.5387443296026176e-24
FBXO6	5.863636363636363	0.005653383481306722	0.08217443	1.0
TACR2	5.909090909090909	0.03906974193032677	0.17161964	1.0
SYNDIG1	5.590909090909091	1.3974580680846262e-12	0.061208785	1.0
VSNL1	6.075757575757576	1.0	0.06280917	1.0
CELA1	8.030303030303031	1.0	0.029335378	1.0
RELL1	15.0	1.0	0.00951994	1.0
PSMA5	5.166666666666667	1.799159943379442e-42	0.1707649	1.0
COMMD8	5.924242424242424	0.06681571323853634	0.064162135	1.0
WNT4	12.712121212121213	1.0	-0.0035336115	1.0
UBE2D4	5.803030303030303	0.00019878369230689233	0.12210914	1.0
CEP152	5.03030303030303	1.7150705756327545e-55	0.32718715	2.890636219564664e-136
PRPH2	15.0	1.0	0.19629276	0.02885770242087274
RPS18	5.46969696969697	2.4090497997966194e-19	0.084307015	1.0
LOH12CR1	5.46969696969697	2.4090497997966194e-19	0.24702005	5.530443396442883e-31
RPS15A	5.181818181818182	4.0646540127585765e-41	0.17496218	1.0
MYF5	4.015151515151516	2.9248875795462624e-187	0.21637695	2.5061869151885447e-09
MRPL9	6.848484848484849	1.0	0.1795901	1.0
STYX	7.666666666666667	1.0	0.12681094	1.0
MOB3B	6.46969696969697	1.0	0.23877288	6.361956167250878e-24
DNALI1	5.106060606060606	4.4949480382805774e-48	0.11099246	1.0
ALB	6.848484848484849	1.0	0.08313103	1.0
MBIP	5.2727272727272725	2.0333752743474065e-33	-0.006371052	1.0
FGB	7.136363636363637	1.0	-0.03680047	1.0
ARID2	4.378787878787879	7.77867107031269e-135	0.23479213	7.877565867575655e-21
METTL9	15.0	1.0	0.15461868	1.0
HOXD10	4.2727272727272725	1.056112086203131e-149	0.12112074	1.0
DCTPP1	5.924242424242424	0.06681571323853634	0.1191487	1.0
ROPN1	15.0	1.0	0.16796993	1.0
LSM4	5.242424242424242	6.647471978626986e-36	0.0804345	1.0
BCAP29	15.0	1.0	0.017189346	1.0
SERBP1	4.121212121212121	1.4224876522889679e-171	-0.016623536	1.0
MLN	15.0	1.0	0.077579126	1.0
TACC3	4.484848484848484	2.2002490221096544e-120	-0.19385803	1.0
NOG	7.0	1.0	0.085223645	1.0
RNF2	4.666666666666667	8.237161641457738e-97	-0.0115275225	1.0
ALDH2	5.090909090909091	1.6019351837119586e-49	0.58904123	0.0
HAUS2	5.909090909090909	0.03906974193032677	0.054296855	1.0
AGL	15.0	1.0	0.3604772	1.2348721232686083e-192
DAGLB	15.0	1.0	0.11731084	1.0
ADRB2	5.303030303030303	5.157518393752423e-31	0.32058346	1.0949996555077511e-125
PAX9	4.757575757575758	1.090042831805119e-85	0.35482505	9.029416449789352e-183
LDOC1	4.590909090909091	1.9637076384770094e-106	0.14925317	1.0
ALS2CR12	6.606060606060606	1.0	0.1480578	1.0
MS4A2	4.242424242424242	5.153875612728923e-154	0.35056838	2.0711238232140194e-175
GNAQ	5.818181818181818	0.0004998900831057169	-0.16191663	1.0
CRABP1	7.303030303030303	1.0	0.09107235	1.0
OTUD7B	4.787878787878788	4.3222045956551894e-82	0.33233058	1.156920399500096e-144
TRIB2	5.409090909090909	2.812288621595938e-23	0.116499566	1.0
CERS2	6.848484848484849	1.0	0.11088562	1.0
SIAH1	4.196969696969697	1.4895433699893624e-160	-0.061030928	1.0
POMP	6.166666666666667	1.0	0.06222274	1.0
BANP	3.878787878787879	9.67482637323781e-208	-0.028331477	1.0
METTL1	3.984848484848485	8.694410217617934e-192	0.22980018	3.0079706139221943e-17
RHBDL2	5.045454545454546	5.659481355966012e-54	0.08335878	1.0
RNF115	6.303030303030303	1.0	0.18454339	1.0
SIGLEC14	15.0	1.0	0.15349138	1.0
OSGEP	8.93939393939394	1.0	-0.013510976	1.0
GPC3	13.712121212121213	1.0	0.11676013	1.0
PLA2G1B	5.848484848484849	0.002671922425091299	0.10252951	1.0
GNGT1	7.045454545454546	1.0	0.10970552	1.0
ORC3	5.287878787878788	3.3122123718160204e-32	0.2976018	5.117187281941861e-91
CXCR1	7.712121212121212	1.0	-0.058525726	1.0
SMARCD3	3.9242424242424243	6.899921184262694e-201	0.44105983	0.0
GPANK1	5.5	1.6274518014202265e-17	0.39824116	2.2874757079748703e-260
SERP2	5.212121212121212	1.8119808505712916e-38	0.18844652	0.49218272608035657
TRPC5	6.242424242424242	1.0	0.18694158	0.693300661796313
EDNRA	6.363636363636363	1.0	0.09365942	1.0
MTAP	15.0	1.0	0.24208395	1.1844299963202144e-26
ELMO1	5.03030303030303	1.7150705756327545e-55	0.42649376	5.260427542876e-312
COTL1	4.848484848484849	4.5854224261642e-75	0.20008992	0.003672807947137416
EPDR1	5.409090909090909	2.812288621595938e-23	0.20929964	3.5184958728582702e-06
SLC16A3	6.2272727272727275	1.0	0.13309255	1.0
ASB13	6.803030303030303	1.0	0.017914655	1.0
CNOT8	5.2727272727272725	2.0333752743474065e-33	0.014257241	1.0
ZNF467	4.2272727272727275	3.468440810002327e-156	0.5721773	0.0
RAB7L1	7.4393939393939394	1.0	0.08123761	1.0
OPRL1	8.742424242424242	1.0	0.11999639	1.0
NME3	4.9393939393939394	5.535048770797336e-65	0.14904775	1.0
DUSP22	4.151515151515151	3.849589723230579e-167	0.2767837	3.538973587833705e-63
ANAPC11	5.787878787878788	7.476737059261286e-05	0.23758538	5.598329328286979e-23
CD28	4.5	2.320495940381192e-118	0.39700907	3.9895315404027276e-258
HBZ	6.575757575757576	1.0	0.079806805	1.0
PPP4R4	5.2727272727272725	2.0333752743474065e-33	0.23769939	4.5511414256654575e-23
GFRA2	5.924242424242424	0.06681571323853634	0.16003145	1.0
NAT1	15.0	1.0	0.16488346	1.0
UBE2V1	4.863636363636363	2.3944386296676495e-73	0.32054392	1.2644800303411792e-125
LITAF	5.166666666666667	1.799159943379442e-42	0.116406225	1.0
ORC6	5.318181818181818	7.64416891530246e-30	0.13800514	1.0
TOMM40	15.0	1.0	-0.017155875	1.0
DPPA2	4.621212121212121	1.49917227250215e-102	0.06307385	1.0
MARCH2	7.4393939393939394	1.0	0.17337751	1.0
BLOC1S5	8.5	1.0	0.05035821	1.0
AKAP14	4.575757575757576	2.1596514624631015e-108	0.24740145	2.4867627360285624e-31
PLEKHA1	4.833333333333333	8.451693755487221e-77	0.13888016	1.0
ACAT2	4.136363636363637	2.3580860918747585e-169	0.09798508	1.0
MED20	6.454545454545454	1.0	0.23589411	1.1511109542576116e-21
CAPNS2	6.196969696969697	1.0	0.07629382	1.0
PTPRO	4.575757575757576	2.1596514624631015e-108	0.061390422	1.0
TBL1X	4.484848484848484	2.2002490221096544e-120	0.59094906	0.0
XAF1	4.833333333333333	8.451693755487221e-77	0.096253194	1.0
CSRP1	5.151515151515151	7.625974972303267e-44	0.17135544	1.0
PEX19	9.166666666666666	1.0	-0.06366776	1.0
YIF1A	6.363636363636363	1.0	-0.0019967249	1.0
SSR2	15.0	1.0	0.10376117	1.0
PIWIL1	8.0	1.0	0.47176242	0.0
ING5	3.8636363636363638	4.990437000413431e-210	0.20257173	0.0007440118713572058
RPL35A	4.924242424242424	1.265707574008615e-66	0.14704095	1.0
DNAJC5	6.2272727272727275	1.0	0.1284391	1.0
ZIK1	6.242424242424242	1.0	0.14015113	1.0
TMED10	5.621212121212121	3.982970927086116e-11	0.06698161	1.0
IL23A	6.924242424242424	1.0	0.06538806	1.0
IGF1	6.53030303030303	1.0	0.04221405	1.0
ZCCHC13	5.151515151515151	7.625974972303267e-44	0.22114682	7.477533803130267e-12
PGRMC1	5.515151515151516	1.237552061909311e-16	0.20220806	0.0009523047294185434
ZSCAN21	10.242424242424242	1.0	0.15145965	1.0
SRSF10	4.0606060606060606	1.6578578839968477e-180	0.21683694	1.4789441035097339e-09
DNAJC30	7.136363636363637	1.0	0.11274968	1.0
DERL3	8.333333333333334	1.0	0.19303085	0.11730530549707255
CHRNB2	8.878787878787879	1.0	0.13181232	1.0
ZFP36	4.606060606060606	1.737959073153401e-104	0.075794056	1.0
FARSA	15.0	1.0	0.1077682	1.0
COPS7B	5.5606060606060606	3.933561957910748e-14	0.05843886	1.0
GP9	5.2727272727272725	2.0333752743474065e-33	0.084168464	1.0
PSME1	4.363636363636363	6.189853655707169e-137	0.13806391	1.0
CLDN5	5.954545454545454	0.16775844587044184	0.13280278	1.0
RPL29	4.515151515151516	2.3986497037817864e-116	0.17195697	1.0
FAM13C	5.5	1.6274518014202265e-17	0.41046467	1.1153950079221528e-282
UQCRQ	5.742424242424242	2.8558071390704282e-06	0.11993537	1.0
U2AF2	4.696969696969697	4.730191825147677e-93	-0.2082684	1.0
UBE2Z	4.045454545454546	9.413247275261345e-183	0.10954419	1.0
RNF183	5.9393939393939394	0.10865242828933425	0.09671172	1.0
SENP6	4.454545454545454	1.8308025417514746e-124	0.596513	0.0
DCTN2	5.257575757575758	1.1911514938980334e-34	0.16011399	1.0
CSH2	4.03030303030303	5.2929460164396896e-185	0.2749737	6.035519424180712e-61
GEMIN5	5.424242424242424	2.923156208519247e-22	-0.11723585	1.0
GALNT2	5.045454545454546	5.659481355966012e-54	0.29148588	1.9001388603663337e-82
CCNC	6.015151515151516	0.5905005552315811	0.1031787	1.0
PIP4K2A	4.666666666666667	8.237161641457738e-97	0.45111373	0.0
MRFAP1L1	6.106060606060606	1.0	0.076365285	1.0
TSEN2	15.0	1.0	0.116413794	1.0
B3GALT4	6.621212121212121	1.0	0.1772883	1.0
C8orf33	4.7272727272727275	2.421712560332582e-89	0.19453388	0.06404283844925254
RAB33B	4.46969696969697	2.040032193293724e-122	0.21370491	4.7102973433041183e-08
SPAG7	7.742424242424242	1.0	0.072895885	1.0
PSMD9	5.045454545454546	5.659481355966012e-54	0.15372245	1.0
RNPS1	5.106060606060606	4.4949480382805774e-48	0.049098585	1.0
CCAR1	4.196969696969697	1.4895433699893624e-160	0.60006493	0.0
HOMEZ	5.106060606060606	4.4949480382805774e-48	0.17816055	1.0
TRIM2	5.666666666666667	3.999973542524087e-09	0.26508996	2.341747777282872e-49
OXTR	5.878787878787879	0.011370719431532743	-0.020526577	1.0
BLVRB	15.0	1.0	0.025281964	1.0
RGS11	8.954545454545455	1.0	0.16468596	1.0
RP9	6.136363636363637	1.0	0.078830354	1.0
PPP2CB	4.5	2.320495940381192e-118	0.2998931	2.6360632661640097e-94
PPBP	7.257575757575758	1.0	0.102658525	1.0
HNRNPAB	4.075757575757576	2.898466868756153e-178	0.22786964	5.902136305610141e-16
PRRX2	5.242424242424242	6.647471978626986e-36	0.13476141	1.0
SAP30BP	5.0	1.3821620935970935e-58	0.12618771	1.0
NDUFB1	5.212121212121212	1.8119808505712916e-38	0.17212337	1.0
MTBP	4.363636363636363	6.189853655707169e-137	0.28688294	3.3322166523349125e-76
PRUNE	5.46969696969697	2.4090497997966194e-19	0.16594407	1.0
JAZF1	4.712121212121212	3.445049409216623e-91	0.11088034	1.0
RPS11	5.045454545454546	5.659481355966012e-54	0.35973355	2.480384897461795e-191
IL1R2	6.03030303030303	0.7263459392288968	0.00075204205	1.0
SFRP2	11.712121212121213	1.0	0.05472866	1.0
CEACAM8	5.106060606060606	4.4949480382805774e-48	0.021062346	1.0
MAGEA12	4.666666666666667	8.237161641457738e-97	0.16702127	1.0
HINFP	4.863636363636363	2.3944386296676495e-73	0.44069162	0.0
CXorf26	6.151515151515151	1.0	0.1111469	1.0
IFRD1	4.515151515151516	2.3986497037817864e-116	0.0033869618	1.0
GIPC2	4.863636363636363	2.3944386296676495e-73	0.10998612	1.0
MRPL28	7.621212121212121	1.0	0.044967234	1.0
IFT20	5.742424242424242	2.8558071390704282e-06	0.16630073	1.0
JPH2	7.136363636363637	1.0	0.059568428	1.0
ERP29	5.2727272727272725	2.0333752743474065e-33	0.16076091	1.0
NOS3	4.454545454545454	1.8308025417514746e-124	0.31335467	2.1157877519225633e-114
TAB3	4.818181818181818	1.5059610191706582e-78	0.41239083	3.3564893629819114e-286
AQP5	5.4393939393939394	2.881456053844129e-21	0.17130086	1.0
MIS12	5.484848484848484	2.035332163566379e-18	0.3564229	1.5036916487173556e-185
NUCB2	4.924242424242424	1.265707574008615e-66	0.24811815	5.464356381444969e-32
AES	4.5606060606060606	2.3057357993651317e-110	0.075730994	1.0
NPPC	7.333333333333333	1.0	0.099099554	1.0
ITGB1BP2	4.742424242424242	1.6577844026969324e-87	0.12671365	1.0
KDELR1	5.924242424242424	0.06681571323853634	0.11615218	1.0
PRPF38B	4.363636363636363	6.189853655707169e-137	0.4248404	5.563977267019926e-309
IL1F10	6.621212121212121	1.0	0.22560887	1.6643097871488582e-14
MIF4GD	6.4393939393939394	1.0	0.05177944	1.0
PPIL3	6.5	1.0	0.064561844	1.0
EBAG9	8.5	1.0	0.05364385	1.0
MIP	5.409090909090909	2.812288621595938e-23	0.03920286	1.0
UBOX5	5.46969696969697	2.4090497997966194e-19	0.20658259	3.659329863987854e-05
SAP30L	5.4393939393939394	2.881456053844129e-21	0.12704997	1.0
CD2BP2	4.515151515151516	2.3986497037817864e-116	0.06189817	1.0
MC3R	15.0	1.0	0.250642	2.3431668076407558e-34
RPS6	5.0606060606060606	1.797670388943156e-52	0.13086772	1.0
CDC42EP1	4.757575757575758	1.090042831805119e-85	0.016833117	1.0
F8A1	4.393939393939394	9.660381979554807e-133	0.1031429	1.0
TNFRSF18	5.045454545454546	5.659481355966012e-54	0.18113957	1.0
BET1	5.5606060606060606	3.933561957910748e-14	0.18117738	1.0
IL10RB	15.0	1.0	-0.016183939	1.0
MORF4L2	4.196969696969697	1.4895433699893624e-160	0.17308281	1.0
GSC2	4.954545454545454	2.339787434928052e-63	0.07436408	1.0
KIR2DL4	5.7727272727272725	2.661357851109339e-05	0.07077582	1.0
MYOZ2	4.96969696969697	9.498709933095162e-62	0.16614743	1.0
FGF17	5.242424242424242	6.647471978626986e-36	0.15185308	1.0
ACP1	4.5	2.320495940381192e-118	0.43907923	0.0
RHOQ	4.636363636363637	1.2663970208888846e-100	0.39429277	3.460989151118386e-253
ARNTL	4.4393939393939394	1.6126884793906135e-126	0.43405923	0.0
RPL7A	5.303030303030303	5.157518393752423e-31	0.058805197	1.0
CALY	7.0	1.0	0.056859594	1.0
MPG	3.878787878787879	9.67482637323781e-208	0.48341942	0.0
SPRY4	4.378787878787879	7.77867107031269e-135	0.50925726	0.0
HIST1H4F	5.363636363636363	1.847101461835938e-26	0.13895129	1.0
PPY	15.0	1.0	0.069687374	1.0
CNOT2	5.454545454545454	2.703891876666768e-20	0.32844976	2.58391261875294e-138
DNAJB3	5.242424242424242	6.647471978626986e-36	0.18995027	0.3284235427400652
NDN	3.9696969696969697	4.645458642258488e-194	-0.0048802937	1.0
STAMBP	5.242424242424242	6.647471978626986e-36	0.26226696	3.0784679264160914e-46
CYCS	5.909090909090909	0.03906974193032677	0.050415147	1.0
MDH2	15.0	1.0	-0.008484458	1.0
RING1	4.893939393939394	5.918212061668534e-70	-0.077322505	1.0
TAC4	6.909090909090909	1.0	0.08599701	1.0
GJB6	5.575757575757576	2.407667682078258e-13	0.26566684	5.271599665979559e-50
ZNF580	5.984848484848484	0.3459152735646521	0.14836892	1.0
KCTD17	5.5	1.6274518014202265e-17	0.22811642	4.065265076075049e-16
KPNA3	4.212121212121212	2.28090257442149e-158	-0.13059904	1.0
GSTO1	4.393939393939394	9.660381979554807e-133	0.28488123	1.5108024382647208e-73
DNMT3L	5.075757575757576	5.495762606430855e-51	-0.024894916	1.0
STAC3	4.666666666666667	8.237161641457738e-97	0.082481116	1.0
FAM219A	5.136363636363637	3.116249927713834e-45	0.38501483	2.244521309142198e-236
TSG101	3.8181818181818183	6.290434548230126e-217	-0.15363482	1.0
F3	8.727272727272727	1.0	0.0686233	1.0
RPS2	5.666666666666667	3.999973542524087e-09	0.19373578	0.0891317328937186
RANBP1	4.878787878787879	1.210302589787204e-71	0.11025624	1.0
TEAD1	4.681818181818182	6.333737555295499e-95	-0.07892915	1.0
GNA11	5.924242424242424	0.06681571323853634	-0.07964838	1.0
SULT2B1	5.606060606060606	7.6746572533737e-12	-0.0071579823	1.0
ESRRB	4.53030303030303	2.4274693143251508e-114	-0.027422467	1.0
UTP3	4.621212121212121	1.49917227250215e-102	0.43337962	0.0
CLDN1	6.0	0.46300423940933777	0.17941424	1.0
PPP1R16A	5.181818181818182	4.0646540127585765e-41	0.10077043	1.0
GRHPR	7.0606060606060606	1.0	0.2069695	2.6607859173818257e-05
AKAP6	5.303030303030303	5.157518393752423e-31	0.6238642	0.0
VAPA	5.378787878787879	2.2421187423656065e-25	0.068430565	1.0
MSLN	15.0	1.0	0.12737352	1.0
BGLAP	8.545454545454545	1.0	0.0982413	1.0
ELN	8.136363636363637	1.0	0.2013612	0.0016632109092562161
TREX2	4.984848484848484	3.703611499304987e-60	0.1398051	1.0
NUP37	4.5	2.320495940381192e-118	0.10534393	1.0
FICD	4.409090909090909	1.1709431526636087e-130	0.04860095	1.0
MEOX1	5.2272727272727275	3.567716469429752e-37	0.29697827	3.9503008529884434e-90
ARR3	5.7727272727272725	2.661357851109339e-05	-0.061815523	1.0
VAMP4	8.621212121212121	1.0	0.09264578	1.0
CTSD	6.833333333333333	1.0	-0.06808544	1.0
RBMY1A1	5.181818181818182	4.0646540127585765e-41	-0.10260954	1.0
EFCAB6	4.0606060606060606	1.6578578839968477e-180	0.43916717	0.0
STXBP6	6.257575757575758	1.0	0.18227136	1.0
KLRB1	5.015151515151516	4.965087209642441e-57	0.10125652	1.0
HIGD1B	6.090909090909091	1.0	0.10032724	1.0
FGF1	4.666666666666667	8.237161641457738e-97	0.07479458	1.0
PSMC1	5.545454545454546	6.0781751734860976e-15	0.16795698	1.0
RPS9	4.954545454545454	2.339787434928052e-63	0.09317885	1.0
ZFPL1	6.318181818181818	1.0	0.009863411	1.0
ACTR2	5.151515151515151	7.625974972303267e-44	0.32945132	6.044979364504837e-140
RGS17	7.909090909090909	1.0	0.17825311	1.0
RRAGB	15.0	1.0	0.010285287	1.0
BEX1	4.9393939393939394	5.535048770797336e-65	0.09159426	1.0
GNGT2	6.590909090909091	1.0	0.11834574	1.0
RCAN3	6.787878787878788	1.0	0.044545747	1.0
NTS	6.96969696969697	1.0	0.0650464	1.0
FRS3	3.8181818181818183	6.290434548230126e-217	0.5038684	0.0
RNF126	5.106060606060606	4.4949480382805774e-48	0.018588893	1.0
UPP1	4.696969696969697	4.730191825147677e-93	0.15977445	1.0
CHMP4B	7.424242424242424	1.0	0.073283434	1.0
CHST4	5.378787878787879	2.2421187423656065e-25	0.16708283	1.0
LGALS3	15.0	1.0	0.0014795192	1.0
ID1	4.212121212121212	2.28090257442149e-158	0.15755326	1.0
YME1L1	4.757575757575758	1.090042831805119e-85	0.6049808	0.0
UBA1	4.575757575757576	2.1596514624631015e-108	0.028456219	1.0
IRF4	4.303030303030303	2.0612681446983352e-145	-0.06118177	1.0
AIMP2	5.257575757575758	1.1911514938980334e-34	0.018331433	1.0
AGR3	7.696969696969697	1.0	0.100164	1.0
C1QC	8.757575757575758	1.0	0.051729117	1.0
TEF	5.2727272727272725	2.0333752743474065e-33	0.024820358	1.0
SPA17	15.0	1.0	0.064387314	1.0
VBP1	6.2272727272727275	1.0	0.05983572	1.0
SAMSN1	5.681818181818182	1.664947422503421e-08	-0.0410314	1.0
TSPO	15.0	1.0	0.03566823	1.0
AVIL	4.96969696969697	9.498709933095162e-62	0.61190015	0.0
TP53RK	3.9545454545454546	2.497113161143616e-196	0.058498684	1.0
SPRR3	11.030303030303031	1.0	0.12021156	1.0
SHOX	4.212121212121212	2.28090257442149e-158	0.23261127	3.1849850131212956e-19
ITPKA	4.303030303030303	2.0612681446983352e-145	0.49556148	0.0
FIP1L1	15.0	1.0	0.10909799	1.0
KLRC1	15.0	1.0	0.24543649	1.461781490042967e-29
QKI	5.136363636363637	3.116249927713834e-45	-0.029852876	1.0
RGS4	5.242424242424242	6.647471978626986e-36	0.18348457	1.0
CCNB1IP1	4.757575757575758	1.090042831805119e-85	0.3532816	4.278982972548196e-180
TSPAN1	5.696969696969697	6.547083669482187e-08	0.20509034	0.00011938152121655501
VAMP3	6.893939393939394	1.0	0.16834798	1.0
TRAT1	4.2727272727272725	1.056112086203131e-149	0.55335176	0.0
TTC1	6.03030303030303	0.7263459392288968	0.07009791	1.0
RAB9A	5.166666666666667	1.799159943379442e-42	0.055964217	1.0
ING2	4.121212121212121	1.4224876522889679e-171	0.26889482	1.0713368895291e-53
SGCD	15.0	1.0	0.13641395	1.0
PSMB7	6.166666666666667	1.0	0.17467265	1.0
TGFB1	6.893939393939394	1.0	-0.14575858	1.0
UBE2W	5.636363636363637	1.960882398441318e-10	0.26406905	3.2192045326405645e-48
PEX11B	10.166666666666666	1.0	0.06776635	1.0
BRI3	15.0	1.0	0.06959593	1.0
THAP10	5.954545454545454	0.16775844587044184	0.27472457	1.2169414866268152e-60
ZMYND19	15.0	1.0	0.056813173	1.0
FAM127B	5.681818181818182	1.664947422503421e-08	0.16311885	1.0
FABP3	5.2272727272727275	3.567716469429752e-37	0.10761404	1.0
CHRAC1	5.318181818181818	7.64416891530246e-30	0.12541322	1.0
CXCL10	8.833333333333334	1.0	0.15019168	1.0
SH2D1B	5.651515151515151	9.112849250268435e-10	0.07711815	1.0
IGFBP2	7.393939393939394	1.0	0.0632384	1.0
EPM2A	15.0	1.0	0.12816006	1.0
YKT6	6.363636363636363	1.0	0.081400864	1.0
SUCLG2	10.424242424242424	1.0	0.13150805	1.0
CRYBB3	15.0	1.0	0.15135473	1.0
CHMP4A	6.424242424242424	1.0	0.043738145	1.0
PDE6G	3.8484848484848486	2.5389712526985893e-212	0.32608625	1.7416778430568864e-134
RPL5	4.621212121212121	1.49917227250215e-102	0.38981396	4.648120385013271e-245
GNB3	7.954545454545454	1.0	-0.02664294	1.0
SUMF2	4.7727272727272725	6.962344027357639e-84	0.18440287	1.0
NDUFV2	4.46969696969697	2.040032193293724e-122	0.39243925	8.057721039675267e-250
KCNE2	6.424242424242424	1.0	0.15982817	1.0
GRP	15.0	1.0	0.050474573	1.0
SF3A3	4.393939393939394	9.660381979554807e-133	0.42396057	2.2717919282394766e-307
EIF4H	5.924242424242424	0.06681571323853634	0.15108778	1.0
ARL6IP1	7.045454545454546	1.0	0.061626364	1.0
NPHP4	5.46969696969697	2.4090497997966194e-19	0.39602342	2.4763447648927955e-256
POU2AF1	5.03030303030303	1.7150705756327545e-55	0.21371466	4.663273335134199e-08
NAPA	6.242424242424242	1.0	-0.0016390663	1.0
ATP5C1	5.333333333333333	1.077567019711722e-28	0.19751748	0.015618097574362612
CD59	6.393939393939394	1.0	0.054458786	1.0
KISS1	7.166666666666667	1.0	0.15702231	1.0
PRKAR1B	4.03030303030303	5.2929460164396896e-185	0.05669715	1.0
RNF34	5.454545454545454	2.703891876666768e-20	0.21491793	1.2803979523218027e-08
SURF2	5.833333333333333	0.0011874730962516493	0.062966906	1.0
CCL27	9.181818181818182	1.0	0.26301345	4.699789572454883e-47
MXD3	4.848484848484849	4.5854224261642e-75	0.16494533	1.0
CDX4	6.151515151515151	1.0	0.19106944	0.23311918934586695
C15orf41	7.045454545454546	1.0	0.20624226	4.822665701152414e-05
FAM134A	4.5	2.320495940381192e-118	0.44034088	0.0
CDC26	4.848484848484849	4.5854224261642e-75	0.18887067	0.4423775735581822
HNRNPA1	5.196969696969697	8.770307777023999e-40	0.05008225	1.0
RNF128	6.181818181818182	1.0	0.19386488	0.08461142428535583
TNFSF18	6.045454545454546	0.8578473876992072	0.06514681	1.0
RPL15	4.818181818181818	1.5059610191706582e-78	0.19338584	0.10225827434910802
SPAST	9.303030303030303	1.0	0.096020825	1.0
CGB5	8.045454545454545	1.0	0.06268092	1.0
DUSP14	5.5	1.6274518014202265e-17	0.1069807	1.0
C4orf34	6.242424242424242	1.0	0.06577852	1.0
STK40	4.803030303030303	2.5916093890928528e-80	0.018274846	1.0
CXCL9	8.833333333333334	1.0	0.14190269	1.0
RBM14	4.242424242424242	5.153875612728923e-154	0.43300253	0.0
GABRB3	4.333333333333333	3.721508830056371e-141	0.45847082	0.0
TACO1	5.121212121212121	1.2068095274004981e-46	0.13978393	1.0
ABR	7.666666666666667	1.0	0.09288257	1.0
LYZ	10.045454545454545	1.0	0.06993705	1.0
DPP4	7.833333333333333	1.0	0.21866284	1.693866916397034e-10
AQP4	4.0606060606060606	1.6578578839968477e-180	0.17174196	1.0
RAB35	7.090909090909091	1.0	0.09614426	1.0
PLEKHB1	4.348484848484849	4.8892849748765516e-139	0.4467565	0.0
VGLL4	4.712121212121212	3.445049409216623e-91	0.18386188	1.0
CAMKK1	3.8333333333333335	1.2495185782783626e-214	0.45802796	0.0
MAP4	4.090909090909091	4.996803001880512e-176	0.50100666	0.0
POLM	4.863636363636363	2.3944386296676495e-73	0.40029958	4.06803497408338e-264
MTNR1A	5.242424242424242	6.647471978626986e-36	-0.06191643	1.0
EIF5A2	15.0	1.0	0.04251149	1.0
DDX6	4.909090909090909	2.7919646467736866e-68	0.3315216	2.4732208285586442e-143
TPD52L1	8.303030303030303	1.0	0.047976248	1.0
CEACAM6	5.106060606060606	4.4949480382805774e-48	0.023913901	1.0
FGF2	5.984848484848484	0.3459152735646521	0.011689472	1.0
IL36RN	7.863636363636363	1.0	0.04780834	1.0
NFU1	15.0	1.0	0.1388722	1.0
MED30	6.454545454545454	1.0	0.1295032	1.0
SPINK7	7.984848484848484	1.0	0.039761815	1.0
SH3YL1	4.484848484848484	2.2002490221096544e-120	0.1521721	1.0
TRIM22	5.318181818181818	7.64416891530246e-30	0.52066827	0.0
RAP2A	4.045454545454546	9.413247275261345e-183	0.1662912	1.0
DPY30	6.2727272727272725	1.0	0.08593061	1.0
RWDD1	6.090909090909091	1.0	0.034445457	1.0
KRT7	5.575757575757576	2.407667682078258e-13	0.13600008	1.0
CLEC5A	15.0	1.0	0.16691937	1.0
RHOC	4.787878787878788	4.3222045956551894e-82	0.20529763	0.0001016992800861307
SUGT1	6.0	0.46300423940933777	-0.001977687	1.0
IDH3B	15.0	1.0	0.13275313	1.0
RPP38	15.0	1.0	0.008583171	1.0
SSTR1	9.333333333333334	1.0	0.1468223	1.0
CD8B	6.2272727272727275	1.0	0.04740723	1.0
FBXO28	5.045454545454546	5.659481355966012e-54	0.12669554	1.0
PRL	5.424242424242424	2.923156208519247e-22	0.08294888	1.0
PSMA2	6.136363636363637	1.0	0.057475165	1.0
GUCA1A	15.0	1.0	0.15106076	1.0
DNAJB9	4.818181818181818	1.5059610191706582e-78	0.04028808	1.0
CHAC1	5.984848484848484	0.3459152735646521	0.111832276	1.0
BANF1	5.409090909090909	2.812288621595938e-23	0.11555029	1.0
EAF2	6.090909090909091	1.0	0.05320816	1.0
PDHB	7.666666666666667	1.0	0.17706573	1.0
SDCBP2	6.181818181818182	1.0	0.012731469	1.0
RPSA	8.787878787878787	1.0	0.0031692968	1.0
FAM125A	5.121212121212121	1.2068095274004981e-46	0.39588317	4.452344500659027e-256
FOXF2	4.484848484848484	2.2002490221096544e-120	0.049203273	1.0
RPL10A	5.303030303030303	5.157518393752423e-31	0.10209081	1.0
KLK1	7.7272727272727275	1.0	0.107724585	1.0
BLOC1S3	8.5	1.0	0.06789982	1.0
NMB	15.0	1.0	0.03385955	1.0
HNRNPR	15.0	1.0	0.10295901	1.0
CXCL2	7.742424242424242	1.0	0.11917561	1.0
RPL22	5.454545454545454	2.703891876666768e-20	0.21272793	1.2964748013634516e-07
TNNT1	6.515151515151516	1.0	0.23219676	6.327563878010934e-19
RAB31	7.303030303030303	1.0	0.07657603	1.0
CHMP1A	8.424242424242424	1.0	0.06084126	1.0
CRP	5.878787878787879	0.011370719431532743	0.055979706	1.0
TIFAB	5.833333333333333	0.0011874730962516493	0.082072444	1.0
CLIC1	15.0	1.0	0.018800467	1.0
DAD1	5.5	1.6274518014202265e-17	0.121297054	1.0
LIFR	4.787878787878788	4.3222045956551894e-82	0.044169284	1.0
PPIL1	4.7727272727272725	6.962344027357639e-84	0.15977904	1.0
HMGCL	8.393939393939394	1.0	0.018200602	1.0
UBE2V2	4.954545454545454	2.339787434928052e-63	0.18296447	1.0
RRM2	3.8636363636363638	4.990437000413431e-210	0.41674066	3.710455324196336e-294
ARHGEF39	5.0606060606060606	1.797670388943156e-52	0.13180621	1.0
TNKS	6.681818181818182	1.0	-0.034637105	1.0
NHP2L1	4.757575757575758	1.090042831805119e-85	0.3936212	5.740053785424468e-252
FKBP1A	4.651515151515151	1.037003425140186e-98	0.24132396	5.1644339273346775e-26
MED26	6.015151515151516	0.5905005552315811	0.3744036	2.637138045364296e-217
TPGS2	5.242424242424242	6.647471978626986e-36	0.13107157	1.0
C19orf43	5.742424242424242	2.8558071390704282e-06	0.07352875	1.0
C1QA	7.757575757575758	1.0	0.2126999	1.3338583650441917e-07
PDGFB	5.651515151515151	9.112849250268435e-10	0.14758246	1.0
MYL12B	15.0	1.0	0.04930189	1.0
VAMP8	6.257575757575758	1.0	0.17169133	1.0
ARL4C	5.409090909090909	2.812288621595938e-23	0.20197444	0.001112880252422922
NSL1	5.484848484848484	2.035332163566379e-18	0.1395408	1.0
CXCL11	8.833333333333334	1.0	0.28148922	3.9723832217877233e-69
PAICS	5.4393939393939394	2.881456053844129e-21	-0.0013072775	1.0
CTDSPL	4.651515151515151	1.037003425140186e-98	0.076383196	1.0
THBS2	7.53030303030303	1.0	0.04204884	1.0
VPREB3	15.0	1.0	0.04686095	1.0
SGCA	15.0	1.0	0.15892823	1.0
ALG2	7.106060606060606	1.0	-0.02740175	1.0
C19orf60	5.4393939393939394	2.881456053844129e-21	0.19586432	0.03535623120918376
POLR2D	5.090909090909091	1.6019351837119586e-49	0.149003	1.0
ANP32B	4.863636363636363	2.3944386296676495e-73	0.39365122	5.066845466037214e-252
RFC4	4.833333333333333	8.451693755487221e-77	0.44925687	0.0
TSPAN7	7.984848484848484	1.0	0.0328957	1.0
C14orf1	4.318181818181818	2.7918664717826296e-143	0.042348497	1.0
FLT3LG	5.515151515151516	1.237552061909311e-16	0.120854564	1.0
INSIG2	4.681818181818182	6.333737555295499e-95	0.23727642	9.786987540703599e-23
IRAK1BP1	4.2272727272727275	3.468440810002327e-156	0.5039014	0.0
TFPI2	6.893939393939394	1.0	0.16272172	1.0
DPH3	8.06060606060606	1.0	0.08561217	1.0
AOC3	4.5606060606060606	2.3057357993651317e-110	0.37101984	2.8636386116734e-211
TRIM5	4.863636363636363	2.3944386296676495e-73	0.24385747	3.5698693177835314e-28
PDPN	8.0	1.0	0.21462543	1.760520150299761e-08
CD63	6.696969696969697	1.0	0.046918247	1.0
AZU1	15.0	1.0	0.157442	1.0
HAGH	6.212121212121212	1.0	0.20680292	3.054033740084617e-05
ZC4H2	6.181818181818182	1.0	0.1053053	1.0
NR5A2	4.651515151515151	1.037003425140186e-98	0.5699303	0.0
TMSB4Y	4.833333333333333	8.451693755487221e-77	0.23809041	2.2312574961764653e-23
NDUFB8	4.878787878787879	1.210302589787204e-71	0.09728466	1.0
C17orf61	5.46969696969697	2.4090497997966194e-19	0.11677443	1.0
TWIST1	4.151515151515151	3.849589723230579e-167	0.2938516	1.003203526320334e-85
CD84	5.5	1.6274518014202265e-17	0.07538631	1.0
UCN3	15.0	1.0	0.05287265	1.0
EXOSC3	7.2272727272727275	1.0	0.21534237	8.027102806973425e-09
CBFB	4.515151515151516	2.3986497037817864e-116	0.21827531	2.706556750873425e-10
NAT6	15.0	1.0	0.007148234	1.0
MSX2	4.333333333333333	3.721508830056371e-141	0.42502287	2.580664725991723e-309
ZMIZ2	4.378787878787879	7.77867107031269e-135	0.57970476	0.0
ADORA2A	5.106060606060606	4.4949480382805774e-48	0.012367328	1.0
DIAPH2	4.590909090909091	1.9637076384770094e-106	0.44833508	0.0
NPY2R	15.0	1.0	-0.024481243	1.0
CDC14B	3.9696969696969697	4.645458642258488e-194	-0.04371882	1.0
PBX1	5.045454545454546	5.659481355966012e-54	-0.11309359	1.0
MC1R	15.0	1.0	0.18244632	1.0
MAD2L1	4.742424242424242	1.6577844026969324e-87	0.33901072	9.230347795588892e-156
CALCR	15.0	1.0	0.10168856	1.0
MKNK1	3.9242424242424243	6.899921184262694e-201	0.4583324	0.0
RAB8A	5.545454545454546	6.0781751734860976e-15	0.059022542	1.0
SEC63	7.106060606060606	1.0	0.08543472	1.0
SLC40A1	6.363636363636363	1.0	0.102919556	1.0
MFI2	9.333333333333334	1.0	0.07344966	1.0
TYROBP	15.0	1.0	0.0022138318	1.0
TPRKB	4.954545454545454	2.339787434928052e-63	0.0536553	1.0
TIMP4	7.590909090909091	1.0	0.16599429	1.0
RAB15	7.075757575757576	1.0	0.051900465	1.0
LMBR1L	8.045454545454545	1.0	0.11085398	1.0
CST7	7.863636363636363	1.0	0.105882384	1.0
PLP1	5.803030303030303	0.00019878369230689233	0.1836607	1.0
MAP1LC3A	4.0	1.6094176380028617e-189	0.42252678	9.52948314919745e-305
CCDC101	4.803030303030303	2.5916093890928528e-80	0.13540173	1.0
CSN2	5.484848484848484	2.035332163566379e-18	0.030810468	1.0
TIMM22	6.106060606060606	1.0	0.0564098	1.0
IL28B	15.0	1.0	0.14370908	1.0
RAB5A	5.484848484848484	2.035332163566379e-18	0.25323567	7.181019516514751e-37
CAMP	7.242424242424242	1.0	0.08787134	1.0
ADCYAP1	6.045454545454546	0.8578473876992072	0.059541587	1.0
RGS5	6.045454545454546	0.8578473876992072	0.23953538	1.5386773325084084e-24
ATP5G3	7.742424242424242	1.0	0.09349477	1.0
TSSC4	4.878787878787879	1.210302589787204e-71	0.11909751	1.0
CDK5R1	3.8181818181818183	6.290434548230126e-217	-0.022564964	1.0
C7orf34	6.196969696969697	1.0	0.11344497	1.0
PDXDC1	15.0	1.0	0.2207311	1.2777322884500082e-11
PI4K2A	7.696969696969697	1.0	0.14238203	1.0
RPS8	5.712121212121212	2.43404951276035e-07	0.10585431	1.0
ATG10	8.621212121212121	1.0	0.04048222	1.0
CBX2	5.393939393939394	2.5866430052266783e-24	0.22179267	3.213677708685727e-12
TREM2	15.0	1.0	0.04377253	1.0
BBOX1	6.136363636363637	1.0	0.19476563	0.057968050091391846
TNPO2	5.045454545454546	5.659481355966012e-54	0.2666718	3.8395155970139837e-51
USMG5	5.409090909090909	2.812288621595938e-23	0.21858795	1.8546479693321398e-10
ARF6	4.863636363636363	2.3944386296676495e-73	0.33596036	1.14430638366739e-150
PLEK	4.4393939393939394	1.6126884793906135e-126	0.10830811	1.0
NDUFA5	5.303030303030303	5.157518393752423e-31	0.20424917	0.00022514983536355403
SLC18A2	4.106060606060606	8.500160823487073e-174	-0.009236791	1.0
RAB27B	6.818181818181818	1.0	0.12288553	1.0
CD244	5.348484848484849	1.4467502508287116e-27	0.039887235	1.0
FKBP3	3.9393939393939394	1.3168145906029157e-198	0.3318946	6.030052851547083e-144
RRH	4.5	2.320495940381192e-118	0.14724548	1.0
LAIR1	4.681818181818182	6.333737555295499e-95	0.2651124	2.2105635302894758e-49
VTI1A	9.621212121212121	1.0	0.044615306	1.0
HIST1H3H	15.0	1.0	0.15332046	1.0
KCTD4	5.5	1.6274518014202265e-17	0.18142414	1.0
RARRES3	4.863636363636363	2.3944386296676495e-73	0.19212726	0.16343018593383313
DHFR	5.287878787878788	3.3122123718160204e-32	0.07147697	1.0
SCAPER	6.151515151515151	1.0	0.6537659	0.0
CXCL1	8.651515151515152	1.0	0.119639985	1.0
POLDIP2	4.757575757575758	1.090042831805119e-85	0.080675356	1.0
CDCA3	4.5	2.320495940381192e-118	0.15509619	1.0
CDC34	4.03030303030303	5.2929460164396896e-185	0.10852452	1.0
CAPZA1	4.833333333333333	8.451693755487221e-77	0.14364778	1.0
NPPB	7.333333333333333	1.0	0.2093464	3.3734523938764207e-06
ZNF44	4.318181818181818	2.7918664717826296e-143	0.37465698	9.288786846741238e-218
KCNJ16	6.575757575757576	1.0	0.26221263	3.526076573993919e-46
TNNI1	7.393939393939394	1.0	0.19263339	0.13608673021660966
MAPK1IP1L	4.333333333333333	3.721508830056371e-141	0.19380037	0.08684616013862675
C19orf10	5.348484848484849	1.4467502508287116e-27	0.18679112	0.7146901202560471
GEM	4.2727272727272725	1.056112086203131e-149	0.19949731	0.0052223035472008525
FBP2	4.545454545454546	2.3923140793058067e-112	0.1264156	1.0
KLF10	4.424242424242424	1.3907764601371584e-128	0.52490693	0.0
POLR1D	5.0606060606060606	1.797670388943156e-52	0.13726562	1.0
TRIB3	4.363636363636363	6.189853655707169e-137	0.11765323	1.0
FSTL3	15.0	1.0	0.029128075	1.0
RAB8B	4.46969696969697	2.040032193293724e-122	0.41534597	1.3247251239508452e-291
NRIP2	4.7272727272727275	2.421712560332582e-89	0.17799109	1.0
MICA	15.0	1.0	0.14403948	1.0
ZXDC	5.0606060606060606	1.797670388943156e-52	0.40667805	9.3035854347819e-276
CCR9	10.151515151515152	1.0	0.15970449	1.0
DYNLT1	6.984848484848484	1.0	0.044341706	1.0
VPS29	5.4393939393939394	2.881456053844129e-21	0.07049275	1.0
ABCE1	15.0	1.0	0.07292623	1.0
COMMD3	7.924242424242424	1.0	0.16785623	1.0
MYOC	5.212121212121212	1.8119808505712916e-38	0.024803903	1.0
DYDC2	15.0	1.0	0.03796721	1.0
LIM2	15.0	1.0	0.041532986	1.0
SPRY1	4.7272727272727275	2.421712560332582e-89	0.17573172	1.0
PPP1R1B	3.9545454545454546	2.497113161143616e-196	0.461003	0.0
AKIRIN2	5.393939393939394	2.5866430052266783e-24	0.20196114	0.001122248551826905
BIRC8	4.651515151515151	1.037003425140186e-98	0.15115167	1.0
MRPS34	5.893939393939394	0.021657682436614336	0.2159512	4.062768765073274e-09
VPS37B	4.818181818181818	1.5059610191706582e-78	0.07583845	1.0
MASP2	10.757575757575758	1.0	0.07013467	1.0
MT1F	6.984848484848484	1.0	0.12936504	1.0
PPYR1	15.0	1.0	0.17908908	1.0
RPL24	7.878787878787879	1.0	0.08570641	1.0
PTGFR	15.0	1.0	0.22978708	3.069884477088415e-17
GUCA2B	15.0	1.0	0.16440928	1.0
NANOS1	4.757575757575758	1.090042831805119e-85	0.21103856	6.920605578396823e-07
RNASE2	15.0	1.0	0.053297568	1.0
FGF19	6.621212121212121	1.0	0.24680987	8.573091906741149e-31
CRIPT	5.666666666666667	3.999973542524087e-09	0.30869877	2.6203007007687973e-107
NMBR	15.0	1.0	0.11305317	1.0
GCH1	5.121212121212121	1.2068095274004981e-46	0.005326596	1.0
MFAP4	11.651515151515152	1.0	0.14177147	1.0
APBA3	4.651515151515151	1.037003425140186e-98	-0.07944048	1.0
C2orf88	5.7727272727272725	2.661357851109339e-05	0.21050267	1.1553367503114806e-06
REG1B	6.212121212121212	1.0	0.09614983	1.0
CCL8	9.151515151515152	1.0	0.15485226	1.0
RHOD	3.893939393939394	1.8846682085548561e-205	0.29739738	1.0010389132749465e-90
CEP76	5.7727272727272725	2.661357851109339e-05	0.30740044	2.3442904988825927e-105
DRD1	6.0	0.46300423940933777	0.16624331	1.0
SLC6A12	6.045454545454546	0.8578473876992072	0.38598344	3.991449675306515e-238
MAP7	5.2727272727272725	2.0333752743474065e-33	0.45424318	0.0
GM2A	15.0	1.0	0.045647744	1.0
MYL3	4.348484848484849	4.8892849748765516e-139	0.23194477	9.576455431899396e-19
ASUN	6.515151515151516	1.0	0.41350827	3.037625783257424e-288
BEX2	5.424242424242424	2.923156208519247e-22	0.2044153	0.00019905309625991934
NOC4L	5.46969696969697	2.4090497997966194e-19	0.4490497	0.0
RIBC2	5.075757575757576	5.495762606430855e-51	-0.120237365	1.0
SEC11A	7.393939393939394	1.0	0.1844411	1.0
CAND2	4.53030303030303	2.4274693143251508e-114	0.07499664	1.0
FBXO2	15.0	1.0	0.12755397	1.0
IGFBP6	7.53030303030303	1.0	0.13945688	1.0
TSPAN4	5.636363636363637	1.960882398441318e-10	0.10858751	1.0
NCR2	15.0	1.0	0.03506381	1.0
PPA1	3.9393939393939394	1.3168145906029157e-198	0.098754674	1.0
STK16	6.4393939393939394	1.0	0.008394328	1.0
AANAT	4.590909090909091	1.9637076384770094e-106	0.20457631	0.00017645759773856034
SNF8	15.0	1.0	0.021849956	1.0
MYOZ1	4.878787878787879	1.210302589787204e-71	0.10352935	1.0
LYPLA1	6.757575757575758	1.0	0.18289827	1.0
AP3S1	7.666666666666667	1.0	0.18786077	0.5662831896650551
OTC	6.651515151515151	1.0	0.13157214	1.0
ADAMTS13	7.424242424242424	1.0	0.0080476245	1.0
ULBP1	15.0	1.0	0.020129457	1.0
TAX1BP3	5.787878787878788	7.476737059261286e-05	0.10621071	1.0
RGS10	6.075757575757576	1.0	0.17558943	1.0
CDK10	4.833333333333333	8.451693755487221e-77	0.11308307	1.0
MOAP1	4.545454545454546	2.3923140793058067e-112	0.06545545	1.0
SCGB1A1	7.045454545454546	1.0	0.12544751	1.0
CSRP3	4.53030303030303	2.4274693143251508e-114	0.33003998	6.618992317514094e-141
KIDINS220	4.53030303030303	2.4274693143251508e-114	0.24453597	9.11967758677957e-29
E2F6	4.409090909090909	1.1709431526636087e-130	0.07643057	1.0
PDP2	4.378787878787879	7.77867107031269e-135	0.42386514	3.3943931441631535e-307
C14orf166	5.0	1.3821620935970935e-58	0.14086542	1.0
GSTM3	15.0	1.0	0.02674817	1.0
MRFAP1	5.196969696969697	8.770307777023999e-40	0.10182735	1.0
RAMP2	15.0	1.0	0.059182793	1.0
HOXD4	4.166666666666667	6.137148820145575e-165	0.4493833	0.0
UPP2	4.696969696969697	4.730191825147677e-93	0.38848215	1.2030315168697467e-242
CTF1	5.090909090909091	1.6019351837119586e-49	0.2031052	0.0005137829584147123
ERCC8	5.333333333333333	1.077567019711722e-28	0.16098224	1.0
SSX3	6.121212121212121	1.0	0.06897324	1.0
POLR3F	4.454545454545454	1.8308025417514746e-124	0.061414566	1.0
PDLIM1	4.833333333333333	8.451693755487221e-77	0.05076033	1.0
GRIK5	6.015151515151516	0.5905005552315811	0.3275401	7.75292244239455e-137
CBX5	4.484848484848484	2.2002490221096544e-120	-0.0090625575	1.0
UROS	5.409090909090909	2.812288621595938e-23	0.17189506	1.0
SSBP2	6.863636363636363	1.0	0.16962971	1.0
TMOD2	6.196969696969697	1.0	0.31197935	2.725519636786345e-112
TSPAN15	4.818181818181818	1.5059610191706582e-78	0.09568221	1.0
PLAC8	5.757575757575758	8.96438933889546e-06	0.12539934	1.0
OAZ2	15.0	1.0	0.041120432	1.0
APCS	6.878787878787879	1.0	0.0077687628	1.0
MRPL38	4.818181818181818	1.5059610191706582e-78	-0.00039175863	1.0
RPP40	15.0	1.0	-0.01436071	1.0
PRPF40B	15.0	1.0	0.3104877	5.1359509035425004e-110
HSD17B14	4.848484848484849	4.5854224261642e-75	0.13211712	1.0
TMEM147	6.090909090909091	1.0	0.09601178	1.0
APOC1	8.984848484848484	1.0	0.06904046	1.0
ITPK1	4.681818181818182	6.333737555295499e-95	0.05642644	1.0
ATP6V1G2	6.53030303030303	1.0	0.07897234	1.0
POMC	15.0	1.0	0.0040311734	1.0
PTGDS	15.0	1.0	0.1605259	1.0
WISP2	7.53030303030303	1.0	0.087943725	1.0
ANXA2	5.757575757575758	8.96438933889546e-06	-0.034257963	1.0
RNF141	4.787878787878788	4.3222045956551894e-82	0.19960566	0.004900428039721968
PIGH	15.0	1.0	0.053727586	1.0
APEH	6.121212121212121	1.0	0.11336005	1.0
HOXB9	4.166666666666667	6.137148820145575e-165	0.26389334	5.039821567446741e-48
DDIT4L	6.984848484848484	1.0	0.19306786	0.11567820634984534
RAB10	7.666666666666667	1.0	0.19839121	0.009778681132311267
WNT1	10.712121212121213	1.0	-0.033384975	1.0
MRPL44	4.590909090909091	1.9637076384770094e-106	0.16214088	1.0
RABL2B	7.181818181818182	1.0	0.026843442	1.0
AJUBA	4.651515151515151	1.037003425140186e-98	0.16566226	1.0
PLSCR3	5.333333333333333	1.077567019711722e-28	0.12159134	1.0
ADRA1D	6.378787878787879	1.0	-0.10962922	1.0
FAM131C	5.075757575757576	5.495762606430855e-51	0.0360602	1.0
S100A11	4.242424242424242	5.153875612728923e-154	0.24273561	3.309536931815251e-27
OLR1	4.7727272727272725	6.962344027357639e-84	0.12594339	1.0
QTRT1	4.166666666666667	6.137148820145575e-165	0.45067555	0.0
RSU1	4.378787878787879	7.77867107031269e-135	0.3817127	2.0236185152131368e-230
SFRP1	11.712121212121213	1.0	0.033269808	1.0
LYPD3	8.242424242424242	1.0	0.14160809	1.0
RDH5	7.090909090909091	1.0	0.13609058	1.0
RAB2A	5.954545454545454	0.16775844587044184	0.21161366	3.9525860884099655e-07
CDCA8	5.015151515151516	4.965087209642441e-57	0.045778703	1.0
TNFRSF11A	4.151515151515151	3.849589723230579e-167	0.23709165	1.3646052763305974e-22
CRX	6.303030303030303	1.0	-0.020886775	1.0
EIF3J	5.96969696969697	0.24669780146475193	0.15563507	1.0
SH3GL2	4.333333333333333	3.721508830056371e-141	-0.078333065	1.0
MPP6	6.015151515151516	0.5905005552315811	0.24713221	4.375059911815958e-31
PPP1R3D	4.787878787878788	4.3222045956551894e-82	0.26604643	1.9660327423594446e-50
HIST1H2AB	7.575757575757576	1.0	0.06632868	1.0
S100Z	7.212121212121212	1.0	0.07912784	1.0
ZSWIM7	7.863636363636363	1.0	0.07715224	1.0
AGRP	15.0	1.0	0.059896532	1.0
SRY	3.909090909090909	3.667840828331614e-203	0.2473085	3.023373505209756e-31
CCT7	4.393939393939394	9.660381979554807e-133	0.47165465	0.0
LGALS7	6.848484848484849	1.0	0.07699494	1.0
NFE2L1	4.348484848484849	4.8892849748765516e-139	0.33456445	2.3740576076952464e-148
GCHFR	6.121212121212121	1.0	0.07816389	1.0
WTAP	4.757575757575758	1.090042831805119e-85	0.37235525	1.1945258341434454e-213
VAPB	7.0606060606060606	1.0	0.22218557	1.9097943240273525e-12
NMRK2	4.803030303030303	2.5916093890928528e-80	0.17293626	1.0
ATP6V1F	5.015151515151516	4.965087209642441e-57	0.21362433	5.12554247008399e-08
BCL2L2	4.5	2.320495940381192e-118	0.14556989	1.0
ZNF398	3.984848484848485	8.694410217617934e-192	0.43802527	0.0
STAU1	4.666666666666667	8.237161641457738e-97	0.19555338	0.04080389467219591
ARL11	5.757575757575758	8.96438933889546e-06	0.106572635	1.0
OGFOD2	4.484848484848484	2.2002490221096544e-120	0.19608162	0.03193778913174672
IL17B	7.9393939393939394	1.0	0.051154554	1.0
C10orf54	4.045454545454546	9.413247275261345e-183	0.21083343	8.430605148598096e-07
PSMC3	4.7727272727272725	6.962344027357639e-84	-0.027724959	1.0
PAN2	5.196969696969697	8.770307777023999e-40	0.036997713	1.0
GRK6	5.5	1.6274518014202265e-17	0.37466058	9.15569076772853e-218
MTA3	4.7272727272727275	2.421712560332582e-89	0.43747485	0.0
MARCKSL1	6.257575757575758	1.0	0.049522486	1.0
TCTEX1D4	6.7272727272727275	1.0	0.19347088	0.09894833481173222
STX12	6.818181818181818	1.0	0.10868554	1.0
INS	5.7272727272727275	8.579595772540609e-07	0.09759122	1.0
PLEKHF2	6.181818181818182	1.0	0.0128166955	1.0
FRAT1	4.333333333333333	3.721508830056371e-141	0.19569083	0.038312815327069906
RPS21	9.787878787878787	1.0	0.072361626	1.0
CAMK1	4.303030303030303	2.0612681446983352e-145	0.039766833	1.0
EIF3K	6.303030303030303	1.0	0.0936335	1.0
NUDT10	5.090909090909091	1.6019351837119586e-49	0.21155947	4.1684494990036015e-07
EZH1	4.712121212121212	3.445049409216623e-91	0.36264476	1.9254512577561857e-196
CXCR2	6.742424242424242	1.0	-0.0418982	1.0
ARL6	15.0	1.0	0.03331443	1.0
FAU	4.818181818181818	1.5059610191706582e-78	0.33510152	3.057866078094619e-149
REXO4	3.984848484848485	8.694410217617934e-192	0.45905843	0.0
RGS16	6.0	0.46300423940933777	0.16623162	1.0
NBL1	5.742424242424242	2.8558071390704282e-06	0.14390188	1.0
COL8A2	15.0	1.0	0.24175279	2.254369087621771e-26
NXT1	4.7272727272727275	2.421712560332582e-89	0.22698241	2.231346232430387e-15
PCNP	5.090909090909091	1.6019351837119586e-49	0.07505576	1.0
CHMP4C	7.424242424242424	1.0	0.06777769	1.0
ARL8B	4.348484848484849	4.8892849748765516e-139	0.37522867	8.81685894124796e-219
JMY	4.151515151515151	3.849589723230579e-167	0.60395825	0.0
GTF2F2	3.8636363636363638	4.990437000413431e-210	0.3613279	3.9791853026757455e-194
SRPRB	5.0	1.3821620935970935e-58	0.045777325	1.0
PARVG	4.848484848484849	4.5854224261642e-75	0.24220757	9.310983964592405e-27
S100A13	5.651515151515151	9.112849250268435e-10	0.1286141	1.0
FGF23	6.53030303030303	1.0	0.14100255	1.0
TPST2	9.151515151515152	1.0	-0.026984842	1.0
SHFM1	4.712121212121212	3.445049409216623e-91	0.12568054	1.0
VPS26B	7.4393939393939394	1.0	0.15859753	1.0
NIT1	4.409090909090909	1.1709431526636087e-130	0.15577939	1.0
GGTLC1	6.212121212121212	1.0	0.2090459	4.424774453463711e-06
ARL14	4.787878787878788	4.3222045956551894e-82	0.20902602	4.50364936184755e-06
CRHBP	15.0	1.0	0.09544731	1.0
MAD2L2	5.575757575757576	2.407667682078258e-13	0.20866069	6.238320807659565e-06
SLC1A5	15.0	1.0	0.16921401	1.0
ARF5	5.106060606060606	4.4949480382805774e-48	0.19994885	0.0039968586481956584
GRK5	5.5	1.6274518014202265e-17	0.13727497	1.0
CD5L	6.4393939393939394	1.0	0.15275817	1.0
MTFR1	4.409090909090909	1.1709431526636087e-130	0.088641316	1.0
CALCA	15.0	1.0	0.048482534	1.0
TXNRD2	4.7272727272727275	2.421712560332582e-89	0.41742966	2.039384844426618e-295
MUC20	4.863636363636363	2.3944386296676495e-73	0.37031224	5.202629039863433e-210
DCK	7.454545454545454	1.0	0.04459823	1.0
RPL26	15.0	1.0	0.08121817	1.0
TPM4	4.636363636363637	1.2663970208888846e-100	0.17044374	1.0
HSPE1	4.454545454545454	1.8308025417514746e-124	0.2634421	1.5867686868424056e-47
GAS7	4.848484848484849	4.5854224261642e-75	0.39168775	1.860222228953121e-248
CCR5	6.212121212121212	1.0	0.2291654	8.116121151954415e-17
BGN	6.651515151515151	1.0	-0.021430979	1.0
PRPS1	6.878787878787879	1.0	0.15462925	1.0
CGA	7.045454545454546	1.0	0.031172033	1.0
PTHLH	5.833333333333333	0.0011874730962516493	0.072891645	1.0
WFDC2	5.121212121212121	1.2068095274004981e-46	0.1851426	0.9661701524585774
TRO	4.46969696969697	2.040032193293724e-122	0.20921382	3.802992789055321e-06
ECSIT	4.0606060606060606	1.6578578839968477e-180	0.46816978	0.0
PDE6H	6.121212121212121	1.0	0.16062102	1.0
RGS20	6.242424242424242	1.0	0.13867782	1.0
CTNNBIP1	4.196969696969697	1.4895433699893624e-160	0.22078705	1.189561781122593e-11
FLOT2	4.515151515151516	2.3986497037817864e-116	0.028158577	1.0
SUPT4H1	4.7272727272727275	2.421712560332582e-89	0.24078128	1.4620662872601135e-25
DMC1	4.787878787878788	4.3222045956551894e-82	0.09906479	1.0
LY6G6F	4.7272727272727275	2.421712560332582e-89	0.20768708	1.4556525492000987e-05
HUS1B	5.348484848484849	1.4467502508287116e-27	0.13132781	1.0
RPS16	5.712121212121212	2.43404951276035e-07	0.121571004	1.0
MAGEB18	3.9696969696969697	4.645458642258488e-194	0.08849321	1.0
HBA1	8.878787878787879	1.0	0.067747235	1.0
GUCA2A	8.863636363636363	1.0	0.20021653	0.0034019359525210287
CLUAP1	15.0	1.0	0.015064709	1.0
RSRC1	5.0	1.3821620935970935e-58	0.4005841	1.2337263433394866e-264
MED22	6.454545454545454	1.0	0.1154662	1.0
SYN2	4.454545454545454	1.8308025417514746e-124	0.084092736	1.0
TMED1	4.090909090909091	4.996803001880512e-176	0.23480912	7.653401694083537e-21
CCL3L1	7.151515151515151	1.0	0.16022311	1.0
DOK6	4.924242424242424	1.265707574008615e-66	0.15878934	1.0
FXN	4.954545454545454	2.339787434928052e-63	0.22202712	2.356936430784174e-12
NXN	4.53030303030303	2.4274693143251508e-114	0.10779588	1.0
FLI1	4.348484848484849	4.8892849748765516e-139	0.015373315	1.0
CREB3L1	4.53030303030303	2.4274693143251508e-114	0.29553166	4.4092107352038986e-88
TRA2B	4.681818181818182	6.333737555295499e-95	0.27863023	1.7369668277082422e-65
CBFA2T2	4.515151515151516	2.3986497037817864e-116	0.4736419	0.0
XRCC3	7.863636363636363	1.0	-0.0007381543	1.0
MAP3K6	4.712121212121212	3.445049409216623e-91	0.5271621	0.0
HHLA3	5.181818181818182	4.0646540127585765e-41	0.108312406	1.0
CST5	9.545454545454545	1.0	0.07121221	1.0
ACTA2	5.378787878787879	2.2421187423656065e-25	-0.059910133	1.0
ARPC3	5.151515151515151	7.625974972303267e-44	0.068700895	1.0
FAM50B	5.0606060606060606	1.797670388943156e-52	0.41458255	3.297198542380836e-290
HOXC13	5.106060606060606	4.4949480382805774e-48	0.07348336	1.0
GTF2E1	4.4393939393939394	1.6126884793906135e-126	-0.11342443	1.0
IL25	9.93939393939394	1.0	0.14716934	1.0
ASGR2	7.4393939393939394	1.0	0.18053548	1.0
SKA2	8.5	1.0	0.065655924	1.0
MBL2	11.757575757575758	1.0	0.17190346	1.0
PELI1	5.03030303030303	1.7150705756327545e-55	0.014338628	1.0
PDZK1IP1	4.803030303030303	2.5916093890928528e-80	0.24859247	1.989617061017333e-32
IL6R	4.0	1.6094176380028617e-189	0.064882055	1.0
RNF7	4.924242424242424	1.265707574008615e-66	0.14209329	1.0
TNNI3	5.787878787878788	7.476737059261286e-05	0.02977168	1.0
CTSH	8.545454545454545	1.0	0.10706832	1.0
PRKAR2A	4.863636363636363	2.3944386296676495e-73	-0.14842829	1.0
BPY2C	6.0606060606060606	0.9815462904994844	0.1210276	1.0
HNRNPA2B1	4.106060606060606	8.500160823487073e-174	0.45099485	0.0
CHMP2A	8.424242424242424	1.0	0.05271629	1.0
DLST	6.2727272727272725	1.0	0.050025508	1.0
LCN2	7.515151515151516	1.0	0.20962082	2.625939304089855e-06
CYP11A1	6.348484848484849	1.0	0.1482089	1.0
GSC	3.893939393939394	1.8846682085548561e-205	0.28559062	1.7463254609233476e-74
C1orf35	5.590909090909091	1.3974580680846262e-12	0.050908312	1.0
C9orf16	6.196969696969697	1.0	0.25102744	1.0027349679946986e-34
SKA1	7.5	1.0	0.01370299	1.0
CLCF1	6.9393939393939394	1.0	0.056403823	1.0
MDH1	6.106060606060606	1.0	0.20627137	4.712744044628757e-05
GSR	6.863636363636363	1.0	0.102696806	1.0
CNN2	4.96969696969697	9.498709933095162e-62	0.38081083	8.501862846486484e-229
ST3GAL3	6.5	1.0	0.16471964	1.0
MED4	15.0	1.0	0.108954586	1.0
HCRTR2	15.0	1.0	0.113388345	1.0
IL8	8.712121212121213	1.0	0.096069835	1.0
IGLL1	6.212121212121212	1.0	0.10415165	1.0
MEX3B	4.106060606060606	8.500160823487073e-174	0.46005046	0.0
VPS37C	4.5606060606060606	2.3057357993651317e-110	0.05592777	1.0
NDUFA6	5.863636363636363	0.005653383481306722	0.17494328	1.0
TOMM20	5.651515151515151	9.112849250268435e-10	0.041322146	1.0
UBE2G1	5.378787878787879	2.2421187423656065e-25	0.12723632	1.0
POLR2F	5.090909090909091	1.6019351837119586e-49	0.22132894	5.899544735649989e-12
POLR2C	5.045454545454546	5.659481355966012e-54	-0.042804446	1.0
DCTN3	4.696969696969697	4.730191825147677e-93	0.19921671	0.006143107445452411
TNFSF11	5.121212121212121	1.2068095274004981e-46	0.12132714	1.0
HHIP	15.0	1.0	0.34635147	3.5114372817067e-168
FKBPL	5.257575757575758	1.1911514938980334e-34	0.542445	0.0
DLX2	4.424242424242424	1.3907764601371584e-128	0.10160128	1.0
S100A1	5.257575757575758	1.1911514938980334e-34	0.08198056	1.0
DR1	5.378787878787879	2.2421187423656065e-25	0.074818976	1.0
UBE2D3	4.242424242424242	5.153875612728923e-154	0.40103203	1.879834247055597e-265
PTTG1IP	4.7727272727272725	6.962344027357639e-84	0.080523476	1.0
GOSR2	5.954545454545454	0.16775844587044184	0.16832829	1.0
SUMO4	4.090909090909091	4.996803001880512e-176	-0.0975225	1.0
CINP	15.0	1.0	0.02116906	1.0
GABPB1	4.787878787878788	4.3222045956551894e-82	-0.007513598	1.0
TNFRSF12A	5.045454545454546	5.659481355966012e-54	0.25469953	2.5298181046236375e-38
CHGB	4.757575757575758	1.090042831805119e-85	0.047504254	1.0
HIST2H2BE	4.681818181818182	6.333737555295499e-95	0.16380046	1.0
TSNAXIP1	7.03030303030303	1.0	0.15006085	1.0
ATP6V0E1	6.53030303030303	1.0	0.07812889	1.0
BLOC1S4	7.5	1.0	0.04503471	1.0
TXNDC17	7.5606060606060606	1.0	0.15252154	1.0
ELSPBP1	4.5	2.320495940381192e-118	0.37852415	1.093900504229103e-224
TTC14	5.5	1.6274518014202265e-17	0.38982567	4.428182209288064e-245
GNB1	6.045454545454546	0.8578473876992072	0.20585693	6.561145899315889e-05
SUB1	3.878787878787879	9.67482637323781e-208	0.3429957	1.7807337254932018e-162
TAGLN	4.318181818181818	2.7918664717826296e-143	0.26432824	1.6590339229011906e-48
GDNF	5.924242424242424	0.06681571323853634	0.065867655	1.0
C8G	9.393939393939394	1.0	0.20090677	0.002221733798405965
C4orf17	4.136363636363637	2.3580860918747585e-169	0.1117247	1.0
ZNF622	4.863636363636363	2.3944386296676495e-73	0.39089808	5.034712730935121e-247
GH2	5.015151515151516	4.965087209642441e-57	0.30192986	2.9140992264639484e-97
NFIA	4.2727272727272725	1.056112086203131e-149	0.4392336	0.0
EPS8L2	5.045454545454546	5.659481355966012e-54	0.59219724	0.0
ARL3	5.015151515151516	4.965087209642441e-57	0.16167848	1.0
MAGEA1	5.257575757575758	1.1911514938980334e-34	-0.010957294	1.0
ZNRD1	5.606060606060606	7.6746572533737e-12	0.21253757	1.5720952235434496e-07
PSENEN	4.742424242424242	1.6577844026969324e-87	0.36420104	3.490735478900937e-199
ACTR3	5.181818181818182	4.0646540127585765e-41	-0.0709231	1.0
BCL2L13	6.96969696969697	1.0	0.1725256	1.0
ARPC2	6.181818181818182	1.0	0.010008157	1.0
PRKAG1	15.0	1.0	0.13954265	1.0
MYOZ3	4.818181818181818	1.5059610191706582e-78	0.14244412	1.0
TPM2	4.5606060606060606	2.3057357993651317e-110	0.34495097	8.54037108227025e-166
NR2C2AP	4.712121212121212	3.445049409216623e-91	0.13813642	1.0
NIPSNAP3A	4.787878787878788	4.3222045956551894e-82	0.15547705	1.0
RNF138	6.015151515151516	0.5905005552315811	0.10444317	1.0
C21orf56	10.227272727272727	1.0	0.16416666	1.0
TMEM161A	5.196969696969697	8.770307777023999e-40	0.07744669	1.0
RAB14	5.681818181818182	1.664947422503421e-08	0.13885233	1.0
C10orf10	5.409090909090909	2.812288621595938e-23	0.23148894	2.0171347950454054e-18
LGALS1	15.0	1.0	0.04929119	1.0
SPRR1A	4.848484848484849	4.5854224261642e-75	0.22231679	1.6036012914346741e-12
COX4I2	6.909090909090909	1.0	0.06217455	1.0
WBP1	4.712121212121212	3.445049409216623e-91	0.20567802	7.556283781602862e-05
POLR3H	15.0	1.0	0.031255987	1.0
SHBG	5.984848484848484	0.3459152735646521	-0.10730137	1.0
TANK	4.136363636363637	2.3580860918747585e-169	0.48035344	0.0
CRYBA2	15.0	1.0	0.029937755	1.0
EEF1B2	5.075757575757576	5.495762606430855e-51	0.21867345	1.6725389557101983e-10
SUDS3	4.409090909090909	1.1709431526636087e-130	0.1640468	1.0
DNAJB6	4.348484848484849	4.8892849748765516e-139	0.15580906	1.0
FAM46C	4.651515151515151	1.037003425140186e-98	0.0354423	1.0
SSTR3	10.333333333333334	1.0	0.13396059	1.0
NUCKS1	15.0	1.0	0.18320633	1.0
GHRH	15.0	1.0	0.17612483	1.0
MYCN	4.045454545454546	9.413247275261345e-183	0.46022844	0.0
CACYBP	5.893939393939394	0.021657682436614336	0.15585944	1.0
CACNG3	15.0	1.0	0.23882434	5.786426301467839e-24
PRR13	7.181818181818182	1.0	0.07113771	1.0
RLN2	15.0	1.0	0.10031343	1.0
CNTF	4.9393939393939394	5.535048770797336e-65	0.18783043	0.570181177351239
SNRNP40	5.575757575757576	2.407667682078258e-13	0.1836118	1.0
LYPLA2	5.242424242424242	6.647471978626986e-36	0.15757604	1.0
ARHGAP29	4.7272727272727275	2.421712560332582e-89	0.034546867	1.0
EID2	3.8333333333333335	1.2495185782783626e-214	0.36199424	2.6832760459176514e-195
UCP1	5.484848484848484	2.035332163566379e-18	0.14599684	1.0
BTLA	4.742424242424242	1.6577844026969324e-87	0.40803888	3.039866100931966e-278
DCUN1D1	5.0	1.3821620935970935e-58	0.15481944	1.0
PSMB1	6.166666666666667	1.0	0.037467662	1.0
EXOSC6	6.136363636363637	1.0	-0.075582944	1.0
TIA1	6.106060606060606	1.0	0.19718418	0.01853719828022775
ATF4	4.03030303030303	5.2929460164396896e-185	-0.07831389	1.0
HNRNPC	4.287878787878788	1.4852780113973228e-147	0.4171479	6.677466033771813e-295
TXN	4.075757575757576	2.898466868756153e-178	0.41341448	4.504487879139461e-288
RAB13	4.045454545454546	9.413247275261345e-183	0.27946714	1.520247721677666e-66
HTN3	15.0	1.0	0.08727067	1.0
HOXC10	4.181818181818182	9.63590226073286e-163	0.051150307	1.0
PROL1	15.0	1.0	0.015503839	1.0
GDE1	5.4393939393939394	2.881456053844129e-21	0.00016662196	1.0
SSR1	4.878787878787879	1.210302589787204e-71	0.15963101	1.0
KIAA1279	8.484848484848484	1.0	0.07419048	1.0
XCL2	15.0	1.0	0.05238765	1.0
C18orf56	5.4393939393939394	2.881456053844129e-21	0.2072195	2.1620318794680195e-05
P2RX3	15.0	1.0	0.12886274	1.0
TMEM9	6.742424242424242	1.0	0.04494845	1.0
KIAA1524	4.333333333333333	3.721508830056371e-141	0.28832456	3.8601710947083764e-78
PITPNB	6.636363636363637	1.0	0.18680905	0.7122180284719817
PITPNA	4.333333333333333	3.721508830056371e-141	0.20866942	6.19164086666251e-06
AGTRAP	15.0	1.0	0.044380635	1.0
RAB4A	5.46969696969697	2.4090497997966194e-19	0.13049401	1.0
HOXB8	6.045454545454546	0.8578473876992072	0.11821486	1.0
ADORA1	5.787878787878788	7.476737059261286e-05	0.022580845	1.0
MYCBP	5.5606060606060606	3.933561957910748e-14	0.23367818	5.306030349879779e-20
TEX37	5.166666666666667	1.799159943379442e-42	0.17320573	1.0
XK	3.9393939393939394	1.3168145906029157e-198	0.44422364	0.0
RGN	4.787878787878788	4.3222045956551894e-82	0.15722002	1.0
OASL	4.696969696969697	4.730191825147677e-93	0.09308015	1.0
CAMK2B	5.0	1.3821620935970935e-58	-0.10545014	1.0
EMG1	15.0	1.0	0.020044364	1.0
EDN2	5.7727272727272725	2.661357851109339e-05	0.058546465	1.0
PTRH2	5.5606060606060606	3.933561957910748e-14	0.07488611	1.0
HSPBP1	4.2272727272727275	3.468440810002327e-156	0.03301781	1.0
KCNA2	5.0	1.3821620935970935e-58	0.45261157	0.0
THAP8	3.9242424242424243	6.899921184262694e-201	0.17427342	1.0
AKAP8	4.2727272727272725	1.056112086203131e-149	-0.14411369	1.0
ANG	6.878787878787879	1.0	0.043685477	1.0
GPR37	4.454545454545454	1.8308025417514746e-124	0.37372732	4.252716582069218e-216
MAPK7	3.878787878787879	9.67482637323781e-208	-0.20536573	1.0
C1QB	7.757575757575758	1.0	0.038763814	1.0
TGIF2	3.9696969696969697	4.645458642258488e-194	0.30163032	7.964813214548299e-97
BCL2L11	3.9545454545454546	2.497113161143616e-196	0.23789743	3.1742672010331686e-23
PRLH	6.212121212121212	1.0	0.07530342	1.0
C15orf23	5.954545454545454	0.16775844587044184	0.12119272	1.0
SOX30	6.803030303030303	1.0	0.094352916	1.0
CTSG	7.045454545454546	1.0	-0.027092176	1.0
POP4	15.0	1.0	0.10075839	1.0
HPCA	5.121212121212121	1.2068095274004981e-46	0.19421658	0.0731919036571198
RPS26	5.712121212121212	2.43404951276035e-07	0.18120064	1.0
TIMP3	7.590909090909091	1.0	0.17571321	1.0
GPSM3	5.212121212121212	1.8119808505712916e-38	0.20723227	2.1394599547775764e-05
CRABP2	5.015151515151516	4.965087209642441e-57	0.11144586	1.0
MAP2K7	4.151515151515151	3.849589723230579e-167	0.37019822	8.295199047738488e-210
NECAB3	5.545454545454546	6.0781751734860976e-15	0.060759243	1.0
NRTN	4.924242424242424	1.265707574008615e-66	0.15775706	1.0
VGLL2	4.712121212121212	3.445049409216623e-91	0.19968323	0.004681460499376615
SLC9A3R2	4.9393939393939394	5.535048770797336e-65	-0.057431467	1.0
PKM	6.106060606060606	1.0	0.37896633	1.759424151432592e-225
CLIC5	4.454545454545454	1.8308025417514746e-124	0.25051737	3.0792095500042604e-34
GAL3ST1	15.0	1.0	0.14894779	1.0
PKIB	5.2272727272727275	3.567716469429752e-37	0.13588578	1.0
TIMM13	6.681818181818182	1.0	0.052912258	1.0
WDYHV1	5.2727272727272725	2.0333752743474065e-33	0.07317859	1.0
NKIRAS2	4.651515151515151	1.037003425140186e-98	0.39006615	1.6244871046737243e-245
VAMP2	6.0606060606060606	0.9815462904994844	0.05964453	1.0
CCL25	9.151515151515152	1.0	0.086147964	1.0
GNG4	7.045454545454546	1.0	0.12689337	1.0
KLRC4	15.0	1.0	0.035763428	1.0
RABAC1	6.333333333333333	1.0	0.11936709	1.0
RAMP3	15.0	1.0	0.12000309	1.0
HSPB7	4.848484848484849	4.5854224261642e-75	0.08140119	1.0
SCAMP2	7.5	1.0	0.14994246	1.0
CCL21	10.772727272727273	1.0	0.106932595	1.0
PGF	5.287878787878788	3.3122123718160204e-32	0.21821035	2.9262043640068436e-10
FAM103A1	5.045454545454546	5.659481355966012e-54	0.24153987	3.4046077882523206e-26
SIX2	5.075757575757576	5.495762606430855e-51	0.13485065	1.0
TAC3	5.909090909090909	0.03906974193032677	0.108891964	1.0
DUSP13	4.454545454545454	1.8308025417514746e-124	0.2602668	4.3949581988428924e-44
SLC1A4	15.0	1.0	0.17367163	1.0
IFNA5	5.166666666666667	1.799159943379442e-42	0.25352123	3.7598822749146367e-37
RPL21	6.0606060606060606	0.9815462904994844	0.06888882	1.0
PSMB10	5.03030303030303	1.7150705756327545e-55	0.13729	1.0
MORF4L1	5.166666666666667	1.799159943379442e-42	0.026495503	1.0
UHMK1	4.666666666666667	8.237161641457738e-97	0.02399626	1.0
RGR	8.090909090909092	1.0	0.027239935	1.0
SPR	5.075757575757576	5.495762606430855e-51	0.12174048	1.0
TNKS2	7.681818181818182	1.0	0.043443237	1.0
RAB7A	5.787878787878788	7.476737059261286e-05	0.15268128	1.0
CDKL1	4.454545454545454	1.8308025417514746e-124	0.15240324	1.0
ZG16B	5.409090909090909	2.812288621595938e-23	0.19690548	0.021350442645138083
SRP14	7.454545454545454	1.0	0.039467897	1.0
ACPP	5.0	1.3821620935970935e-58	0.05764811	1.0
STYXL1	4.5	2.320495940381192e-118	0.16746023	1.0
FOXA2	4.712121212121212	3.445049409216623e-91	-0.08752158	1.0
TUBB4B	4.621212121212121	1.49917227250215e-102	-0.032751266	1.0
NRSN1	15.0	1.0	0.029572485	1.0
IPO8	4.606060606060606	1.737959073153401e-104	0.13405871	1.0
CUTC	5.484848484848484	2.035332163566379e-18	0.17246228	1.0
GMFG	8.212121212121213	1.0	0.091319546	1.0
HLA-DPA1	15.0	1.0	0.1340964	1.0
UQCRB	5.696969696969697	6.547083669482187e-08	0.07620364	1.0
ZNF652	5.181818181818182	4.0646540127585765e-41	0.43096653	3.465e-320
TEAD4	4.803030303030303	2.5916093890928528e-80	0.10615062	1.0
WDR61	4.454545454545454	1.8308025417514746e-124	0.22098938	9.16487216213414e-12
STMN2	4.363636363636363	6.189853655707169e-137	0.3332466	3.5749654264624484e-146
VPS28	4.787878787878788	4.3222045956551894e-82	0.18713127	0.6663635982540997
ETHE1	5.03030303030303	1.7150705756327545e-55	0.17478238	1.0
PRND	9.787878787878787	1.0	0.055371948	1.0
MED6	4.742424242424242	1.6577844026969324e-87	0.1883562	0.5032561702679964
APOA1BP	6.984848484848484	1.0	0.027499046	1.0
CCL28	9.151515151515152	1.0	0.15730882	1.0
CLEC2D	6.015151515151516	0.5905005552315811	0.15693553	1.0
FAM195A	4.7727272727272725	6.962344027357639e-84	0.25178298	1.8788872133035814e-35
TTPAL	4.5	2.320495940381192e-118	0.14362554	1.0
GSTM1	15.0	1.0	0.13209248	1.0
SLBP	12.242424242424242	1.0	0.015377072	1.0
EGR2	5.121212121212121	1.2068095274004981e-46	0.4335889	0.0
CFL1	4.7272727272727275	2.421712560332582e-89	0.121552914	1.0
SFTPA2	7.651515151515151	1.0	0.069239736	1.0
NFATC3	4.257575757575758	7.504677503470952e-152	0.62600476	0.0
PTGER2	15.0	1.0	0.10833825	1.0
DCAF7	4.287878787878788	1.4852780113973228e-147	0.45112416	0.0
CDC42SE1	4.606060606060606	1.737959073153401e-104	0.28491879	1.3483401190416786e-73
GCG	5.96969696969697	0.24669780146475193	0.045964055	1.0
VAMP1	6.166666666666667	1.0	0.116417885	1.0
MYBL1	4.257575757575758	7.504677503470952e-152	0.42746624	8.75585504e-314
CEP72	5.136363636363637	3.116249927713834e-45	0.45600793	0.0
SCAND1	9.242424242424242	1.0	0.023678148	1.0
PARVA	4.257575757575758	7.504677503470952e-152	0.01747637	1.0
LPL	7.909090909090909	1.0	0.10064422	1.0
SPC25	9.106060606060606	1.0	0.13829793	1.0
KRTAP3-2	5.545454545454546	6.0781751734860976e-15	0.21208705	2.4749706985525575e-07
HOXA7	5.909090909090909	0.03906974193032677	0.10031985	1.0
EIF3G	5.5	1.6274518014202265e-17	0.04531474	1.0
SGK2	4.545454545454546	2.3923140793058067e-112	0.37819958	4.1836907556398957e-224
CDK5RAP1	4.606060606060606	1.737959073153401e-104	0.42340538	2.3504049634063286e-306
PISD	15.0	1.0	0.14277253	1.0
IFNGR1	4.46969696969697	2.040032193293724e-122	0.4858607	0.0
CAV3	6.136363636363637	1.0	0.06278093	1.0
MRPS26	4.454545454545454	1.8308025417514746e-124	0.3890342	1.2019868111061153e-243
TRIB1	4.545454545454546	2.3923140793058067e-112	0.07247948	1.0
NRG4	5.287878787878788	3.3122123718160204e-32	0.16402481	1.0
TAF10	4.53030303030303	2.4274693143251508e-114	0.06386435	1.0
THEM4	4.045454545454546	9.413247275261345e-183	0.22036406	2.0432580305180345e-11
BAK1	4.621212121212121	1.49917227250215e-102	0.13630126	1.0
NDUFV3	6.181818181818182	1.0	0.09743359	1.0
XCR1	15.0	1.0	0.07663678	1.0
RAB11A	6.015151515151516	0.5905005552315811	0.14496142	1.0
RAMP1	15.0	1.0	0.17589144	1.0
AIF1	4.757575757575758	1.090042831805119e-85	0.22629659	6.138123276347422e-15
MECR	4.378787878787879	7.77867107031269e-135	0.47306025	0.0
MALSU1	7.090909090909091	1.0	0.023368247	1.0
POP5	15.0	1.0	0.120433316	1.0
OXT	6.878787878787879	1.0	0.060611673	1.0
UBE2M	5.303030303030303	5.157518393752423e-31	0.19141014	0.20900505065032554
RPLP1	4.575757575757576	2.1596514624631015e-108	0.19520737	0.04766172323592798
PGAM1	4.348484848484849	4.8892849748765516e-139	0.40315485	2.5232527546642627e-269
SYNJ2BP	5.5	1.6274518014202265e-17	0.24607077	3.968942474585358e-30
PLA2G5	4.9393939393939394	5.535048770797336e-65	0.12022213	1.0
PRDX2	4.803030303030303	2.5916093890928528e-80	0.21011008	1.6709238586004438e-06
OMP	5.848484848484849	0.002671922425091299	0.046243068	1.0
CMA1	6.7727272727272725	1.0	0.17162465	1.0
NAB2	4.681818181818182	6.333737555295499e-95	0.42595026	5.17831465674e-311
GPS1	4.424242424242424	1.3907764601371584e-128	-0.15290895	1.0
ERAS	4.878787878787879	1.210302589787204e-71	0.25689185	1.5056683438851334e-40
SSNA1	10.303030303030303	1.0	0.15976797	1.0
CA12	5.848484848484849	0.002671922425091299	-0.023292368	1.0
CD8A	6.166666666666667	1.0	0.018842872	1.0
SMYD1	4.5606060606060606	2.3057357993651317e-110	-0.014765127	1.0
C21orf91	5.5	1.6274518014202265e-17	0.1703084	1.0
GNG12	8.954545454545455	1.0	0.2502875	5.094382239362712e-34
POLD4	4.863636363636363	2.3944386296676495e-73	0.21669085	1.7503474466192358e-09
HLA-DPB1	15.0	1.0	0.0132973865	1.0
CDKN2D	4.606060606060606	1.737959073153401e-104	0.22316949	5.08361499744897e-13
BNIP3L	4.681818181818182	6.333737555295499e-95	0.13956702	1.0
PTP4A1	4.742424242424242	1.6577844026969324e-87	0.13892458	1.0
ST3GAL4	5.378787878787879	2.2421187423656065e-25	0.010224254	1.0
PFN1	4.424242424242424	1.3907764601371584e-128	0.122395515	1.0
IL18	5.303030303030303	5.157518393752423e-31	0.04411029	1.0
TNFSF8	5.878787878787879	0.011370719431532743	0.22474459	5.713565607665904e-14
HTATIP2	4.606060606060606	1.737959073153401e-104	0.090839416	1.0
LMO4	5.636363636363637	1.960882398441318e-10	0.2288103	1.405562131948725e-16
ATG12	7.909090909090909	1.0	0.060552463	1.0
SIGLEC7	4.575757575757576	2.1596514624631015e-108	0.47200328	0.0
CAMKK2	4.545454545454546	2.3923140793058067e-112	0.5288705	0.0
PROP1	5.166666666666667	1.799159943379442e-42	0.18209471	1.0
SERF2	4.681818181818182	6.333737555295499e-95	0.3724753	7.296611809621193e-214
SST	9.333333333333334	1.0	0.15638319	1.0
DAP	5.015151515151516	4.965087209642441e-57	0.21965256	5.009282679076839e-11
PPP1R2	3.9696969696969697	4.645458642258488e-194	0.22281244	8.245006044392135e-13
U2AF1	5.136363636363637	3.116249927713834e-45	0.09567655	1.0
TNFRSF14	5.03030303030303	1.7150705756327545e-55	0.13863528	1.0
S100P	6.212121212121212	1.0	0.048315216	1.0
NCAN	5.393939393939394	2.5866430052266783e-24	-0.0048080967	1.0
CALB1	5.212121212121212	1.8119808505712916e-38	0.023455497	1.0
PYCARD	7.121212121212121	1.0	0.14274672	1.0
CFL2	4.863636363636363	2.3944386296676495e-73	0.2383336	1.4284712888010307e-23
PSTPIP2	4.833333333333333	8.451693755487221e-77	0.11230544	1.0
IGFBP3	5.833333333333333	0.0011874730962516493	0.01505731	1.0
GRPEL2	4.7727272727272725	6.962344027357639e-84	0.115183026	1.0
HPGDS	15.0	1.0	0.28217226	5.2246244771455135e-70
HLA-G	6.712121212121212	1.0	0.004008779	1.0
FDX1	5.348484848484849	1.4467502508287116e-27	0.054363698	1.0
RAB4B	7.333333333333333	1.0	0.17883386	1.0
UBE2J1	5.424242424242424	2.923156208519247e-22	0.27040085	1.8644251283813463e-55
RAD51D	6.863636363636363	1.0	-0.036843956	1.0
ARHGAP27	5.2727272727272725	2.0333752743474065e-33	0.12785542	1.0
TAL2	5.045454545454546	5.659481355966012e-54	0.19135311	0.21291970634127563
TMPRSS15	15.0	1.0	0.1761644	1.0
NGB	6.075757575757576	1.0	0.18890469	0.43855184874104314
TMED2	4.924242424242424	1.265707574008615e-66	0.12133346	1.0
RWDD3	4.4393939393939394	1.6126884793906135e-126	0.20394553	0.0002813779056807921
TXNDC9	4.318181818181818	2.7918664717826296e-143	0.23037009	1.2214785411992762e-17
NPFFR2	15.0	1.0	0.20471247	0.0001592297381162631
HAND1	4.363636363636363	6.189853655707169e-137	0.19239385	0.1485797571599009
RFC2	4.681818181818182	6.333737555295499e-95	0.41532096	1.4705668922436737e-291
RPP30	15.0	1.0	0.067482546	1.0
CREB5	4.393939393939394	9.660381979554807e-133	0.13694282	1.0
GNB4	7.954545454545454	1.0	-0.047881193	1.0
CAMK2D	4.46969696969697	2.040032193293724e-122	0.40799838	3.60360614093976e-278
DPPA4	4.515151515151516	2.3986497037817864e-116	0.1354527	1.0
DGCR6L	5.515151515151516	1.237552061909311e-16	0.18088312	1.0
RAD9B	5.333333333333333	1.077567019711722e-28	-0.037988435	1.0
BZRAP1	15.0	1.0	0.1696689	1.0
RPA3	5.121212121212121	1.2068095274004981e-46	0.24055636	2.2433787509494407e-25
FAM173A	4.212121212121212	2.28090257442149e-158	0.19645734	0.02665267740015583
NAB1	4.681818181818182	6.333737555295499e-95	0.5122006	0.0
HDDC3	5.181818181818182	4.0646540127585765e-41	0.10293514	1.0
TIMP2	7.590909090909091	1.0	0.14494552	1.0
CXCL12	7.2272727272727275	1.0	0.21054713	1.108069047074874e-06
C1orf61	4.712121212121212	3.445049409216623e-91	0.17720312	1.0
ORMDL3	5.121212121212121	1.2068095274004981e-46	0.34591195	1.9721920621507422e-167
EIF4EBP2	5.393939393939394	2.5866430052266783e-24	0.11077022	1.0
FIGF	5.03030303030303	1.7150705756327545e-55	0.5342699	0.0
LEP	15.0	1.0	0.13904701	1.0
RFK	5.621212121212121	3.982970927086116e-11	0.08318958	1.0
METTL2B	4.742424242424242	1.6577844026969324e-87	0.07613373	1.0
DCX	4.318181818181818	2.7918664717826296e-143	0.06190011	1.0
KSR1	3.8181818181818183	6.290434548230126e-217	0.41948238	3.5736979947867315e-299
EIF4A1	5.590909090909091	1.3974580680846262e-12	-0.03640596	1.0
NPM3	5.015151515151516	4.965087209642441e-57	0.21005638	1.7557470876690582e-06
CD44	5.151515151515151	7.625974972303267e-44	0.010312418	1.0
C19orf25	5.46969696969697	2.4090497997966194e-19	0.24683943	8.064109874085907e-31
ZNF593	5.954545454545454	0.16775844587044184	0.08480098	1.0
FAM107A	5.0	1.3821620935970935e-58	0.14890537	1.0
HDHD2	15.0	1.0	0.010181149	1.0
RER1	4.712121212121212	3.445049409216623e-91	0.39900342	9.352864103312047e-262
CCNE2	4.106060606060606	8.500160823487073e-174	0.012854182	1.0
MLX	5.4393939393939394	2.881456053844129e-21	0.19141479	0.20873041274782225
RAB40C	8.212121212121213	1.0	0.16434853	1.0
IL18BP	6.303030303030303	1.0	0.1545207	1.0
TSHB	6.409090909090909	1.0	0.14444314	1.0
GLRX3	5.46969696969697	2.4090497997966194e-19	0.08717649	1.0
TCP1	4.484848484848484	2.2002490221096544e-120	-0.036959805	1.0
POLR2K	6.045454545454546	0.8578473876992072	0.17156635	1.0
EGLN3	4.621212121212121	1.49917227250215e-102	0.07698752	1.0
BOK	5.5	1.6274518014202265e-17	0.13511167	1.0
HBA2	15.0	1.0	0.035478868	1.0
COMMD7	7.924242424242424	1.0	0.05924512	1.0
HOXB2	4.151515151515151	3.849589723230579e-167	0.16263312	1.0
SDC2	7.242424242424242	1.0	0.0342282	1.0
SAP30	4.257575757575758	7.504677503470952e-152	0.2925541	6.3755188960731055e-84
PMP22	15.0	1.0	0.034904618	1.0
NUDT14	4.378787878787879	7.77867107031269e-135	0.24020714	4.354018914974735e-25
GP1BB	4.287878787878788	1.4852780113973228e-147	0.22984335	2.8107381651722836e-17
TPM3	5.348484848484849	1.4467502508287116e-27	0.013221632	1.0
S100A12	6.893939393939394	1.0	0.20269036	0.0006860483594950114
PHOX2A	4.2727272727272725	1.056112086203131e-149	0.18248639	1.0
NKIRAS1	4.303030303030303	2.0612681446983352e-145	0.29423302	2.940463704506479e-86
ZNF7	4.136363636363637	2.3580860918747585e-169	0.38976738	5.643967729008393e-245
HMOX1	15.0	1.0	0.18916944	0.4089680715998904
RPIA	5.4393939393939394	2.881456053844129e-21	0.08102603	1.0
CDC20	4.515151515151516	2.3986497037817864e-116	0.30459738	3.503293809592821e-101
DBNL	4.7727272727272725	6.962344027357639e-84	0.47416574	0.0
UBL5	7.075757575757576	1.0	0.11772697	1.0
VTA1	5.590909090909091	1.3974580680846262e-12	0.033156577	1.0
MXD4	6.4393939393939394	1.0	0.024370639	1.0
CD40LG	5.4393939393939394	2.881456053844129e-21	0.028310189	1.0
DYNLL2	5.757575757575758	8.96438933889546e-06	0.07698389	1.0
CCDC90B	4.409090909090909	1.1709431526636087e-130	-0.09752165	1.0
FHL3	4.636363636363637	1.2663970208888846e-100	0.07826478	1.0
TMOD1	6.257575757575758	1.0	0.15434283	1.0
STMN4	5.393939393939394	2.5866430052266783e-24	0.2236126	2.7686308903575543e-13
BLOC1S1	7.5	1.0	0.050489876	1.0
TESC	4.818181818181818	1.5059610191706582e-78	0.13057524	1.0
IFT80	15.0	1.0	0.26369807	8.283959334059263e-48
EIF1AY	5.015151515151516	4.965087209642441e-57	0.22397734	1.6734177512330844e-13
CCL16	7.212121212121212	1.0	0.14067979	1.0
RPS6KA6	4.4393939393939394	1.6126884793906135e-126	0.3292771	1.16314168069848e-139
IL4	5.136363636363637	3.116249927713834e-45	0.37857953	8.702865279417688e-225
TMEM11	5.681818181818182	1.664947422503421e-08	0.07882277	1.0
FKBP1B	6.212121212121212	1.0	0.18847527	0.4888838911124693
URM1	4.757575757575758	1.090042831805119e-85	0.38659865	3.085302257659729e-239
GREM1	7.045454545454546	1.0	0.09152423	1.0
S100B	5.0	1.3821620935970935e-58	0.05989443	1.0
DRD4	4.712121212121212	3.445049409216623e-91	0.013251131	1.0
CRB3	4.863636363636363	2.3944386296676495e-73	0.25433514	5.849848688932778e-38
KPNA1	4.46969696969697	2.040032193293724e-122	0.45967358	0.0
TFG	4.803030303030303	2.5916093890928528e-80	-0.03842869	1.0
ASB8	6.696969696969697	1.0	0.16320403	1.0
CDC42EP5	4.757575757575758	1.090042831805119e-85	0.22568823	1.484783705796346e-14
DAOA	7.636363636363637	1.0	0.054534953	1.0
CD58	4.984848484848484	3.703611499304987e-60	0.075941205	1.0
GLRX2	15.0	1.0	0.08652577	1.0
CPLX1	6.378787878787879	1.0	0.16824378	1.0
RASSF1	4.090909090909091	4.996803001880512e-176	0.19567712	0.038539265627610474
CHMP6	15.0	1.0	0.02059397	1.0
DSN1	5.484848484848484	2.035332163566379e-18	0.0065981154	1.0
TGFA	4.954545454545454	2.339787434928052e-63	0.16566558	1.0
RAD23A	4.393939393939394	9.660381979554807e-133	-0.0477453	1.0
PSMB4	4.515151515151516	2.3986497037817864e-116	0.2150127	1.1544899021487604e-08
SNRPB2	5.287878787878788	3.3122123718160204e-32	0.15267205	1.0
TAF6	4.893939393939394	5.918212061668534e-70	0.33094406	2.191813554002163e-142
KLF13	4.2727272727272725	1.056112086203131e-149	0.18512054	0.9694750576815339
PSG2	4.166666666666667	6.137148820145575e-165	0.16502681	1.0
SERTAD1	4.666666666666667	8.237161641457738e-97	0.19533746	0.04499110166320578
CYB561D2	5.257575757575758	1.1911514938980334e-34	0.1936686	0.09153850243305788
CCL26	9.151515151515152	1.0	0.17359638	1.0
DEFA5	15.0	1.0	0.07031705	1.0
TNFRSF13C	5.545454545454546	6.0781751734860976e-15	0.14963184	1.0
SMN1	4.818181818181818	1.5059610191706582e-78	-0.14664559	1.0
VAMP7	6.2272727272727275	1.0	0.120327376	1.0
IL22RA2	15.0	1.0	0.023367489	1.0
SGCG	15.0	1.0	-0.0056287013	1.0
MED19	6.454545454545454	1.0	0.050725162	1.0
TIRAP	5.0	1.3821620935970935e-58	0.17911573	1.0
MCL1	4.5	2.320495940381192e-118	-0.030978303	1.0
PSMB5	6.166666666666667	1.0	0.17368892	1.0
POLE3	5.363636363636363	1.847101461835938e-26	0.052006338	1.0
PNRC1	4.015151515151516	2.9248875795462624e-187	0.045410357	1.0
CD74	15.0	1.0	0.13433783	1.0
HFE	7.424242424242424	1.0	0.19931117	0.0058192255932567405
CABYR	4.333333333333333	3.721508830056371e-141	0.18082783	1.0
CEP19	6.181818181818182	1.0	0.18429391	1.0
PAEP	4.681818181818182	6.333737555295499e-95	0.27024204	2.8640635470570357e-55
TSR2	6.712121212121212	1.0	0.03602445	1.0
ORM1	6.96969696969697	1.0	0.1057381	1.0
PTMS	4.2727272727272725	1.056112086203131e-149	0.23851238	1.028727286734268e-23
RXFP1	15.0	1.0	0.075635284	1.0
NRAS	4.2727272727272725	1.056112086203131e-149	0.24059352	2.0922706391514115e-25
AQP3	5.075757575757576	5.495762606430855e-51	0.09586068	1.0
RAB1A	4.954545454545454	2.339787434928052e-63	0.14586708	1.0
TSPAN3	5.181818181818182	4.0646540127585765e-41	0.11315515	1.0
PEX5L	4.378787878787879	7.77867107031269e-135	0.41796133	2.1676353652363723e-296
BFAR	4.393939393939394	9.660381979554807e-133	0.45469552	0.0
CCL3	7.212121212121212	1.0	0.26906362	6.822949266973235e-54
SMCP	5.46969696969697	2.4090497997966194e-19	0.24469827	6.567687239537301e-29
CSN3	4.484848484848484	2.2002490221096544e-120	0.10489728	1.0
CHMP5	15.0	1.0	0.043489676	1.0
GIPC1	5.151515151515151	7.625974972303267e-44	-0.0040230113	1.0
EML1	7.0	1.0	0.09507267	1.0
SETD7	5.03030303030303	1.7150705756327545e-55	0.03898947	1.0
NPPA	5.333333333333333	1.077567019711722e-28	0.2866574	6.661402850698323e-76
ICAM4	5.787878787878788	7.476737059261286e-05	0.1392938	1.0
EBNA1BP2	6.242424242424242	1.0	0.18361267	1.0
KLF6	3.9545454545454546	2.497113161143616e-196	0.089175135	1.0
HIST1H2BN	6.7272727272727275	1.0	0.063234836	1.0
RAB5B	4.9393939393939394	5.535048770797336e-65	0.14458345	1.0
LSM10	13.242424242424242	1.0	0.054672632	1.0
GALNTL2	5.045454545454546	5.659481355966012e-54	0.29033867	7.112432307499951e-81
ANAPC16	6.015151515151516	0.5905005552315811	0.10455459	1.0
UBE2C	5.803030303030303	0.00019878369230689233	0.10188137	1.0
ADH5	4.545454545454546	2.3923140793058067e-112	0.39257383	4.590099142943008e-250
TAOK2	4.166666666666667	6.137148820145575e-165	0.0042219628	1.0
CMTM8	4.4393939393939394	1.6126884793906135e-126	0.027983198	1.0
NDFIP2	4.984848484848484	3.703611499304987e-60	0.15788013	1.0
E2F5	3.9242424242424243	6.899921184262694e-201	0.50318974	0.0
SCG5	15.0	1.0	0.046341117	1.0
LIMS2	4.651515151515151	1.037003425140186e-98	0.3683305	1.7244013856438978e-206
PTP4A3	5.696969696969697	6.547083669482187e-08	0.10755859	1.0
CTSS	8.545454545454545	1.0	0.0891686	1.0
HIST1H3C	5.409090909090909	2.812288621595938e-23	0.14065276	1.0
LMO1	4.984848484848484	3.703611499304987e-60	0.111192375	1.0
FERD3L	5.045454545454546	5.659481355966012e-54	0.17466444	1.0
SCARF1	6.5	1.0	0.33180872	8.345150440699504e-144
RGS19	6.0606060606060606	0.9815462904994844	0.13575964	1.0
DEFB4A	15.0	1.0	0.06919001	1.0
UNG	4.833333333333333	8.451693755487221e-77	0.16305524	1.0
NPFF	15.0	1.0	0.048574902	1.0
COMMD5	7.924242424242424	1.0	0.17466033	1.0
CDA	4.681818181818182	6.333737555295499e-95	0.16565871	1.0
ILF2	4.4393939393939394	1.6126884793906135e-126	0.16516064	1.0
PSMA1	5.136363636363637	3.116249927713834e-45	0.0527368	1.0
SLC25A11	4.636363636363637	1.2663970208888846e-100	0.123620726	1.0
ATP6V0C	7.848484848484849	1.0	0.06314834	1.0
TPD52L2	9.303030303030303	1.0	0.018667031	1.0
ARL4A	4.681818181818182	6.333737555295499e-95	0.15500854	1.0
MPC1	7.621212121212121	1.0	0.07523206	1.0
BRK1	4.893939393939394	5.918212061668534e-70	0.48656458	0.0
IFI35	4.96969696969697	9.498709933095162e-62	0.07046332	1.0
ARF4	4.4393939393939394	1.6126884793906135e-126	0.08578319	1.0
SNAP29	7.151515151515151	1.0	0.0080982065	1.0
CDK5R2	4.515151515151516	2.3986497037817864e-116	0.123637274	1.0
LGALS13	4.924242424242424	1.265707574008615e-66	0.21791326	4.176735337570531e-10
REN	15.0	1.0	0.10210349	1.0
BLOC1S6	6.5	1.0	0.032306172	1.0
MGP	7.045454545454546	1.0	0.101051375	1.0
IL5	5.787878787878788	7.476737059261286e-05	0.08729063	1.0
PIM2	5.863636363636363	0.005653383481306722	-0.0012259118	1.0
TNFRSF13B	5.045454545454546	5.659481355966012e-54	0.34113777	2.4492385853027177e-159
KRT27	4.621212121212121	1.49917227250215e-102	0.44436318	0.0
LRP2BP	4.893939393939394	5.918212061668534e-70	0.020928247	1.0
C6orf62	5.924242424242424	0.06681571323853634	0.26662937	4.288653321797643e-51
TXNL4B	4.803030303030303	2.5916093890928528e-80	0.16608025	1.0
APOC2	8.909090909090908	1.0	0.071268894	1.0
AHSA2	4.2272727272727275	3.468440810002327e-156	0.36339715	9.120589064388249e-198
BTG3	4.53030303030303	2.4274693143251508e-114	0.1901832	0.3067174885642196
RPS19	15.0	1.0	0.030359268	1.0
ARPC5	6.075757575757576	1.0	0.09765137	1.0
PYY	15.0	1.0	0.050294805	1.0
KCNK1	4.409090909090909	1.1709431526636087e-130	0.39225936	1.7088196236752453e-249
TDGF1	5.2727272727272725	2.0333752743474065e-33	0.116477676	1.0
SFPQ	4.590909090909091	1.9637076384770094e-106	0.23466086	9.880262898254558e-21
BLOC1S2	7.5	1.0	0.05370869	1.0
ULBP3	15.0	1.0	0.16315639	1.0
IL13	4.848484848484849	4.5854224261642e-75	0.23393363	3.437472732029603e-20
PSAP	8.606060606060606	1.0	0.15951885	1.0
HIST3H2BB	4.606060606060606	1.737959073153401e-104	0.19197947	0.17216245842101904
YIPF4	6.46969696969697	1.0	0.16395658	1.0
NME4	5.348484848484849	1.4467502508287116e-27	0.1121171	1.0
TCP10L	7.4393939393939394	1.0	0.030952638	1.0
MYOT	4.863636363636363	2.3944386296676495e-73	0.47721872	0.0
HSPB9	7.984848484848484	1.0	0.053675532	1.0
THY1	4.651515151515151	1.037003425140186e-98	0.29365686	1.8744113900114712e-85
HPRT1	6.2727272727272725	1.0	0.18315768	1.0
PNOC	9.742424242424242	1.0	0.043089088	1.0
SEPHS1	4.909090909090909	2.7919646467736866e-68	0.10782565	1.0
TNFRSF4	5.045454545454546	5.659481355966012e-54	0.41067126	4.680955867904893e-283
GABRA1	4.333333333333333	3.721508830056371e-141	0.45974925	0.0
WNT7B	12.712121212121213	1.0	0.14200337	1.0
PDGFA	5.696969696969697	6.547083669482187e-08	0.18240637	1.0
EFNA1	4.863636363636363	2.3944386296676495e-73	0.14754763	1.0
NMI	4.181818181818182	9.63590226073286e-163	-0.046757266	1.0
C11orf30	4.515151515151516	2.3986497037817864e-116	0.53472567	0.0
LTB	4.803030303030303	2.5916093890928528e-80	0.11185172	1.0
TROAP	6.090909090909091	1.0	0.073386095	1.0
ORAI2	4.681818181818182	6.333737555295499e-95	0.24681251	8.528457204746019e-31
EDN1	5.7727272727272725	2.661357851109339e-05	0.031914026	1.0
AKR1C3	4.712121212121212	3.445049409216623e-91	0.10578486	1.0
CIDEA	4.484848484848484	2.2002490221096544e-120	0.09103656	1.0
ECH1	4.681818181818182	6.333737555295499e-95	0.4452097	0.0
RBP2	6.318181818181818	1.0	0.052498784	1.0
UBQLN1	4.878787878787879	1.210302589787204e-71	-0.011817174	1.0
GNAO1	5.121212121212121	1.2068095274004981e-46	0.05204714	1.0
PTK6	4.393939393939394	9.660381979554807e-133	0.45737377	0.0
GNA12	4.409090909090909	1.1709431526636087e-130	-0.069435306	1.0
ILK	3.8484848484848486	2.5389712526985893e-212	0.3313205	5.290034207790192e-143
ARID4B	4.636363636363637	1.2663970208888846e-100	0.011243613	1.0
GORASP2	6.045454545454546	0.8578473876992072	0.10006874	1.0
BST1	4.575757575757576	2.1596514624631015e-108	0.14658993	1.0
KLRD1	15.0	1.0	0.032900523	1.0
LRP4	15.0	1.0	0.59654194	0.0
BUB3	4.348484848484849	4.8892849748765516e-139	0.49615374	0.0
RYBP	4.803030303030303	2.5916093890928528e-80	0.20589444	6.371124651085108e-05
CDC73	6.090909090909091	1.0	0.11572691	1.0
ELF4	4.151515151515151	3.849589723230579e-167	-0.17520726	1.0
NME1	4.46969696969697	2.040032193293724e-122	0.034849502	1.0
FCAR	5.015151515151516	4.965087209642441e-57	0.47310552	0.0
CCND2	3.9545454545454546	2.497113161143616e-196	0.44454935	0.0
CXCL5	8.651515151515152	1.0	0.11753446	1.0
CD34	4.378787878787879	7.77867107031269e-135	0.39670488	1.425194455630357e-257
DYDC1	15.0	1.0	0.21470658	1.6121779661351585e-08
CCL24	9.151515151515152	1.0	0.11971862	1.0
KIR2DL3	4.7727272727272725	6.962344027357639e-84	0.19724414	0.01797884978781601
STX4	6.03030303030303	0.7263459392288968	0.19195315	0.17371912307200038
IGFBP5	5.575757575757576	2.407667682078258e-13	0.066517115	1.0
HHEX	4.196969696969697	1.4895433699893624e-160	0.45174325	0.0
UBE2L6	5.2272727272727275	3.567716469429752e-37	0.08841388	1.0
TNF	6.318181818181818	1.0	0.03174576	1.0
CGGBP1	6.954545454545454	1.0	0.1417449	1.0
NXF3	4.742424242424242	1.6577844026969324e-87	0.33719552	1.003827973263218e-152
COMMD10	7.924242424242424	1.0	0.1756717	1.0
TMEM189-UBE2V1	5.0	1.3821620935970935e-58	0.083922625	1.0
UBXN1	4.333333333333333	3.721508830056371e-141	0.24636625	2.1538956492890654e-30
TAF9	4.257575757575758	7.504677503470952e-152	0.009961745	1.0
ZNHIT6	4.015151515151516	2.9248875795462624e-187	0.40963843	3.614359729148748e-281
UBE2Q1	4.53030303030303	2.4274693143251508e-114	0.45561564	0.0
TAOK1	4.878787878787879	1.210302589787204e-71	-0.19711412	1.0
RPA4	5.136363636363637	3.116249927713834e-45	0.37861282	7.589542547252147e-225
HIST1H2BB	7.575757575757576	1.0	0.0672615	1.0
AKR1B1	4.545454545454546	2.3923140793058067e-112	0.40013444	8.129724969466222e-264
DARC	9.409090909090908	1.0	-0.047687113	1.0
PLTP	6.984848484848484	1.0	0.28546765	2.539784245229406e-74
UCN	15.0	1.0	0.041655354	1.0
HIST1H2AI	6.5606060606060606	1.0	0.18624967	0.7943113239616251
BCL7A	5.0606060606060606	1.797670388943156e-52	0.27332872	6.024962825614899e-59
RPL8	7.5	1.0	0.00014114154	1.0
GCOM1	5.090909090909091	1.6019351837119586e-49	0.11664814	1.0
TNFSF13B	6.045454545454546	0.8578473876992072	0.014019764	1.0
CD81	6.151515151515151	1.0	0.016084123	1.0
ZNF365	4.696969696969697	4.730191825147677e-93	0.20648386	3.966464185112992e-05
PTH2	15.0	1.0	0.080720216	1.0
CXorf27	4.409090909090909	1.1709431526636087e-130	0.25614515	8.754698213325232e-40
MAL2	9.303030303030303	1.0	0.054829344	1.0
AGER	5.893939393939394	0.021657682436614336	-0.013675318	1.0
EXOSC4	6.2272727272727275	1.0	-0.036799416	1.0
IL37	6.621212121212121	1.0	0.051366698	1.0
RHOH	5.378787878787879	2.2421187423656065e-25	0.07702676	1.0
RAC3	4.0606060606060606	1.6578578839968477e-180	0.42254356	8.882882206934362e-305
HYPK	4.409090909090909	1.1709431526636087e-130	0.2558575	1.716393824209275e-39
CDON	4.181818181818182	9.63590226073286e-163	0.025440719	1.0
ZCCHC10	3.8636363636363638	4.990437000413431e-210	0.21023154	1.4922969140494607e-06
ELAVL1	4.5606060606060606	2.3057357993651317e-110	0.0332164	1.0
PPP2R5A	4.015151515151516	2.9248875795462624e-187	0.42291483	1.8593140631585298e-305
IDH3G	15.0	1.0	0.13340378	1.0
IRF8	4.4393939393939394	1.6126884793906135e-126	0.46572384	0.0
HLA-DMA	15.0	1.0	0.013879193	1.0
GAL	15.0	1.0	0.044555258	1.0
MOCS2	6.2727272727272725	1.0	0.17454681	1.0
EFNA2	5.257575757575758	1.1911514938980334e-34	0.18756217	0.6063265913659543
HSPB1	4.9393939393939394	5.535048770797336e-65	0.07564918	1.0
SDC4	4.257575757575758	7.504677503470952e-152	0.24675776	9.553353633440972e-31
TREM1	15.0	1.0	0.042569395	1.0
PIK3R5	5.393939393939394	2.5866430052266783e-24	0.5259334	0.0
HEXIM2	4.590909090909091	1.9637076384770094e-106	0.19228944	0.15427375463256063
FABP5	5.954545454545454	0.16775844587044184	0.058047317	1.0
NCS1	5.136363636363637	3.116249927713834e-45	0.118568435	1.0
TUBG2	4.5	2.320495940381192e-118	-0.022508439	1.0
NUDT3	5.803030303030303	0.00019878369230689233	0.030615369	1.0
TCHP	4.666666666666667	8.237161641457738e-97	-0.10014471	1.0
CDK8	5.015151515151516	4.965087209642441e-57	0.52277505	0.0
VIPR1	15.0	1.0	0.111461595	1.0
POLR2I	6.787878787878788	1.0	0.2024603	0.0008025375927286445
UCN2	15.0	1.0	0.061289325	1.0
FAIM2	4.9393939393939394	5.535048770797336e-65	0.2790713	4.819602490039353e-66
BCL2L14	4.681818181818182	6.333737555295499e-95	0.4199256	5.515841606245595e-300
TAC1	6.893939393939394	1.0	0.07708587	1.0
INSRR	4.666666666666667	8.237161641457738e-97	0.67310846	0.0
CLTB	3.9242424242424243	6.899921184262694e-201	0.21731496	8.47671349464417e-10
HESX1	4.7272727272727275	2.421712560332582e-89	0.14911394	1.0
TNNT3	8.393939393939394	1.0	0.16008934	1.0
NGFRAP1	4.666666666666667	8.237161641457738e-97	0.24446192	1.0590046807256964e-28
NUDT21	5.257575757575758	1.1911514938980334e-34	0.058398988	1.0
PRTN3	7.757575757575758	1.0	0.004003775	1.0
SP2	4.606060606060606	1.737959073153401e-104	0.4027798	1.220211074672731e-268
TSNAX	6.03030303030303	0.7263459392288968	-0.015818425	1.0
LSM11	12.242424242424242	1.0	0.13549754	1.0
PAFAH1B2	4.924242424242424	1.265707574008615e-66	0.10196867	1.0
ODF1	5.833333333333333	0.0011874730962516493	0.17171787	1.0
PRAF2	7.212121212121212	1.0	0.041871414	1.0
CDCA5	4.5	2.320495940381192e-118	0.37154862	3.2746681495019653e-212
SOX8	4.333333333333333	3.721508830056371e-141	0.381238	1.4467883466614534e-229
GNG13	7.045454545454546	1.0	0.14247659	1.0
CD3EAP	4.4393939393939394	1.6126884793906135e-126	-0.10771417	1.0
TICAM2	4.651515151515151	1.037003425140186e-98	0.06624323	1.0
IFNG	5.409090909090909	2.812288621595938e-23	0.10536048	1.0
HIST1H2BD	6.893939393939394	1.0	0.15592925	1.0
NCF2	4.4393939393939394	1.6126884793906135e-126	0.47156295	0.0
UBD	4.5	2.320495940381192e-118	0.20812728	9.967665496525219e-06
IL22	15.0	1.0	0.11560876	1.0
CRYAB	15.0	1.0	0.038104255	1.0
GET4	4.484848484848484	2.2002490221096544e-120	0.18751754	0.6123228425308124
RPS20	5.954545454545454	0.16775844587044184	0.1835121	1.0
STATH	15.0	1.0	0.064048566	1.0
FKBP8	4.212121212121212	2.28090257442149e-158	0.0719797	1.0
FGF7	5.196969696969697	8.770307777023999e-40	0.43156084	2.836e-321
CLIC2	15.0	1.0	0.017672941	1.0
CLEC3B	6.742424242424242	1.0	0.17985064	1.0
SMNDC1	4.606060606060606	1.737959073153401e-104	0.20780988	1.3105779976552872e-05
TIMM17A	15.0	1.0	0.16023691	1.0
POLB	4.393939393939394	9.660381979554807e-133	0.07183655	1.0
SSPN	15.0	1.0	0.062122677	1.0
CCL19	9.151515151515152	1.0	0.1302026	1.0
CMTM3	3.9696969696969697	4.645458642258488e-194	0.29387197	9.399349697966595e-86
TCAP	4.666666666666667	8.237161641457738e-97	0.1330777	1.0
FATE1	5.03030303030303	1.7150705756327545e-55	0.22839704	2.6498717678740854e-16
PARK2	4.484848484848484	2.2002490221096544e-120	0.024729295	1.0
RABIF	6.545454545454546	1.0	0.060624752	1.0
NDRG2	5.0606060606060606	1.797670388943156e-52	0.2218428	3.0084586686731943e-12
RGCC	4.318181818181818	2.7918664717826296e-143	0.24021326	4.304973270446701e-25
MYL6	5.015151515151516	4.965087209642441e-57	0.14997998	1.0
CETN3	4.712121212121212	3.445049409216623e-91	0.24668223	1.118125074983971e-30
RFC3	4.681818181818182	6.333737555295499e-95	0.1055509	1.0
RCAN1	4.121212121212121	1.4224876522889679e-171	0.42911854	8.3001423e-317
RBP4	6.166666666666667	1.0	0.13948736	1.0
UBE2J2	7.575757575757576	1.0	0.15307246	1.0
BRAP	5.257575757575758	1.1911514938980334e-34	-0.1263697	1.0
KLF1	3.878787878787879	9.67482637323781e-208	0.11921813	1.0
DPM1	15.0	1.0	0.116359614	1.0
C11orf1	5.015151515151516	4.965087209642441e-57	0.21664397	1.8461649273686663e-09
ENO2	6.9393939393939394	1.0	0.06622381	1.0
G3BP2	4.363636363636363	6.189853655707169e-137	0.5452182	0.0
COX7A2L	6.015151515151516	0.5905005552315811	0.13417022	1.0
SH3BP5	4.121212121212121	1.4224876522889679e-171	0.19118342	0.22487769654364817
H1F0	4.636363636363637	1.2663970208888846e-100	0.20704675	2.497201369058871e-05
PPP1R17	4.5606060606060606	2.3057357993651317e-110	0.25165012	2.52472210327652e-35
GNG5	7.045454545454546	1.0	0.12816787	1.0
ZBED5	4.166666666666667	6.137148820145575e-165	0.40971422	2.627476821080889e-281
TRIAP1	3.909090909090909	3.667840828331614e-203	0.28249753	1.980647611741557e-70
RAD18	4.803030303030303	2.5916093890928528e-80	-0.079388075	1.0
PIGA	15.0	1.0	0.0036989234	1.0
ZYX	4.378787878787879	7.77867107031269e-135	0.43606028	0.0
RGS9BP	15.0	1.0	0.025713911	1.0
MED13L	7.4393939393939394	1.0	0.11491429	1.0
SNRPD1	5.424242424242424	2.923156208519247e-22	0.21253276	1.5794032130186176e-07
ERCC2	4.606060606060606	1.737959073153401e-104	0.3389077	1.3726982096754455e-155
FAM86A	7.712121212121212	1.0	0.13919748	1.0
PRLR	4.4393939393939394	1.6126884793906135e-126	0.5395856	0.0
TPM1	5.545454545454546	6.0781751734860976e-15	-0.0036604896	1.0
NFE2	5.151515151515151	7.625974972303267e-44	-0.012957502	1.0
ZNF174	5.333333333333333	1.077567019711722e-28	0.09151792	1.0
HOXA9	4.2727272727272725	1.056112086203131e-149	0.13567573	1.0
HMG20A	5.4393939393939394	2.881456053844129e-21	0.35203245	6.195100659315022e-178
MORN2	7.303030303030303	1.0	0.103087984	1.0
PLGRKT	4.378787878787879	7.77867107031269e-135	0.25879484	1.585785473721654e-42
TPI1	15.0	1.0	0.12955795	1.0
SCAMP3	4.5	2.320495940381192e-118	0.08014067	1.0
CBX3	4.621212121212121	1.49917227250215e-102	0.1418048	1.0
FLYWCH1	4.484848484848484	2.2002490221096544e-120	0.41045848	1.144351481911755e-282
CGB	7.409090909090909	1.0	0.19048859	0.27984941249109224
SPTSSA	8.287878787878787	1.0	0.09823706	1.0
EDF1	4.03030303030303	5.2929460164396896e-185	0.26503897	2.6704274708920584e-49
PRKRIP1	4.5606060606060606	2.3057357993651317e-110	0.19854143	0.009001817430713894
FOLR1	5.015151515151516	4.965087209642441e-57	0.21267554	1.3671521833454237e-07
PTAFR	5.075757575757576	5.495762606430855e-51	0.3753579	5.1793455888465405e-219
NPDC1	4.424242424242424	1.3907764601371584e-128	0.14270967	1.0
RFXANK	4.818181818181818	1.5059610191706582e-78	0.20014359	0.003555803602430529
CD9	5.651515151515151	9.112849250268435e-10	0.06815891	1.0
CCRL1	9.772727272727273	1.0	-0.075605415	1.0
RAB34	3.8636363636363638	4.990437000413431e-210	0.2687278	1.673031160663881e-53
GABARAP	6.621212121212121	1.0	0.023401665	1.0
TOMM22	15.0	1.0	0.039250657	1.0
LHB	6.075757575757576	1.0	0.16560316	1.0
CRIP1	4.757575757575758	1.090042831805119e-85	0.23624307	6.208116386587074e-22
DNAJB2	4.106060606060606	8.500160823487073e-174	0.19786358	0.013013001613623485
BRD4	4.818181818181818	1.5059610191706582e-78	0.58446825	0.0
WBP2	4.606060606060606	1.737959073153401e-104	0.36409354	5.401047351802659e-199
GNG3	7.045454545454546	1.0	0.24885464	1.1347218543624242e-32
BTG2	4.2272727272727275	3.468440810002327e-156	0.40438306	1.4451820637900856e-271
RAB6A	6.2727272727272725	1.0	0.011532128	1.0
NPY	15.0	1.0	0.16752565	1.0
SNCG	4.015151515151516	2.9248875795462624e-187	0.327711	4.097607641990462e-137
PSMD6	5.0	1.3821620935970935e-58	0.40097722	2.365632030944209e-265
SYPL1	7.0606060606060606	1.0	0.20968862	2.4680403446091583e-06
B4GALT3	5.0606060606060606	1.797670388943156e-52	0.012843527	1.0
CST3	7.545454545454546	1.0	0.103764445	1.0
CARD9	5.045454545454546	5.659481355966012e-54	0.44619238	0.0
CBY1	4.196969696969697	1.4895433699893624e-160	0.23403054	2.914957489986751e-20
TIMM23	15.0	1.0	0.114090316	1.0
SSTR4	10.333333333333334	1.0	0.1373859	1.0
IRF2BP1	4.545454545454546	2.3923140793058067e-112	0.3702605	6.428929293253066e-210
NHLH2	5.9393939393939394	0.10865242828933425	0.09658241	1.0
TFDP1	3.9545454545454546	2.497113161143616e-196	-0.06561507	1.0
GZMB	4.196969696969697	1.4895433699893624e-160	0.13552547	1.0
PEBP4	4.636363636363637	1.2663970208888846e-100	0.3319064	5.768561042860185e-144
OSR1	4.484848484848484	2.2002490221096544e-120	0.19972867	0.004557843967030873
PARK7	4.2727272727272725	1.056112086203131e-149	0.24191521	1.6448045869091675e-26
MRPL20	4.833333333333333	8.451693755487221e-77	0.20912397	4.124532308025446e-06
TNNC2	8.393939393939394	1.0	0.06287301	1.0
CENPC1	4.287878787878788	1.4852780113973228e-147	0.6206866	0.0
ZC3H12A	15.0	1.0	0.06933948	1.0
CIB2	4.696969696969697	4.730191825147677e-93	0.18880965	0.449265327994011
NCR1	5.393939393939394	2.5866430052266783e-24	0.12510686	1.0
RAD54L	4.803030303030303	2.5916093890928528e-80	0.27798286	1.1298149954314787e-64
TAF11	4.53030303030303	2.4274693143251508e-114	0.15402582	1.0
PPP1R13B	4.257575757575758	7.504677503470952e-152	0.12025663	1.0
POLR2J	4.681818181818182	6.333737555295499e-95	0.2516141	2.7347418375240173e-35
PPIH	6.96969696969697	1.0	0.055341244	1.0
CCDC53	5.212121212121212	1.8119808505712916e-38	0.10651741	1.0
FCGR1A	4.878787878787879	1.210302589787204e-71	0.022721395	1.0
RPS25	5.090909090909091	1.6019351837119586e-49	0.24056818	2.1946490566022844e-25
DUSP26	4.984848484848484	3.703611499304987e-60	0.21898931	1.1372363183458949e-10
MRGPRX2	11.333333333333334	1.0	0.14170913	1.0
CFHR1	11.787878787878787	1.0	0.13471925	1.0
NEUROG1	4.212121212121212	2.28090257442149e-158	0.28764558	3.1661628898193606e-77
TMSB10	7.257575757575758	1.0	0.08316443	1.0
BAG4	4.287878787878788	1.4852780113973228e-147	0.46047044	0.0
HIST2H2AC	4.378787878787879	7.77867107031269e-135	0.2528385	1.763308358596614e-36
C1orf111	5.5	1.6274518014202265e-17	0.38499093	2.4781920245486485e-236
RBM17	5.121212121212121	1.2068095274004981e-46	0.3697149	5.994691452445139e-209
IL17RB	8.93939393939394	1.0	0.07977049	1.0
PRNP	4.666666666666667	8.237161641457738e-97	0.12849216	1.0
CCDC137	6.287878787878788	1.0	0.029774206	1.0
ST6GALNAC2	4.090909090909091	4.996803001880512e-176	0.5138789	0.0
USP20	4.651515151515151	1.037003425140186e-98	0.16711174	1.0
NDUFA4L2	4.924242424242424	1.265707574008615e-66	0.09293872	1.0
GFI1	4.318181818181818	2.7918664717826296e-143	0.024952898	1.0
SPINK1	15.0	1.0	0.053810764	1.0
S100A7	4.954545454545454	2.339787434928052e-63	0.11400546	1.0
COPS4	4.590909090909091	1.9637076384770094e-106	0.44038436	0.0
CNOT7	4.075757575757576	2.898466868756153e-178	0.10879167	1.0
ODC1	15.0	1.0	0.111873135	1.0
EFNA5	5.106060606060606	4.4949480382805774e-48	0.18668686	0.7299584006409291
DNAL4	5.0606060606060606	1.797670388943156e-52	0.08802069	1.0
DMRTB1	4.651515151515151	1.037003425140186e-98	0.35272226	3.9744224331044035e-179
MPC2	5.575757575757576	2.407667682078258e-13	0.22874133	1.5630993066126914e-16
PHYHIP	5.181818181818182	4.0646540127585765e-41	0.10915281	1.0
PRSS1	15.0	1.0	0.23553015	2.1832023223259083e-21
GNAI3	6.242424242424242	1.0	0.19703841	0.01996535553680569
NCBP2	5.303030303030303	5.157518393752423e-31	0.21643984	2.333235631962381e-09
AZI2	5.03030303030303	1.7150705756327545e-55	0.20212804	0.0010046418116735694
GRIA3	5.106060606060606	4.4949480382805774e-48	0.24357587	6.2622593817700845e-28
NAP1L5	4.393939393939394	9.660381979554807e-133	0.25700402	1.1550734527491888e-40
MT2A	15.0	1.0	0.04837081	1.0
S100A6	6.0	0.46300423940933777	0.10012965	1.0
AVEN	4.712121212121212	3.445049409216623e-91	0.13842216	1.0
CIRBP	4.378787878787879	7.77867107031269e-135	0.24114059	7.35071017072029e-26
EMD	4.484848484848484	2.2002490221096544e-120	0.05562353	1.0
GLG1	4.590909090909091	1.9637076384770094e-106	0.57637423	0.0
AKIP1	4.590909090909091	1.9637076384770094e-106	0.37399942	1.3897282959035068e-216
MAFB	4.4393939393939394	1.6126884793906135e-126	0.4105719	7.11225600141571e-283
RPS14	4.015151515151516	2.9248875795462624e-187	0.23340699	8.394025395643142e-20
PTGES	15.0	1.0	0.17362557	1.0
NHLH1	5.5	1.6274518014202265e-17	0.102058105	1.0
POLR2H	5.787878787878788	7.476737059261286e-05	0.0645345	1.0
CLDN11	5.878787878787879	0.011370719431532743	0.082382455	1.0
RLN1	15.0	1.0	0.039308295	1.0
XCL1	15.0	1.0	0.13918233	1.0
RDBP	4.666666666666667	8.237161641457738e-97	0.43301746	0.0
NCF4	4.287878787878788	1.4852780113973228e-147	0.054415062	1.0
CD80	5.363636363636363	1.847101461835938e-26	0.082124315	1.0
RAD1	4.681818181818182	6.333737555295499e-95	0.08429662	1.0
NUP62CL	4.954545454545454	2.339787434928052e-63	0.10285513	1.0
PRDX5	5.409090909090909	2.812288621595938e-23	0.2856034	1.6800268111321675e-74
HIST3H2A	4.515151515151516	2.3986497037817864e-116	0.15889275	1.0
TMEM230	5.742424242424242	2.8558071390704282e-06	0.21974106	4.485954504269191e-11
OLIG2	4.2727272727272725	1.056112086203131e-149	0.11219601	1.0
THAP1	4.621212121212121	1.49917227250215e-102	0.1492101	1.0
AAR2	5.318181818181818	7.64416891530246e-30	0.17845772	1.0
CCL11	9.151515151515152	1.0	0.17454764	1.0
PDE6D	4.393939393939394	9.660381979554807e-133	0.050407693	1.0
SKP1	4.863636363636363	2.3944386296676495e-73	-0.09734797	1.0
CCDC109B	4.484848484848484	2.2002490221096544e-120	0.12936209	1.0
RORB	4.333333333333333	3.721508830056371e-141	0.44679764	0.0
SECTM1	15.0	1.0	0.02569303	1.0
AK1	4.848484848484849	4.5854224261642e-75	0.08383825	1.0
HGF	7.621212121212121	1.0	0.24622041	2.913239467998652e-30
MAFA	3.9393939393939394	1.3168145906029157e-198	0.09125385	1.0
DNAJA1	4.303030303030303	2.0612681446983352e-145	-0.018373521	1.0
TXNDC11	15.0	1.0	0.10646833	1.0
SIRT6	4.409090909090909	1.1709431526636087e-130	0.42379025	4.65333096382635e-307
KLK2	6.893939393939394	1.0	0.33684003	3.928124070113815e-152
APOA2	7.984848484848484	1.0	0.03749452	1.0
EFNA3	5.242424242424242	6.647471978626986e-36	0.21129039	5.421876394494141e-07
PITPNM3	4.742424242424242	1.6577844026969324e-87	0.5842695	0.0
CYB5A	15.0	1.0	0.048743878	1.0
AGTR1	4.984848484848484	3.703611499304987e-60	0.3998741	2.4236174123882672e-263
STX1B	7.045454545454546	1.0	0.058787003	1.0
LHX2	4.7272727272727275	2.421712560332582e-89	0.35709438	1.016787694369113e-186
CBX1	4.575757575757576	2.1596514624631015e-108	0.30631107	9.975936822705883e-104
SENP1	4.409090909090909	1.1709431526636087e-130	0.3981784	2.9755618199189228e-260
STX2	6.833333333333333	1.0	0.26912165	5.841701786943919e-54
SLC25A4	3.878787878787879	9.67482637323781e-208	0.5356811	0.0
CSTA	8.545454545454545	1.0	0.100910716	1.0
NUPR1	4.2727272727272725	1.056112086203131e-149	0.29259753	5.5539945453262925e-84
FSHB	8.045454545454545	1.0	0.069777235	1.0
BCAP31	15.0	1.0	0.11077833	1.0
SERP1	9.106060606060606	1.0	0.06925976	1.0
PFDN1	4.590909090909091	1.9637076384770094e-106	0.2032304	0.00047057175687122854
CCL20	15.0	1.0	0.063287474	1.0
PIN4	3.9393939393939394	1.3168145906029157e-198	0.26673478	3.2590392612929376e-51
APH1A	4.742424242424242	1.6577844026969324e-87	0.17301275	1.0
GPNMB	4.166666666666667	6.137148820145575e-165	0.5400232	0.0
RIT1	3.8636363636363638	4.990437000413431e-210	0.24551801	1.2377667322222351e-29
RPL41	4.318181818181818	2.7918664717826296e-143	0.18497874	0.9915169022443949
POLE4	5.2727272727272725	2.0333752743474065e-33	0.14692228	1.0
ARPC5L	7.075757575757576	1.0	0.17641237	1.0
CD55	15.0	1.0	0.1375945	1.0
ZNHIT1	3.787878787878788	1.5217783380568327e-221	0.41416883	1.8810785331874369e-289
TUBB3	7.287878787878788	1.0	0.097677834	1.0
CARD17	5.121212121212121	1.2068095274004981e-46	0.08950483	1.0
RAET1G	15.0	1.0	0.14059572	1.0
BMP2	6.045454545454546	0.8578473876992072	0.10344413	1.0
ALX4	4.696969696969697	4.730191825147677e-93	0.02268999	1.0
ATF3	3.757575757575758	3.7009411193979e-226	0.272136	1.6307024341256164e-57
TAF4	4.833333333333333	8.451693755487221e-77	-0.023104552	1.0
ROGDI	4.606060606060606	1.737959073153401e-104	0.19521889	0.04742645477742012
COMMD6	7.924242424242424	1.0	0.08503423	1.0
IL31RA	5.090909090909091	1.6019351837119586e-49	0.39846382	8.996021397546779e-261
UBE2E1	5.757575757575758	8.96438933889546e-06	0.05593663	1.0
MEAF6	5.2272727272727275	3.567716469429752e-37	0.260917	8.851788785225945e-45
ACTC1	4.454545454545454	1.8308025417514746e-124	0.23232938	5.08285604641505e-19
PPID	4.136363636363637	2.3580860918747585e-169	0.07186656	1.0
PAWR	4.424242424242424	1.3907764601371584e-128	0.026221808	1.0
PCP4	5.045454545454546	5.659481355966012e-54	0.20473273	0.00015683892491001462
HES6	4.121212121212121	1.4224876522889679e-171	0.25336853	5.313059043077968e-37
PMAIP1	4.681818181818182	6.333737555295499e-95	0.2564335	4.445650240169294e-40
UBE2E3	4.606060606060606	1.737959073153401e-104	0.08136247	1.0
CENPK	5.5	1.6274518014202265e-17	0.22824861	3.3236980807225844e-16
NDUFB9	4.7727272727272725	6.962344027357639e-84	0.22465679	6.465682752886237e-14
PCMT1	4.545454545454546	2.3923140793058067e-112	0.18846625	0.4898735713214888
COX17	4.651515151515151	1.037003425140186e-98	0.2807728	3.301594879018994e-68
ARRB1	4.681818181818182	6.333737555295499e-95	-0.14703465	1.0
HIST1H2BG	4.863636363636363	2.3944386296676495e-73	0.1497751	1.0
CDKN2C	3.909090909090909	3.667840828331614e-203	0.415271	1.8135967698759428e-291
CCNG2	4.46969696969697	2.040032193293724e-122	0.34337157	4.113018486846736e-163
RPL36	6.636363636363637	1.0	0.055438176	1.0
COPS7A	3.9242424242424243	6.899921184262694e-201	0.11671511	1.0
RBM7	4.803030303030303	2.5916093890928528e-80	0.40688145	3.956314486973956e-276
TMPRSS11A	4.742424242424242	1.6577844026969324e-87	0.33619085	4.738335885962813e-151
ZDHHC4	4.090909090909091	4.996803001880512e-176	0.16692287	1.0
NCALD	4.46969696969697	2.040032193293724e-122	0.2359247	1.090870321479517e-21
SERTAD3	4.242424242424242	5.153875612728923e-154	0.27009836	4.223208708421534e-55
SUPT3H	4.333333333333333	3.721508830056371e-141	0.39205146	4.0704715003109746e-249
MGST2	15.0	1.0	0.06480269	1.0
DEFA1	15.0	1.0	0.039464798	1.0
FCGR2B	4.924242424242424	1.265707574008615e-66	0.15391235	1.0
MT1G	6.984848484848484	1.0	0.18338874	1.0
BRIX1	4.924242424242424	1.265707574008615e-66	0.1286213	1.0
MTCP1	4.015151515151516	2.9248875795462624e-187	0.261751	1.1175007707602941e-45
CEACAM3	4.303030303030303	2.0612681446983352e-145	0.48393205	0.0
RAD51C	6.863636363636363	1.0	0.07569114	1.0
TIFA	4.833333333333333	8.451693755487221e-77	0.20413671	0.0002446680261358483
KCNE4	4.424242424242424	1.3907764601371584e-128	0.23263596	3.0575541258315273e-19
FANCF	4.484848484848484	2.2002490221096544e-120	0.41435143	8.717330750018272e-290
SHCBP1	4.833333333333333	8.451693755487221e-77	0.31720227	2.277575590360751e-120
RIT2	4.212121212121212	2.28090257442149e-158	0.20805338	1.0624411761192742e-05
TNNI2	7.393939393939394	1.0	0.019134516	1.0
FXYD1	5.954545454545454	0.16775844587044184	0.16430084	1.0
CXCL13	10.06060606060606	1.0	0.06847017	1.0
BRCC3	4.181818181818182	9.63590226073286e-163	0.39582536	5.663122362712263e-256
PNP	5.409090909090909	2.812288621595938e-23	0.38741282	1.0386108598900539e-240
C16orf80	4.363636363636363	6.189853655707169e-137	0.25866315	2.1798989700354438e-42
NUDT18	5.53030303030303	8.920550128250713e-16	-0.09303353	1.0
BTG1	4.424242424242424	1.3907764601371584e-128	0.4236399	8.761404038306704e-307
DUSP2	4.0	1.6094176380028617e-189	0.22895867	1.1180694118965182e-16
COASY	5.2272727272727275	3.567716469429752e-37	0.32317448	8.257332758817851e-130
HIST1H3E	6.121212121212121	1.0	0.14346914	1.0
MAFF	5.0606060606060606	1.797670388943156e-52	0.09484925	1.0
XRCC6BP1	4.5	2.320495940381192e-118	0.3708635	5.4336774888155276e-211
FNDC5	6.045454545454546	0.8578473876992072	0.04712404	1.0
CCL15	9.151515151515152	1.0	0.16908035	1.0
BEGAIN	5.287878787878788	3.3122123718160204e-32	-0.19394918	1.0
TAF9B	3.909090909090909	3.667840828331614e-203	0.14094387	1.0
LRAT	5.318181818181818	7.64416891530246e-30	0.03439659	1.0
CYBA	4.484848484848484	2.2002490221096544e-120	0.19657975	0.0251010351032537
SAT2	4.348484848484849	4.8892849748765516e-139	0.40490532	1.6101723131747676e-272
MTCH1	4.757575757575758	1.090042831805119e-85	0.362822	9.395220730246477e-197
PSMA7	5.166666666666667	1.799159943379442e-42	0.05782575	1.0
TNFSF13	6.045454545454546	0.8578473876992072	0.05397742	1.0
BIRC7	4.318181818181818	2.7918664717826296e-143	0.20788187	1.2323255040931944e-05
ACTR1B	4.090909090909091	4.996803001880512e-176	0.10278399	1.0
HNRNPH3	4.46969696969697	2.040032193293724e-122	0.111849695	1.0
SMN2	5.590909090909091	1.3974580680846262e-12	-0.041642066	1.0
TNNC1	6.787878787878788	1.0	0.040976517	1.0
LMO2	4.893939393939394	5.918212061668534e-70	0.04919003	1.0
CD200	15.0	1.0	0.09668696	1.0
HIST4H4	4.287878787878788	1.4852780113973228e-147	0.20260692	0.0007263836374022085
HIST1H1E	5.46969696969697	2.4090497997966194e-19	0.18801078	0.5468144168610324
SHISA5	3.9696969696969697	4.645458642258488e-194	0.10933343	1.0
STOML3	4.5606060606060606	2.3057357993651317e-110	0.15009326	1.0
CCL5	8.833333333333334	1.0	0.14923716	1.0
PDCD6	5.106060606060606	4.4949480382805774e-48	0.0830667	1.0
ARL6IP5	8.212121212121213	1.0	0.036157135	1.0
CRYBA1	15.0	1.0	0.024769105	1.0
SNAI1	4.954545454545454	2.339787434928052e-63	0.17238952	1.0
DEFA3	15.0	1.0	0.039464798	1.0
IRF3	4.303030303030303	2.0612681446983352e-145	0.15939698	1.0
HLA-DQA1	4.863636363636363	2.3944386296676495e-73	0.23057474	8.817637520056091e-18
KXD1	5.181818181818182	4.0646540127585765e-41	5.866974e-05	1.0
CD3G	5.5	1.6274518014202265e-17	0.24084301	1.30022572235059e-25
C1orf174	4.4393939393939394	1.6126884793906135e-126	0.21014166	1.623004125431456e-06
PILRA	4.742424242424242	1.6577844026969324e-87	0.5120635	0.0
CD86	5.363636363636363	1.847101461835938e-26	0.24242158	6.12985864065161e-27
GRK1	4.46969696969697	2.040032193293724e-122	0.19109312	0.23138768877180912
FRMPD4	5.9393939393939394	0.10865242828933425	0.4380295	0.0
ARF3	6.46969696969697	1.0	0.20081502	0.002351452095101265
TSPAN6	4.515151515151516	2.3986497037817864e-116	0.39928696	2.8460504242637076e-262
GATAD2B	3.984848484848485	8.694410217617934e-192	0.4679661	0.0
DFFB	4.484848484848484	2.2002490221096544e-120	0.03741629	1.0
GABARAPL2	5.96969696969697	0.24669780146475193	0.03459275	1.0
CCL14	9.151515151515152	1.0	0.1774356	1.0
TDP2	4.166666666666667	6.137148820145575e-165	0.4542286	0.0
HSPB2	7.075757575757576	1.0	0.1603984	1.0
KCNE1	4.4393939393939394	1.6126884793906135e-126	0.24231234	7.589228015736644e-27
TCTA	4.166666666666667	6.137148820145575e-165	0.38154438	4.0673177703140884e-230
KIAA1598	6.2272727272727275	1.0	0.44415933	0.0
RPL18A	5.636363636363637	1.960882398441318e-10	0.16031036	1.0
CETN1	4.590909090909091	1.9637076384770094e-106	0.22993912	2.417472749969309e-17
TSGA10	4.575757575757576	2.1596514624631015e-108	0.39780635	1.4128909862944494e-259
FRK	4.393939393939394	9.660381979554807e-133	0.43784386	0.0
RAB2B	4.106060606060606	8.500160823487073e-174	0.28071386	3.92734279296931e-68
GTF2H2	4.666666666666667	8.237161641457738e-97	0.51383317	0.0
DPYSL2	4.075757575757576	2.898466868756153e-178	0.48028234	0.0
CRYZ	15.0	1.0	0.15579037	1.0
IL9	5.333333333333333	1.077567019711722e-28	0.07904419	1.0
NAA10	15.0	1.0	0.112147264	1.0
WISP1	7.545454545454546	1.0	0.1788531	1.0
CCL2	9.151515151515152	1.0	0.29540965	6.550414072031986e-88
HERC5	4.393939393939394	9.660381979554807e-133	0.1580186	1.0
TOB2	4.333333333333333	3.721508830056371e-141	0.48981205	0.0
HBE1	15.0	1.0	0.13074869	1.0
PTPLB	15.0	1.0	0.12871751	1.0
PIM3	4.575757575757576	2.1596514624631015e-108	0.10000936	1.0
MT1H	8.984848484848484	1.0	0.05576687	1.0
SIGLEC11	4.742424242424242	1.6577844026969324e-87	0.43469405	0.0
MAGI2	4.848484848484849	4.5854224261642e-75	0.43839002	0.0
CTR9	5.606060606060606	7.6746572533737e-12	0.6195857	0.0
ARPC4	6.075757575757576	1.0	0.0709945	1.0
CCL23	9.151515151515152	1.0	0.11290143	1.0
CRHR2	15.0	1.0	0.06501531	1.0
DBI	15.0	1.0	0.054817557	1.0
MLC1	5.318181818181818	7.64416891530246e-30	0.15951598	1.0
GTF2A1	4.287878787878788	1.4852780113973228e-147	0.45555267	0.0
ANTXR1	4.181818181818182	9.63590226073286e-163	0.41094342	1.4892907072004762e-283
SNAP23	6.2727272727272725	1.0	0.2466248	1.2596253705093003e-30
APOA1	5.984848484848484	0.3459152735646521	-0.025168633	1.0
CARHSP1	6.666666666666667	1.0	0.039739173	1.0
MAPK15	4.166666666666667	6.137148820145575e-165	0.47062337	0.0
RASD1	5.606060606060606	7.6746572533737e-12	0.22269167	9.702196562409782e-13
RFXAP	4.454545454545454	1.8308025417514746e-124	0.086804144	1.0
POLE2	4.363636363636363	6.189853655707169e-137	0.46109322	0.0
TNFAIP8	15.0	1.0	0.025189083	1.0
CDC37L1	4.2272727272727275	3.468440810002327e-156	0.14762957	1.0
RAD21	5.712121212121212	2.43404951276035e-07	-0.14833193	1.0
HDLBP	5.712121212121212	2.43404951276035e-07	0.010549361	1.0
TRPT1	5.045454545454546	5.659481355966012e-54	0.21182682	3.2035001330888896e-07
LOX	15.0	1.0	0.112918966	1.0
MCTS1	5.924242424242424	0.06681571323853634	0.13857003	1.0
CCL13	9.151515151515152	1.0	0.17454764	1.0
PTP4A2	5.46969696969697	2.4090497997966194e-19	0.22134387	5.787152084179896e-12
GALR1	15.0	1.0	0.11460489	1.0
MPHOSPH6	4.96969696969697	9.498709933095162e-62	0.17361142	1.0
MED10	4.681818181818182	6.333737555295499e-95	0.29592124	1.2438830607721568e-88
HTR1F	4.575757575757576	2.1596514624631015e-108	0.10355634	1.0
MLLT10	5.075757575757576	5.495762606430855e-51	0.305144	5.4301380363460435e-102
MED11	6.454545454545454	1.0	0.1799664	1.0
TEAD2	4.424242424242424	1.3907764601371584e-128	0.43693587	0.0
H3F3A	4.363636363636363	6.189853655707169e-137	0.25340483	4.893487376120019e-37
TRIM8	5.151515151515151	7.625974972303267e-44	0.3737857	3.347084109928756e-216
CIZ1	4.636363636363637	1.2663970208888846e-100	0.33420718	9.254500501637452e-148
VPS37D	4.5606060606060606	2.3057357993651317e-110	0.1922147	0.15844058507896358
SAP18	4.287878787878788	1.4852780113973228e-147	0.22851487	2.2122427764013098e-16
HOOK2	5.242424242424242	6.647471978626986e-36	0.3157487	4.193700115188098e-118
CXADR	5.090909090909091	1.6019351837119586e-49	0.24994878	1.0660795770544658e-33
AGTPBP1	5.196969696969697	8.770307777023999e-40	0.29796052	1.5745158829232497e-91
JKAMP	4.2727272727272725	1.056112086203131e-149	0.3941393	6.570699218410237e-253
NEU3	4.46969696969697	2.040032193293724e-122	0.07960443	1.0
SNX18	5.0	1.3821620935970935e-58	0.6442486	0.0
RNF41	4.848484848484849	4.5854224261642e-75	0.14468329	1.0
WTIP	4.393939393939394	9.660381979554807e-133	-0.0014760236	1.0
LRR1	6.045454545454546	0.8578473876992072	0.08372756	1.0
C2orf18	6.393939393939394	1.0	0.0885137	1.0
COMMD2	7.924242424242424	1.0	0.05924512	1.0
CORT	10.333333333333334	1.0	0.03927484	1.0
STX1A	5.409090909090909	2.812288621595938e-23	0.077424504	1.0
GSTP1	4.166666666666667	6.137148820145575e-165	0.19371915	0.08971173172027834
BATF3	4.575757575757576	2.1596514624631015e-108	0.22749525	1.0375894696247427e-15
YIPF5	7.363636363636363	1.0	0.13929264	1.0
TSC22D1	4.7272727272727275	2.421712560332582e-89	0.22308476	5.704914875279168e-13
NUP50	4.181818181818182	9.63590226073286e-163	0.46395743	0.0
CNTN2	5.409090909090909	2.812288621595938e-23	0.10453286	1.0
PDCL2	4.318181818181818	2.7918664717826296e-143	0.22422065	1.1923287542145368e-13
TIMM17B	15.0	1.0	0.14470738	1.0
ARL4D	4.848484848484849	4.5854224261642e-75	0.030915488	1.0
BAG2	4.287878787878788	1.4852780113973228e-147	0.23845945	1.1332602033894871e-23
SH3GLB1	4.909090909090909	2.7919646467736866e-68	0.44825226	0.0
SLN	5.4393939393939394	2.881456053844129e-21	0.12264984	1.0
PCBD2	4.863636363636363	2.3944386296676495e-73	0.3171246	3.0114863872223546e-120
C16orf74	4.803030303030303	2.5916093890928528e-80	0.24468538	6.739711925717979e-29
SATB2	4.545454545454546	2.3923140793058067e-112	0.5951055	0.0
ARL2BP	5.696969696969697	6.547083669482187e-08	0.08085525	1.0
DAO	6.636363636363637	1.0	0.11937854	1.0
SEMA4D	5.212121212121212	1.8119808505712916e-38	0.2935227	2.882134505244969e-85
SIKE1	5.121212121212121	1.2068095274004981e-46	0.20988822	2.052328368435437e-06
GTF2A1L	4.075757575757576	2.898466868756153e-178	-0.07415933	1.0
CRYBB2	15.0	1.0	0.12153701	1.0
MPZL1	4.287878787878788	1.4852780113973228e-147	0.4470591	0.0
SIX3	4.848484848484849	4.5854224261642e-75	0.056260433	1.0
CCL4	8.181818181818182	1.0	0.15312938	1.0
SIRT2	4.4393939393939394	1.6126884793906135e-126	-0.028262043	1.0
FRAT2	4.333333333333333	3.721508830056371e-141	0.20053522	0.002797418173523503
PLEKHM1	4.696969696969697	4.730191825147677e-93	0.1377263	1.0
TNFSF14	5.7272727272727275	8.579595772540609e-07	0.35150743	4.987331021782134e-177
TNFSF12	5.666666666666667	3.999973542524087e-09	0.073306456	1.0
MCF2L2	6.2272727272727275	1.0	0.4830362	0.0
DDIT4	4.606060606060606	1.737959073153401e-104	0.21867537	1.6690648067991665e-10
UBE2D2	4.621212121212121	1.49917227250215e-102	0.21398596	3.500505451390191e-08
REG3A	15.0	1.0	0.031929173	1.0
USB1	4.166666666666667	6.137148820145575e-165	0.22450428	8.015749138770711e-14
CRIP2	4.651515151515151	1.037003425140186e-98	0.25987586	1.1449188889513553e-43
PIP	4.712121212121212	3.445049409216623e-91	0.197257	0.01786450011793724
TPD52	9.303030303030303	1.0	0.035013456	1.0
C20orf20	4.363636363636363	6.189853655707169e-137	0.15723635	1.0
GJB1	4.151515151515151	3.849589723230579e-167	0.4690102	0.0
RAD51AP1	4.803030303030303	2.5916093890928528e-80	0.27678892	3.4876616805015887e-63
RAB27A	5.121212121212121	1.2068095274004981e-46	0.039402816	1.0
FBXL12	4.333333333333333	3.721508830056371e-141	0.14180899	1.0
KLF12	4.787878787878788	4.3222045956551894e-82	0.36732236	1.0573031720618471e-204
PPP1R14A	4.03030303030303	5.2929460164396896e-185	0.22288364	7.488729036806092e-13
NME5	15.0	1.0	0.010809172	1.0
RAP1B	4.318181818181818	2.7918664717826296e-143	0.24612497	3.54896569189532e-30
LIF	5.090909090909091	1.6019351837119586e-49	0.2031052	0.0005137829584147123
GCSH	4.2727272727272725	1.056112086203131e-149	0.22256571	1.1491481646409215e-12
BCL2L10	4.4393939393939394	1.6126884793906135e-126	0.4382377	0.0
YAE1D1	4.424242424242424	1.3907764601371584e-128	0.25601107	1.1989956049346268e-39
CTSL1	6.96969696969697	1.0	0.10723065	1.0
GPBP1	4.2727272727272725	1.056112086203131e-149	0.43653446	0.0
PSMC6	5.954545454545454	0.16775844587044184	0.14120054	1.0
PTCH2	15.0	1.0	-0.01344701	1.0
AIMP1	4.696969696969697	4.730191825147677e-93	0.37966445	9.791641238569168e-227
RAB3A	6.409090909090909	1.0	0.26215574	4.065747366413158e-46
MC4R	15.0	1.0	0.123977065	1.0
IGJ	5.651515151515151	9.112849250268435e-10	0.11439206	1.0
DYX1C1	4.348484848484849	4.8892849748765516e-139	0.4323078	1.24e-322
LAPTM5	4.454545454545454	1.8308025417514746e-124	0.050524946	1.0
SRP9	8.454545454545455	1.0	0.13499711	1.0
CIB1	4.454545454545454	1.8308025417514746e-124	0.0729512	1.0
SH3GL1	4.53030303030303	2.4274693143251508e-114	0.42409754	1.2766879791648097e-307
RNF144B	4.606060606060606	1.737959073153401e-104	0.095338985	1.0
FXYD6	4.909090909090909	2.7919646467736866e-68	0.24544112	1.4483791636280103e-29
CDC42SE2	4.7727272727272725	6.962344027357639e-84	0.2296367	3.88542395108422e-17
INO80C	5.121212121212121	1.2068095274004981e-46	0.17003858	1.0
LUC7L	4.409090909090909	1.1709431526636087e-130	0.07643366	1.0
RPS19BP1	15.0	1.0	0.12987788	1.0
APPBP2	5.2727272727272725	2.0333752743474065e-33	0.08223552	1.0
IRF2BPL	5.136363636363637	3.116249927713834e-45	0.34312135	1.0909341556625562e-162
PMF1	4.5606060606060606	2.3057357993651317e-110	0.2244993	8.069950795071119e-14
RPS28	5.075757575757576	5.495762606430855e-51	0.254614	3.0794789707650437e-38
RPL9	5.318181818181818	7.64416891530246e-30	0.030980688	1.0
HSBP1	4.287878787878788	1.4852780113973228e-147	0.2556165	3.012968914004936e-39
ATPAF2	5.181818181818182	4.0646540127585765e-41	0.18691394	0.6971680212632518
KRIT1	5.0606060606060606	1.797670388943156e-52	0.2510539	9.463434812800404e-35
EFNA4	5.242424242424242	6.647471978626986e-36	0.19905291	0.006749159618024167
IFNW1	5.0606060606060606	1.797670388943156e-52	0.12760107	1.0
HLA-DMB	15.0	1.0	0.018428935	1.0
CLDN7	15.0	1.0	0.124462634	1.0
MAPK13	3.9545454545454546	2.497113161143616e-196	0.46844873	0.0
H3F3B	4.9393939393939394	5.535048770797336e-65	0.2290056	1.0401377550442278e-16
CITED2	4.151515151515151	3.849589723230579e-167	0.21047899	1.181312838723511e-06
MED8	5.454545454545454	2.703891876666768e-20	-0.116576515	1.0
PSMB9	4.484848484848484	2.2002490221096544e-120	0.24211836	1.1077979784092245e-26
CAMK2N1	5.0606060606060606	1.797670388943156e-52	0.18476024	1.0
C11orf65	4.636363636363637	1.2663970208888846e-100	0.15030071	1.0
SH3BGRL3	4.424242424242424	1.3907764601371584e-128	0.20974259	2.348548722022007e-06
PTTG1	3.772727272727273	7.597686340594044e-224	0.1695604	1.0
OCLN	4.106060606060606	8.500160823487073e-174	0.21755545	6.389122838472373e-10
MED9	5.454545454545454	2.703891876666768e-20	-0.027645363	1.0
MNDA	3.8636363636363638	4.990437000413431e-210	0.49173096	0.0
HIST1H2BJ	15.0	1.0	0.1349918	1.0
CCL7	9.015151515151516	1.0	0.15302792	1.0
MBD3	4.393939393939394	9.660381979554807e-133	0.07184757	1.0
HEY2	4.363636363636363	6.189853655707169e-137	0.11516361	1.0
APOL2	4.0606060606060606	1.6578578839968477e-180	0.1665442	1.0
GAR1	5.818181818181818	0.0004998900831057169	0.3637737	1.977517914931916e-198
TRAM2	4.409090909090909	1.1709431526636087e-130	0.11884093	1.0
NGFR	3.9393939393939394	1.3168145906029157e-198	0.32805791	1.119918440463414e-137
FBXW5	4.863636363636363	2.3944386296676495e-73	0.53805417	0.0
INPP5A	4.378787878787879	7.77867107031269e-135	0.4254215	4.8087211710134e-310
RPL10	4.393939393939394	9.660381979554807e-133	0.267113	1.2080021975440138e-51
TUBA1A	4.2727272727272725	1.056112086203131e-149	0.4034274	8.02575557152153e-270
CASP14	4.4393939393939394	1.6126884793906135e-126	0.42698324	6.6980793264e-313
CTDSP1	4.712121212121212	3.445049409216623e-91	0.11033105	1.0
ATP6V1E1	5.53030303030303	8.920550128250713e-16	-0.00025066125	1.0
COMMD1	6.924242424242424	1.0	-0.024311079	1.0
PNMA1	4.545454545454546	2.3923140793058067e-112	-0.032003287	1.0
NACA	4.696969696969697	4.730191825147677e-93	0.21911383	9.763067172236342e-11
TNFRSF9	5.045454545454546	5.659481355966012e-54	0.3932165	3.1233619497253088e-251
STX3	6.818181818181818	1.0	-0.0062094075	1.0
NQO1	3.909090909090909	3.667840828331614e-203	0.20874485	5.790738617670148e-06
IKZF2	5.015151515151516	4.965087209642441e-57	0.3968162	8.947622911233938e-258
UCHL1	3.8636363636363638	4.990437000413431e-210	0.25181416	1.7537183111068606e-35
TMSB4X	4.46969696969697	2.040032193293724e-122	0.237361	8.403127727696694e-23
LGALS2	4.787878787878788	4.3222045956551894e-82	0.1768015	1.0
AVP	6.5606060606060606	1.0	0.03175681	1.0
ATPIF1	4.454545454545454	1.8308025417514746e-124	0.2583175	5.016453801152357e-42
HCLS1	4.666666666666667	8.237161641457738e-97	0.47691524	0.0
SMPD2	5.393939393939394	2.5866430052266783e-24	0.42728338	1.88948274167e-313
SNAPIN	7.5	1.0	0.049257286	1.0
MRPL42	4.984848484848484	3.703611499304987e-60	0.23482075	7.502712077468156e-21
TRAPPC2	15.0	1.0	0.10954175	1.0
PPP3CA	4.212121212121212	2.28090257442149e-158	0.23364952	5.56890629156211e-20
LDLR	5.909090909090909	0.03906974193032677	0.21334986	6.830315667964224e-08
BNIP3	4.681818181818182	6.333737555295499e-95	0.19340749	0.10141314359381441
PRRX1	4.378787878787879	7.77867107031269e-135	0.41337544	5.3052760943033326e-288
TCEAL1	4.924242424242424	1.265707574008615e-66	0.12542628	1.0
MEIS1	5.045454545454546	5.659481355966012e-54	0.014284827	1.0
KRT19	5.393939393939394	2.5866430052266783e-24	0.4127166	8.515293690381257e-287
ADRBK2	5.303030303030303	5.157518393752423e-31	0.30885202	1.539870413468026e-107
S100A9	4.136363636363637	2.3580860918747585e-169	0.10553308	1.0
ZRANB2	4.7272727272727275	2.421712560332582e-89	0.076675594	1.0
AKT3	3.878787878787879	9.67482637323781e-208	0.47621405	0.0
RBBP9	4.378787878787879	7.77867107031269e-135	0.24638566	2.0693607331112068e-30
HTR2A	7.045454545454546	1.0	0.0964066	1.0
ANAPC10	4.803030303030303	2.5916093890928528e-80	0.17277704	1.0
CD200R1	15.0	1.0	0.13404404	1.0
ARL15	4.7727272727272725	6.962344027357639e-84	0.17832235	1.0
C22orf46	4.015151515151516	2.9248875795462624e-187	0.22719789	1.6195593844445261e-15
ARNT2	4.515151515151516	2.3986497037817864e-116	0.5779513	0.0
NTF4	4.7727272727272725	6.962344027357639e-84	0.37890482	2.2686127449663167e-225
UHRF1	6.575757575757576	1.0	0.124191545	1.0
PSMD10	4.151515151515151	3.849589723230579e-167	0.21455872	1.8917455332288063e-08
TRA2A	4.363636363636363	6.189853655707169e-137	0.42256182	8.22825927032427e-305
C5orf55	4.818181818181818	1.5059610191706582e-78	0.26207453	4.979144624150367e-46
LSM7	6.4393939393939394	1.0	0.20608285	5.4816099299062305e-05
DYNLRB1	5.515151515151516	1.237552061909311e-16	0.19410439	0.07668753639560472
ELOF1	6.075757575757576	1.0	0.068859994	1.0
ASCL2	4.818181818181818	1.5059610191706582e-78	0.21919751	8.806635654943921e-11
ANP32C	4.636363636363637	1.2663970208888846e-100	0.29019508	1.116479983909209e-80
HSPB6	4.287878787878788	1.4852780113973228e-147	0.2619663	6.527514849373574e-46
CCNG1	3.6818181818181817	9.250608637383135e-238	0.15056576	1.0
HIST1H2AE	4.924242424242424	1.265707574008615e-66	0.09997908	1.0
ASIP	15.0	1.0	0.03776276	1.0
GEMIN7	5.575757575757576	2.407667682078258e-13	0.39088085	5.4081701944293546e-247
LURAP1	5.484848484848484	2.035332163566379e-18	0.06414917	1.0
AHSP	15.0	1.0	0.054981373	1.0
G3BP1	4.833333333333333	8.451693755487221e-77	0.4435746	0.0
GABARAPL1	4.590909090909091	1.9637076384770094e-106	0.1508519	1.0
ARFRP1	4.075757575757576	2.898466868756153e-178	0.22793308	5.363654546267022e-16
POLR2G	5.090909090909091	1.6019351837119586e-49	0.16811247	1.0
TPD52L3	9.303030303030303	1.0	0.06793064	1.0
PFDN6	5.136363636363637	3.116249927713834e-45	0.20158385	0.0014395269021264079
DACH2	4.545454545454546	2.3923140793058067e-112	0.5253678	0.0
SEC61B	8.106060606060606	1.0	0.12003956	1.0
TRDMT1	4.621212121212121	1.49917227250215e-102	0.48442376	0.0
PSMC2	4.545454545454546	2.3923140793058067e-112	0.19360733	0.09375236865674053
CSRP2	4.484848484848484	2.2002490221096544e-120	0.21021315	1.5179528649549742e-06
MBD3L1	5.393939393939394	2.5866430052266783e-24	0.14977917	1.0
ZNF208	4.909090909090909	2.7919646467736866e-68	0.29029793	8.08309833643043e-81
TWIST2	4.484848484848484	2.2002490221096544e-120	0.24177456	2.1616457537136992e-26
STRAP	5.075757575757576	5.495762606430855e-51	-0.04761229	1.0
RRM2B	3.9696969696969697	4.645458642258488e-194	-0.048371002	1.0
LAMTOR2	4.96969696969697	9.498709933095162e-62	0.19190729	0.17648898482709596
TNFSF9	5.045454545454546	5.659481355966012e-54	0.41976458	1.0875611125067095e-299
ASF1B	6.045454545454546	0.8578473876992072	0.0074601118	1.0
SGK3	4.106060606060606	8.500160823487073e-174	0.4751695	0.0
DPM2	15.0	1.0	0.13001153	1.0
PRAM1	5.0	1.3821620935970935e-58	0.43922305	0.0
LSM5	5.651515151515151	9.112849250268435e-10	0.14998893	1.0
HSPB3	5.136363636363637	3.116249927713834e-45	0.17546	1.0
TPPP	4.257575757575758	7.504677503470952e-152	0.40512353	6.4299583934199186e-273
TXNL4A	4.606060606060606	1.737959073153401e-104	0.29786062	2.18607685593021e-91
BHLHE40	4.378787878787879	7.77867107031269e-135	0.45741406	0.0
RPS10	4.212121212121212	2.28090257442149e-158	0.2279387	5.319564473457685e-16
ERCC3	4.575757575757576	2.1596514624631015e-108	0.1210441	1.0
TFEB	4.7272727272727275	2.421712560332582e-89	0.34493637	9.040043642770961e-166
ATF6	4.333333333333333	3.721508830056371e-141	0.41703367	1.0800930836415009e-294
KRT5	5.393939393939394	2.5866430052266783e-24	0.4343385	0.0
MYOG	4.2727272727272725	1.056112086203131e-149	0.17853785	1.0
FPR1	5.0	1.3821620935970935e-58	0.40936145	1.1601725144090035e-280
ASF1A	5.242424242424242	6.647471978626986e-36	0.038440462	1.0
GATAD2A	4.53030303030303	2.4274693143251508e-114	0.5711159	0.0
NAA38	6.878787878787879	1.0	0.02337811	1.0
HNF4G	4.53030303030303	2.4274693143251508e-114	0.44501638	0.0
YAF2	4.7272727272727275	2.421712560332582e-89	0.16231936	1.0
CRYGC	15.0	1.0	0.042532247	1.0
DSTN	4.803030303030303	2.5916093890928528e-80	0.24311048	1.5784288199937216e-27
NUTF2	4.621212121212121	1.49917227250215e-102	0.39426735	3.848114181880804e-253
SRSF3	4.848484848484849	4.5854224261642e-75	0.18729469	0.6432717107365957
MALL	4.5606060606060606	2.3057357993651317e-110	0.18198326	1.0
ARL5A	4.681818181818182	6.333737555295499e-95	0.23867087	7.682402904786098e-24
ARF1	4.9393939393939394	5.535048770797336e-65	0.2116939	3.653092605300189e-07
OSTF1	4.9393939393939394	5.535048770797336e-65	0.2399989	6.448485538205427e-25
PDAP1	4.848484848484849	4.5854224261642e-75	0.17650147	1.0
TCL1B	4.045454545454546	9.413247275261345e-183	0.21520668	9.326858313357454e-09
RAP2B	4.818181818181818	1.5059610191706582e-78	0.36121485	6.284272891619835e-194
SPSB1	4.7272727272727275	2.421712560332582e-89	0.5048238	0.0
SH3GL3	3.9242424242424243	6.899921184262694e-201	-0.18203141	1.0
LSM2	5.53030303030303	8.920550128250713e-16	0.1477936	1.0
CNPY2	15.0	1.0	0.15678865	1.0
GNA15	5.742424242424242	2.8558071390704282e-06	0.16309209	1.0
CD48	4.696969696969697	4.730191825147677e-93	0.1656692	1.0
PPIB	4.606060606060606	1.737959073153401e-104	0.3893361	3.416870977470666e-244
MYLIP	15.0	1.0	0.059812445	1.0
PRTFDC1	6.712121212121212	1.0	0.113416776	1.0
TFEC	4.7272727272727275	2.421712560332582e-89	0.3516622	2.6984659562438367e-177
GEMIN6	5.878787878787879	0.011370719431532743	0.1582893	1.0
RHOXF2	4.984848484848484	3.703611499304987e-60	-0.12779744	1.0
PDGFC	4.318181818181818	2.7918664717826296e-143	0.4227494	3.7348470690928974e-305
ERG	4.196969696969697	1.4895433699893624e-160	-0.036495384	1.0
GALNT1	4.7272727272727275	2.421712560332582e-89	0.42974374	5.97031e-318
GNAI2	5.090909090909091	1.6019351837119586e-49	0.02631685	1.0
RILP	4.863636363636363	2.3944386296676495e-73	0.17707902	1.0
SLAMF1	4.651515151515151	1.037003425140186e-98	0.45095128	0.0
GNB2	7.954545454545454	1.0	-0.063369386	1.0
NRGN	4.318181818181818	2.7918664717826296e-143	0.31775445	3.1183550159798026e-121
LYAR	4.409090909090909	1.1709431526636087e-130	0.42777002	2.436557402e-314
HOXB6	4.166666666666667	6.137148820145575e-165	0.43968984	0.0
LSM1	6.0606060606060606	0.9815462904994844	0.17620152	1.0
SAE1	4.787878787878788	4.3222045956551894e-82	0.1529353	1.0
FCER1A	5.242424242424242	6.647471978626986e-36	0.06496018	1.0
PITX2	4.181818181818182	9.63590226073286e-163	0.42101443	5.584856052738671e-302
NME2	4.212121212121212	2.28090257442149e-158	0.22435413	9.891702229966342e-14
KLF16	4.712121212121212	3.445049409216623e-91	0.2000702	0.0037160725025761772
CSF2	4.984848484848484	3.703611499304987e-60	0.20196664	0.001118412596394573
IRF9	4.53030303030303	2.4274693143251508e-114	0.49923748	0.0
ANKRD2	3.893939393939394	1.8846682085548561e-205	0.42603564	3.6159608747936e-311
POLR2E	5.090909090909091	1.6019351837119586e-49	0.06926355	1.0
LAMTOR5	4.257575757575758	7.504677503470952e-152	0.43343666	0.0
CARD16	5.03030303030303	1.7150705756327545e-55	0.17266022	1.0
DPM3	15.0	1.0	0.04207338	1.0
HDAC8	4.924242424242424	1.265707574008615e-66	0.220861	1.0816489618515287e-11
TRAPPC6A	15.0	1.0	0.13115892	1.0
DDC	4.0606060606060606	1.6578578839968477e-180	0.5370223	0.0
PI4K2B	5.181818181818182	4.0646540127585765e-41	0.3970786	2.982982481269643e-258
FUNDC2	5.121212121212121	1.2068095274004981e-46	0.18118468	1.0
MBD2	4.409090909090909	1.1709431526636087e-130	0.053515732	1.0
IL5RA	4.787878787878788	4.3222045956551894e-82	0.106956914	1.0
RUSC1	4.833333333333333	8.451693755487221e-77	0.35603088	7.240968070019969e-185
ROBO1	5.257575757575758	1.1911514938980334e-34	0.0533614	1.0
RPL37A	5.045454545454546	5.659481355966012e-54	0.22362223	2.733569810371867e-13
CRYAA	15.0	1.0	0.11019716	1.0
MUTYH	4.515151515151516	2.3986497037817864e-116	0.46291152	0.0
BCL2L1	4.212121212121212	2.28090257442149e-158	-0.11941365	1.0
PDC	4.257575757575758	7.504677503470952e-152	0.4530214	0.0
SDHAF2	4.878787878787879	1.210302589787204e-71	0.24139053	4.543025452972312e-26
PTRF	4.590909090909091	1.9637076384770094e-106	0.27692443	2.3675360040334587e-63
ZFAND6	4.424242424242424	1.3907764601371584e-128	0.24963154	2.1225314538883857e-33
ZBTB7A	4.424242424242424	1.3907764601371584e-128	0.47229433	0.0
RNF25	4.363636363636363	6.189853655707169e-137	0.5204748	0.0
TSSK3	4.166666666666667	6.137148820145575e-165	0.21383987	4.0854332996050246e-08
BIK	4.681818181818182	6.333737555295499e-95	0.229407	5.568448795516013e-17
MPP3	6.303030303030303	1.0	0.010897071	1.0
DUSP19	4.318181818181818	2.7918664717826296e-143	0.24415074	1.9832151113533188e-28
GJB2	4.575757575757576	2.1596514624631015e-108	0.096571915	1.0
COPS8	3.9242424242424243	6.899921184262694e-201	0.211836	3.175218110398662e-07
SOD1	4.363636363636363	6.189853655707169e-137	0.19761956	0.01480974837553547
SEC14L2	5.393939393939394	2.5866430052266783e-24	0.29224202	1.723605006749184e-83
APH1B	4.742424242424242	1.6577844026969324e-87	0.39780915	1.3970338139733844e-259
TMBIM6	4.681818181818182	6.333737555295499e-95	0.18469493	1.0
HMGN3	4.590909090909091	1.9637076384770094e-106	0.2615899	1.66832673595614e-45
PCBD1	5.075757575757576	5.495762606430855e-51	0.25422275	7.572130009252925e-38
CDYL	4.409090909090909	1.1709431526636087e-130	0.4520251	0.0
PLXNA2	15.0	1.0	0.11132935	1.0
ATF7	4.484848484848484	2.2002490221096544e-120	0.20709647	2.3960501348681175e-05
IFNA1	5.0	1.3821620935970935e-58	0.4242531	6.626112247802805e-308
SSSCA1	5.424242424242424	2.923156208519247e-22	0.35549727	6.132568434425738e-184
PARVB	4.651515151515151	1.037003425140186e-98	0.10350293	1.0
FHIT	4.2272727272727275	3.468440810002327e-156	0.25408876	1.0295974169038182e-37
TLX2	4.363636363636363	6.189853655707169e-137	0.15320659	1.0
PDX1	4.787878787878788	4.3222045956551894e-82	0.049712703	1.0
IFNA2	5.03030303030303	1.7150705756327545e-55	0.19594873	0.03399844106931388
TAF12	4.878787878787879	1.210302589787204e-71	0.13830237	1.0
CHIC2	5.348484848484849	1.4467502508287116e-27	0.21197149	2.777704700809313e-07
TRIP13	4.757575757575758	1.090042831805119e-85	0.057799216	1.0
C21orf7	4.7727272727272725	6.962344027357639e-84	0.12355521	1.0
SGOL1	4.303030303030303	2.0612681446983352e-145	-0.092114165	1.0
PKNOX1	4.878787878787879	1.210302589787204e-71	0.22472486	5.873819347078558e-14
LTA	4.7272727272727275	2.421712560332582e-89	0.3243547	1.0651525127105586e-131
WDR77	6.015151515151516	0.5905005552315811	0.37374502	3.9555358726586936e-216
GMNN	4.909090909090909	2.7919646467736866e-68	0.0385536	1.0
ELANE	6.333333333333333	1.0	-0.09443196	1.0
CORO2A	4.636363636363637	1.2663970208888846e-100	0.43822646	0.0
SH2D1A	4.5	2.320495940381192e-118	0.20439574	0.00020193871059927664
TAF4B	4.363636363636363	6.189853655707169e-137	0.58190626	0.0
FAM101B	4.318181818181818	2.7918664717826296e-143	0.23401393	2.9980419204498904e-20
RPS4X	5.303030303030303	5.157518393752423e-31	0.15676871	1.0
UBE2B	5.0606060606060606	1.797670388943156e-52	0.19366434	0.0916734756139703
CCNY	4.363636363636363	6.189853655707169e-137	0.42405635	1.5181718906739246e-307
CCBP2	8.181818181818182	1.0	0.060533762	1.0
TADA3	3.8333333333333335	1.2495185782783626e-214	0.37472105	7.139416979429532e-218
SKAP2	4.787878787878788	4.3222045956551894e-82	0.4686446	0.0
NEUROD1	4.575757575757576	2.1596514624631015e-108	0.37438065	2.8948811693731402e-217
TP53AIP1	4.681818181818182	6.333737555295499e-95	0.20812118	1.0018190697215398e-05
SPDEF	4.0606060606060606	1.6578578839968477e-180	0.40426254	2.396309366234017e-271
PRDX6	4.666666666666667	8.237161641457738e-97	0.2131316	8.567955250549583e-08
NFAM1	4.863636363636363	2.3944386296676495e-73	0.23425458	1.987484274849782e-20
FBXW11	4.106060606060606	8.500160823487073e-174	0.48780096	0.0
ATP5J2	5.318181818181818	7.64416891530246e-30	0.0500293	1.0
SDCBP	4.53030303030303	2.4274693143251508e-114	0.2896871	5.4978517228759476e-80
SLAMF6	4.742424242424242	1.6577844026969324e-87	0.2602983	4.069809277425863e-44
EID2B	4.318181818181818	2.7918664717826296e-143	0.26874372	1.6038650696920975e-53
CCR6	15.0	1.0	0.05309136	1.0
BRMS1L	4.318181818181818	2.7918664717826296e-143	0.48444518	0.0
TRAPPC3	15.0	1.0	0.01486311	1.0
GLRX	4.712121212121212	3.445049409216623e-91	0.17773074	1.0
GEMIN4	5.287878787878788	3.3122123718160204e-32	0.6171054	0.0
DUSP5	4.015151515151516	2.9248875795462624e-187	0.43686706	0.0
DUT	3.9696969696969697	4.645458642258488e-194	0.28782532	1.8159075810524087e-77
PFN2	3.909090909090909	3.667840828331614e-203	0.31604707	1.4417790780173272e-118
PTPRCAP	4.621212121212121	1.49917227250215e-102	0.3994972	1.179137638439395e-262
CLEC4A	5.015151515151516	4.965087209642441e-57	0.22804281	4.546112095839192e-16
HIST1H2AJ	4.863636363636363	2.3944386296676495e-73	0.2958739	1.450552074678563e-88
ASCL1	4.621212121212121	1.49917227250215e-102	0.10793152	1.0
MRPS12	4.96969696969697	9.498709933095162e-62	0.29643092	2.3629475907567566e-89
BAX	4.454545454545454	1.8308025417514746e-124	0.14857277	1.0
CD33	4.287878787878788	1.4852780113973228e-147	0.48066765	0.0
ATCAY	4.53030303030303	2.4274693143251508e-114	0.3254773	1.669530250346153e-133
EGLN1	4.621212121212121	1.49917227250215e-102	-0.054915708	1.0
IRF2BP2	4.878787878787879	1.210302589787204e-71	0.26448447	1.1115977047095213e-48
UBE2N	4.46969696969697	2.040032193293724e-122	0.21188742	3.0183565211998636e-07
DIABLO	4.5	2.320495940381192e-118	0.10943109	1.0
CHTF8	4.863636363636363	2.3944386296676495e-73	0.17871726	1.0
SYN3	4.7272727272727275	2.421712560332582e-89	0.40764648	1.5836570131516217e-277
KCNRG	5.454545454545454	2.703891876666768e-20	0.3977401	1.8640138129506327e-259
EMB	4.2727272727272725	1.056112086203131e-149	0.19066629	0.26489870965397644
LSM3	5.651515151515151	9.112849250268435e-10	0.12285319	1.0
ANP32A	4.196969696969697	1.4895433699893624e-160	0.14877506	1.0
SMAD5	4.015151515151516	2.9248875795462624e-187	-0.21858355	1.0
SNAPC5	4.318181818181818	2.7918664717826296e-143	0.25775552	1.9304282001144132e-41
BLK	4.606060606060606	1.737959073153401e-104	-0.11033309	1.0
CLIC3	4.848484848484849	4.5854224261642e-75	0.18695469	0.6915555094639663
DRAP1	4.393939393939394	9.660381979554807e-133	0.16964367	1.0
EXOSC2	6.954545454545454	1.0	0.42924637	4.846827e-317
CABP2	4.818181818181818	1.5059610191706582e-78	0.18001948	1.0
PDGFD	4.878787878787879	1.210302589787204e-71	0.39689496	6.4330071903124805e-258
CD6	5.090909090909091	1.6019351837119586e-49	0.47797814	0.0
RPL11	4.257575757575758	7.504677503470952e-152	0.4020645	2.4631025163690105e-267
ZFAND5	4.696969696969697	4.730191825147677e-93	0.4295607	1.2904594e-317
CUZD1	5.015151515151516	4.965087209642441e-57	0.54071796	0.0
KITLG	5.0	1.3821620935970935e-58	0.3593298	1.263223670291606e-190
DMTF1	4.621212121212121	1.49917227250215e-102	0.40883937	1.0448585553926379e-279
CD300LF	4.984848484848484	3.703611499304987e-60	0.42326394	4.2644504262365155e-306
ARNTL2	5.651515151515151	9.112849250268435e-10	-0.09736695	1.0
EPO	5.166666666666667	1.799159943379442e-42	0.18508129	0.9755334494369075
HDGF	4.166666666666667	6.137148820145575e-165	0.22046207	1.8035245939306313e-11
AGR2	5.0606060606060606	1.797670388943156e-52	0.24232885	7.349817538277046e-27
MAPK4	4.2727272727272725	1.056112086203131e-149	0.46379364	0.0
SGTA	5.833333333333333	0.0011874730962516493	0.19886994	0.007489665069781142
HIPK3	4.090909090909091	4.996803001880512e-176	-0.038502082	1.0
GTF2A2	4.242424242424242	5.153875612728923e-154	0.27554592	1.1979289663573e-61
BHLHA15	4.681818181818182	6.333737555295499e-95	0.23964353	1.2576871551594225e-24
LIMS1	4.7272727272727275	2.421712560332582e-89	0.26670542	3.516626582505336e-51
BRSK2	4.333333333333333	3.721508830056371e-141	0.4427821	0.0
CDK20	4.2727272727272725	1.056112086203131e-149	0.12734617	1.0
EXOSC5	6.2272727272727275	1.0	0.38376963	3.972413671209812e-234
MRPS6	4.833333333333333	8.451693755487221e-77	0.26298717	5.021354700001397e-47
DAZAP2	4.651515151515151	1.037003425140186e-98	0.043862347	1.0
DBP	4.2727272727272725	1.056112086203131e-149	0.41142762	1.939091160703239e-284
PQBP1	4.606060606060606	1.737959073153401e-104	0.1772731	1.0
FAM176A	4.954545454545454	2.339787434928052e-63	0.24687742	7.450598023167369e-31
TUBG1	4.287878787878788	1.4852780113973228e-147	0.3823013	1.7630723938326592e-231
KLRK1	15.0	1.0	-0.006352112	1.0
HAND2	4.121212121212121	1.4224876522889679e-171	0.15202646	1.0
NKX2-5	4.409090909090909	1.1709431526636087e-130	0.22975379	3.233439643230833e-17
IL2	4.681818181818182	6.333737555295499e-95	0.17531097	1.0
MELK	4.257575757575758	7.504677503470952e-152	-0.13660467	1.0
SEC62	6.106060606060606	1.0	-0.008228729	1.0
TAF13	4.53030303030303	2.4274693143251508e-114	0.39990678	2.1136140314866006e-263
TREML1	4.742424242424242	1.6577844026969324e-87	0.43908757	0.0
TCL1A	4.045454545454546	9.413247275261345e-183	0.22144173	5.0932434314417815e-12
MAFG	4.257575757575758	7.504677503470952e-152	0.21291085	1.075005859377379e-07
LY6E	5.393939393939394	2.5866430052266783e-24	0.34964946	7.876473550434622e-174
NEK3	4.5606060606060606	2.3057357993651317e-110	0.45093432	0.0
SSX4	4.621212121212121	1.49917227250215e-102	0.17500253	1.0
NAT8	4.090909090909091	4.996803001880512e-176	0.43047857	2.70397e-319
LAMTOR3	3.9696969696969697	4.645458642258488e-194	0.2557245	2.34235165616192e-39
OSMR	4.787878787878788	4.3222045956551894e-82	0.4408826	0.0
PFDN4	4.5606060606060606	2.3057357993651317e-110	0.38548326	3.1974329742533865e-237
CSNK1G1	4.303030303030303	2.0612681446983352e-145	0.016863436	1.0
FAM190B	4.5	2.320495940381192e-118	0.30865923	3.0051845625023174e-107
FOSL2	4.348484848484849	4.8892849748765516e-139	0.16992629	1.0
TNFSF4	5.045454545454546	5.659481355966012e-54	0.23547801	2.391579672149331e-21
EIF4E	4.393939393939394	9.660381979554807e-133	0.2743081	3.918304171743929e-60
HRK	4.454545454545454	1.8308025417514746e-124	0.2547803	2.0996382323741723e-38
NRG2	5.166666666666667	1.799159943379442e-42	0.6044836	0.0
ELK4	4.318181818181818	2.7918664717826296e-143	0.4798786	0.0
HES1	4.2272727272727275	3.468440810002327e-156	0.04591557	1.0
BATF	4.303030303030303	2.0612681446983352e-145	0.25434437	5.728537960452097e-38
GKN2	6.878787878787879	1.0	0.1555711	1.0
UTF1	4.606060606060606	1.737959073153401e-104	0.12091316	1.0
MED21	4.090909090909091	4.996803001880512e-176	0.25358352	3.2632883034965986e-37
CSN1S1	4.863636363636363	2.3944386296676495e-73	0.16369589	1.0
STAM	4.681818181818182	6.333737555295499e-95	0.4438448	0.0
NKX3-1	4.5	2.320495940381192e-118	0.2229444	6.89789114484312e-13
TIAF1	5.03030303030303	1.7150705756327545e-55	0.32732415	1.7351299613721886e-136
EPS8L1	4.893939393939394	5.918212061668534e-70	0.44693908	0.0
GBP2	4.484848484848484	2.2002490221096544e-120	0.4293251	3.481218e-317
ABT1	4.53030303030303	2.4274693143251508e-114	0.39317995	3.637910460398114e-251
VHLL	4.621212121212121	1.49917227250215e-102	0.18303394	1.0
UBE2R2	4.0606060606060606	1.6578578839968477e-180	0.4309101	4.393e-320
SNRPG	5.984848484848484	0.3459152735646521	0.15906934	1.0
PYCR2	4.696969696969697	4.730191825147677e-93	0.37008867	1.298511285620751e-209
HIST1H4A	4.863636363636363	2.3944386296676495e-73	0.20777059	1.3553025374227158e-05
IFNB1	5.03030303030303	1.7150705756327545e-55	0.46564817	0.0
IL7	5.015151515151516	4.965087209642441e-57	0.22294791	6.866866356359151e-13
TAF8	4.893939393939394	5.918212061668534e-70	0.43331563	0.0
FXYD3	4.363636363636363	6.189853655707169e-137	0.22381301	2.1012893175220195e-13
SNRPB	5.106060606060606	4.4949480382805774e-48	0.32699156	5.9907948060392676e-136
BMF	4.212121212121212	2.28090257442149e-158	0.2610461	6.432599117715839e-45
GNAI1	5.257575757575758	1.1911514938980334e-34	-0.018296061	1.0
TAF7	4.893939393939394	5.918212061668534e-70	-0.08557097	1.0
PPP2R4	3.787878787878788	1.5217783380568327e-221	0.43400812	0.0
CASP1	4.121212121212121	1.4224876522889679e-171	0.34239376	1.856340108506182e-161
IFI27	4.575757575757576	2.1596514624631015e-108	0.24808574	5.850815567727876e-32
LSM6	5.651515151515151	9.112849250268435e-10	0.16657619	1.0
NOP2	4.363636363636363	6.189853655707169e-137	0.3913137	8.873861174028057e-248
EXOSC7	6.2272727272727275	1.0	-0.030874383	1.0
CDKN3	4.106060606060606	8.500160823487073e-174	0.22795367	5.201404003625572e-16
PPP3R1	4.363636363636363	6.189853655707169e-137	0.22679687	2.9382194928411353e-15
IL3RA	4.7272727272727275	2.421712560332582e-89	0.03466371	1.0
MSC	4.666666666666667	8.237161641457738e-97	0.4126674	1.0468070449282467e-286
S100A10	5.166666666666667	1.799159943379442e-42	0.2794902	1.421616854174952e-66
EXOSC9	6.954545454545454	1.0	0.41573402	2.582920381601496e-292
SNRPF	5.924242424242424	0.06681571323853634	0.1915388	0.20024338236575243
SPDYA	4.257575757575758	7.504677503470952e-152	0.20261647	0.0007217969729311477
SIVA1	6.045454545454546	0.8578473876992072	0.1192645	1.0
FAM86C1	5.121212121212121	1.2068095274004981e-46	0.18654622	0.7500890955452666
IFNAR2	4.166666666666667	6.137148820145575e-165	-0.088981055	1.0
RAD54B	5.303030303030303	5.157518393752423e-31	0.17238252	1.0
DUSP10	4.03030303030303	5.2929460164396896e-185	0.48843163	0.0
EGLN2	4.621212121212121	1.49917227250215e-102	0.39051586	2.4831104927340275e-246
VEGFC	5.090909090909091	1.6019351837119586e-49	0.015491294	1.0
PPAP2B	4.7727272727272725	6.962344027357639e-84	0.43138838	5.865e-321
HIST1H2AL	4.863636363636363	2.3944386296676495e-73	0.22031552	2.173020595890715e-11
FCER1G	4.7727272727272725	6.962344027357639e-84	0.23700944	1.581921965774775e-22
FOSB	4.53030303030303	2.4274693143251508e-114	0.39679933	9.59917517797733e-258
PACSIN2	5.03030303030303	1.7150705756327545e-55	0.46528846	0.0
HOPX	4.53030303030303	2.4274693143251508e-114	0.27358195	2.9798773817485443e-59
RCVRN	4.545454545454546	2.3923140793058067e-112	0.21006404	1.7436581489098681e-06
HYAL2	4.651515151515151	1.037003425140186e-98	0.3413049	1.2803986788652867e-159
DLX1	4.166666666666667	6.137148820145575e-165	0.255936	1.429347188812714e-39
TDRD7	4.590909090909091	1.9637076384770094e-106	0.1366642	1.0
PARP4	5.848484848484849	0.002671922425091299	0.44213638	0.0
RALY	5.212121212121212	1.8119808505712916e-38	0.3471347	1.6123356277725583e-169
SUMO2	3.9242424242424243	6.899921184262694e-201	0.07969816	1.0
TNFRSF10C	5.181818181818182	4.0646540127585765e-41	0.043981753	1.0
SDC3	4.666666666666667	8.237161641457738e-97	0.46809998	0.0
CITED4	4.121212121212121	1.4224876522889679e-171	0.22493859	4.341987248952771e-14
PKN3	5.045454545454546	5.659481355966012e-54	0.22968374	3.609398071937465e-17
CSF3	5.4393939393939394	2.881456053844129e-21	0.2023326	0.0008753882645374667
RHOB	4.96969696969697	9.498709933095162e-62	0.28174028	1.8877518729091978e-69
GAPDH	4.03030303030303	5.2929460164396896e-185	-0.10622811	1.0
C6orf25	4.742424242424242	1.6577844026969324e-87	0.26691896	2.0106321463387435e-51
PIM1	4.045454545454546	9.413247275261345e-183	0.10571671	1.0
MAF1	4.696969696969697	4.730191825147677e-93	0.153468	1.0
GADD45A	4.151515151515151	3.849589723230579e-167	0.22417918	1.2631878600764318e-13
FAM162A	4.2272727272727275	3.468440810002327e-156	0.36621088	9.822394707055332e-203
EXOSC8	6.2272727272727275	1.0	0.3262822	8.407821554548728e-135
FABP4	4.575757575757576	2.1596514624631015e-108	0.2402005	4.407850556100404e-25
NDRG1	4.712121212121212	3.445049409216623e-91	-0.008910644	1.0
ASCL3	4.575757575757576	2.1596514624631015e-108	0.40614977	8.578959439339123e-275
HES5	4.2727272727272725	1.056112086203131e-149	0.26996958	5.978588919904156e-55
KHDRBS3	4.621212121212121	1.49917227250215e-102	0.39542896	2.9780971316040824e-255
TSC22D4	5.015151515151516	4.965087209642441e-57	0.093562745	1.0
CD4	4.909090909090909	2.7919646467736866e-68	0.39138457	6.601011046807673e-248
DUSP9	3.984848484848485	8.694410217617934e-192	0.4761961	0.0
PITX1	4.621212121212121	1.49917227250215e-102	0.13445693	1.0
ARL5B	4.166666666666667	6.137148820145575e-165	0.248091	5.787440430414412e-32
GATA5	4.106060606060606	8.500160823487073e-174	0.45098817	0.0
MAP6	4.863636363636363	2.3944386296676495e-73	0.4377587	0.0
EIF2B1	4.4393939393939394	1.6126884793906135e-126	0.3295662	3.9301596853409907e-140
NEDD8	4.454545454545454	1.8308025417514746e-124	0.084959306	1.0
UXS1	4.045454545454546	9.413247275261345e-183	0.39489448	2.79225269939084e-254
IL15	4.984848484848484	3.703611499304987e-60	0.37652737	4.1615230450228973e-221
GTF2H5	4.757575757575758	1.090042831805119e-85	0.22359715	2.827520101717586e-13
CCNL2	4.363636363636363	6.189853655707169e-137	0.18220626	1.0
RPLP2	4.818181818181818	1.5059610191706582e-78	0.22562343	1.6301287612529565e-14
CCND3	4.015151515151516	2.9248875795462624e-187	0.195721	0.03779603748919812
TCP10	4.833333333333333	8.451693755487221e-77	0.3926896	2.8303746402003e-250
SNRPD3	5.393939393939394	2.5866430052266783e-24	0.10314551	1.0
FABP1	4.833333333333333	8.451693755487221e-77	0.39035952	4.770317161985494e-246
GADD45GIP1	4.136363636363637	2.3580860918747585e-169	0.23020571	1.5855383382194675e-17
IER3	4.0	1.6094176380028617e-189	0.2714345	1.1172057731096731e-56
COX5B	4.0606060606060606	1.6578578839968477e-180	0.26000115	8.427788176234418e-44
FEZ1	4.4393939393939394	1.6126884793906135e-126	0.19319275	0.11025561327964897
PFDN5	4.136363636363637	2.3580860918747585e-169	0.39833942	1.5150642974938467e-260
EIF1AD	4.575757575757576	2.1596514624631015e-108	0.20487864	0.00014041181500716105
GNAZ	5.96969696969697	0.24669780146475193	0.27919185	3.394023090783796e-66
FHL2	3.8484848484848486	2.5389712526985893e-212	0.43747354	0.0
SH3RF3	4.575757575757576	2.1596514624631015e-108	0.26960707	1.5884761833813236e-54
C1orf123	4.636363636363637	1.2663970208888846e-100	0.33040574	1.6696304321975387e-141
BHLHE41	4.606060606060606	1.737959073153401e-104	0.4077841	8.878094275880918e-278
CASP2	4.545454545454546	2.3923140793058067e-112	0.40899217	5.491216611786713e-280
G6PC	4.4393939393939394	1.6126884793906135e-126	0.30093336	8.220080117370721e-96
CRLF2	4.818181818181818	1.5059610191706582e-78	0.24489096	4.4442975177168456e-29
ID3	4.196969696969697	1.4895433699893624e-160	0.1336297	1.0
TP53INP1	3.9545454545454546	2.497113161143616e-196	0.32867545	1.110682712598186e-138
HIST2H4A	4.696969696969697	4.730191825147677e-93	0.1859494	0.83987368886297
MAGEH1	4.2727272727272725	1.056112086203131e-149	0.21136981	5.019377959595856e-07
SNRPD2	5.348484848484849	1.4467502508287116e-27	0.107903406	1.0
KRAS	4.2727272727272725	1.056112086203131e-149	0.38415307	8.071360861806733e-235
RBP1	4.318181818181818	2.7918664717826296e-143	0.23486523	6.947883863408403e-21
CEBPG	4.242424242424242	5.153875612728923e-154	0.23784131	3.515753880066758e-23
HIST2H3C	4.606060606060606	1.737959073153401e-104	0.24056742	2.1972060177307903e-25
ID4	4.53030303030303	2.4274693143251508e-114	0.25618508	7.972851064999496e-40
FBL	4.318181818181818	2.7918664717826296e-143	0.41227427	5.481300298488711e-286
RAC2	4.651515151515151	1.037003425140186e-98	0.117623575	1.0
TSLP	4.303030303030303	2.0612681446983352e-145	0.2658976	2.8951391977575607e-50
CDX1	4.545454545454546	2.3923140793058067e-112	0.3941989	5.123687435674268e-253
SNRPE	5.878787878787879	0.011370719431532743	0.15144593	1.0
CALM3	4.348484848484849	4.8892849748765516e-139	0.08284131	1.0
CKS1B	4.151515151515151	3.849589723230579e-167	0.26684305	2.453586859022995e-51
CALM2	4.409090909090909	1.1709431526636087e-130	0.26673004	3.2987804186003075e-51
