Gene	Average shortest path length to known risk genes	FDR p-value (Average shortest path length)	Average cosine similarity with known risk genes	FDR p-value (Average cosine similarity)
VHL	4.569230769230769	2.7642053630453693e-115	0.6342601	0.0
MUC4	5.0	2.784639304065503e-64	0.64315027	0.0
PBRM1	4.492307692307692	2.1198062406743009e-125	0.6386424	0.0
SETD2	4.3076923076923075	1.3255263477636158e-150	0.64658093	0.0
BAP1	4.2153846153846155	1.2719647877667726e-163	0.6489853	0.0
MTOR	3.8153846153846156	3.0002000541017386e-222	0.65072465	0.0
DST	5.318181818181818	1.3394031029632731e-34	0.665367	0.0
PABPC1	4.9393939393939394	8.666842423299595e-71	0.6614847	0.0
TP53	3.0153846153846153	0.0	0.62079453	0.0
PIK3CA	4.230769230769231	1.9769565113907955e-161	0.6602767	0.0
PCLO	4.9393939393939394	8.666842423299595e-71	0.6736751	0.0
SPEN	4.369230769230769	4.473923094438013e-142	0.67056274	0.0
KMT2D	3.787878787878788	2.115340487863969e-226	0.67328596	0.0
PDE4DIP	5.2272727272727275	2.9052237252149825e-42	0.65436935	0.0
ATM	3.8615384615384616	2.3467488869592044e-215	0.6719411	0.0
USH2A	8.075757575757576	1.0	0.6617497	0.0
PTEN	3.9076923076923076	1.7130850715161872e-208	0.6386633	0.0
FLG	4.212121212121212	4.33582970150717e-164	0.6797744	0.0
MAP2K3	3.9545454545454546	1.4292587375731596e-201	0.65570676	0.0
LRP1B	5.538461538461538	4.681223471344839e-19	0.6800452	0.0
SMARCA4	3.523076923076923	2.460404685622074e-266	0.66538024	0.0
FBN2	7.515151515151516	1.0	0.6906315	0.0
KCNJ12	5.636363636363637	1.2851410704542627e-13	0.654453	0.0
BAZ2B	5.318181818181818	1.3394031029632731e-34	0.6791815	0.0
ZNFX1	6.2272727272727275	1.0	0.680474	0.0
EGFR	3.4393939393939394	4.255692881133359e-279	0.65767103	0.0
MUC6	6.878787878787879	1.0	0.6704255	0.0
SPTA1	4.590909090909091	1.7383763998462225e-112	0.68025976	0.0
BRWD1	4.46969696969697	2.0157488759722106e-128	0.5884104	0.0
NOS1	5.5606060606060606	9.57038049901898e-18	0.68434733	0.0
HLA-DRB1	15.0	1.0	0.60866314	0.0
BRCA1	3.1818181818181817	3.979575e-318	0.098086886	1.0
LRP2	5.045454545454546	1.4229306440703084e-59	0.68772864	0.0
MYO3A	4.4393939393939394	1.673299379658336e-132	0.6777026	0.0
COL5A3	7.196969696969697	1.0	0.6762417	0.0
NRIP1	3.757575757575758	6.114847680928736e-231	0.5503775	0.0
NF1	4.553846153846154	2.7381918242633318e-117	0.65660006	0.0
SVIL	4.242424242424242	8.837767506374353e-160	0.6293463	0.0
AKAP9	5.092307692307692	7.111368217528181e-55	0.68913066	0.0
MED13	6.4393939393939394	1.0	0.696938	0.0
UBN1	6.015151515151516	0.11603843419891441	0.66214985	0.0
BIRC6	4.166666666666667	1.3774237346063119e-170	0.6822841	0.0
ARID1A	4.507692307692308	2.3299386137727504e-123	0.68588346	0.0
SOS1	4.045454545454546	3.500482389273137e-188	0.4091967	7.408858700837686e-275
ZFPM2	4.0606060606060606	5.7613808878307085e-186	0.67808527	0.0
ANK2	5.378787878787879	7.002849665867642e-30	0.6946765	0.0
WASL	4.212121212121212	4.33582970150717e-164	0.6236381	0.0
BLM	3.9242424242424243	4.600422224434154e-206	0.67766905	0.0
CRIPAK	4.333333333333333	4.8731389520965527e-147	0.63214797	0.0
RYR3	5.545454545454546	1.2242493613827866e-18	0.6901654	0.0
RANBP2	4.6	2.593606641673466e-111	0.68223435	0.0
RARA	3.742424242424242	3.2359242627538247e-233	0.22787578	4.035178581981896e-14
PDZD2	5.409090909090909	1.1965605630142752e-27	0.6925039	0.0
NFE2L2	4.2153846153846155	1.2719647877667726e-163	0.6527109	0.0
KIF20B	4.166666666666667	1.3774237346063119e-170	0.6855177	0.0
RYR2	5.212121212121212	1.3139036660141977e-43	0.6762933	0.0
SETBP1	5.123076923076923	7.081759845149927e-52	0.6127635	0.0
JAK2	3.8181818181818183	7.38036129473198e-222	0.14058468	1.0
PDGFRA	4.015151515151516	1.2499973933095756e-192	0.63363194	0.0
XPO1	3.893939393939394	1.469768442176506e-210	0.5338834	0.0
ZBTB38	6.015151515151516	0.11603843419891441	0.65487224	0.0
RYR1	4.938461538461539	6.924017516716082e-71	0.672736	0.0
ARHGAP5	4.590909090909091	1.7383763998462225e-112	0.67681146	0.0
MAGEC1	15.0	1.0	0.5286577	0.0
SYNE2	5.507692307692308	5.866743102700492e-21	0.613745	0.0
CACNA1S	5.545454545454546	1.2242493613827866e-18	0.68884784	0.0
HLA-DRB5	15.0	1.0	0.55049795	0.0
COL1A2	6.318181818181818	1.0	0.67242235	0.0
HERC2	5.106060606060606	1.5872832289342982e-53	0.6860216	0.0
KIAA0319	5.363636363636363	4.9677529912471725e-31	0.62809074	0.0
ATP2A1	4.484848484848484	2.1281592221250877e-126	0.66359717	0.0
COL11A1	6.0	0.07311233693762956	0.67289776	0.0
KIF1B	5.590909090909091	5.007830731219704e-16	0.69903964	0.0
STAT1	3.5757575757575757	2.18169446221551e-258	0.26172197	1.515994443660139e-42
SALL1	3.878787878787879	8.171994366410397e-213	0.6802893	0.0
PTCH1	15.0	1.0	0.6546934	0.0
ADCY8	4.424242424242424	1.483232711503633e-134	0.67036396	0.0
DUOX1	15.0	1.0	0.6705584	0.0
ATP1A1	5.03030303030303	3.992657506387221e-61	0.5085652	0.0
CCNB2	4.292307692307692	9.30279674021494e-153	0.62766063	0.0
CACNA1C	4.651515151515151	9.179932486875994e-105	0.7005587	0.0
HSPA8	3.5606060606060606	1.0767191768626267e-260	0.49124312	0.0
CNTNAP4	6.166666666666667	1.0	0.68281054	0.0
SPHKAP	5.878787878787879	0.00027450830962018466	0.6731072	0.0
PTPRZ1	4.454545454545454	1.8518644066753443e-130	0.6848881	0.0
HLA-DQB1	5.893939393939394	0.0006641214396199383	0.5410681	0.0
ATF7IP2	4.303030303030303	2.9329124127824168e-151	0.63974583	0.0
EP300	3.272727272727273	2.576155245485676e-304	-0.08868557	1.0
ANPEP	5.4	2.632606687329081e-28	0.61381435	0.0
ERBB4	4.3538461538461535	3.426932872550168e-144	0.6472294	0.0
PCNA	3.8636363636363638	4.569907826037505e-215	0.103274606	1.0
SVEP1	3.8636363636363638	4.569907826037505e-215	0.70204556	0.0
CUL9	5.96969696969697	0.024729877173714734	0.6848866	0.0
PCDH7	4.515151515151516	2.2372994385292133e-122	0.6749767	0.0
GALNT11	6.0	0.07311233693762956	0.3271195	2.131725673185368e-131
PRX	8.227272727272727	1.0	0.54667944	0.0
ANKHD1	5.106060606060606	1.5872832289342982e-53	0.6249147	0.0
CDKN2A	4.454545454545454	1.8518644066753443e-130	0.5456285	0.0
PKHD1	7.045454545454546	1.0	0.6957325	0.0
SLC27A6	4.4393939393939394	1.673299379658336e-132	0.63705295	0.0
MSR1	4.553846153846154	2.7381918242633318e-117	0.6167034	0.0
BCL6	4.03030303030303	2.1087738388507592e-190	0.6029208	0.0
STAG2	5.7846153846153845	3.3651750724718466e-07	0.6638716	0.0
IFT140	6.666666666666667	1.0	0.676813	0.0
DHX37	15.0	1.0	0.65813404	0.0
ZMYM2	3.9696969696969697	2.4674890859968454e-199	0.6845425	0.0
GOLGA3	4.318181818181818	3.8075011752609048e-149	0.6894863	0.0
AOX1	6.196969696969697	1.0	0.66562676	0.0
NFAT5	5.545454545454546	1.2242493613827866e-18	0.6756137	0.0
KIF14	5.242424242424242	6.099209833098505e-41	0.68228817	0.0
SF3B1	4.123076923076923	7.131159570945104e-177	0.59967965	0.0
MTUS2	5.666666666666667	3.978664970448861e-12	0.6109917	0.0
ITPR2	4.545454545454546	2.1705639517453993e-118	0.70079434	0.0
RHEB	4.030769230769231	2.4660840025820053e-190	0.59320784	0.0
PEG3	4.803030303030303	2.7367645399029442e-86	0.68997407	0.0
NPNT	7.446153846153846	1.0	0.62215906	0.0
COL4A5	7.075757575757576	1.0	0.695862	0.0
SREK1	4.2727272727272725	1.6441818492106707e-155	0.48598757	0.0
GNAS	5.4393939393939394	1.6925534327478274e-25	0.42685145	4.002341726566067e-307
SRC	3.303030303030303	1.117590044899327e-299	-0.13210958	1.0
CDH18	15.0	1.0	0.6291116	0.0
DAXX	3.5	7.221070472427171e-270	0.4021047	6.306227773945877e-262
BRCA2	3.712121212121212	8.857636845961859e-238	0.656836	0.0
SI	4.590909090909091	1.7383763998462225e-112	0.6884091	0.0
ABCA1	5.196969696969697	5.681854045967462e-45	0.68120694	0.0
CLTC	4.2	8.146721179039088e-166	0.6142204	0.0
CUX1	3.9846153846153847	4.1137481092206115e-197	0.6576163	0.0
RRAD	3.787878787878788	2.115340487863969e-226	0.6290966	0.0
LAMC2	7.196969696969697	1.0	0.68699986	0.0
RGS3	4.045454545454546	3.500482389273137e-188	0.62269527	0.0
ATRX	4.318181818181818	3.8075011752609048e-149	0.7022095	0.0
CPS1	4.378787878787879	9.114755093831552e-141	0.6924184	0.0
THBS1	6.393939393939394	1.0	0.6284347	0.0
NR2C1	3.8484848484848486	2.5229778063339486e-217	0.6406715	0.0
RAPGEF6	4.651515151515151	9.179932486875994e-105	0.6635653	0.0
CSF1R	4.630769230769231	2.19120411911767e-107	0.64414024	0.0
SUN1	7.03030303030303	1.0	0.4390227	0.0
SMG6	4.833333333333333	9.548106231121443e-83	0.6503659	0.0
TEC	4.303030303030303	2.9329124127824168e-151	0.5829815	0.0
ABP1	5.636363636363637	1.2851410704542627e-13	0.5522165	0.0
REM1	4.121212121212121	3.8192567646814513e-177	0.61993927	0.0
PLAU	6.712121212121212	1.0	0.62127703	0.0
TBC1D1	3.787878787878788	2.115340487863969e-226	0.59921455	0.0
STK11IP	4.151515151515151	9.15888580977784e-173	0.6651503	0.0
PPM1E	5.03030303030303	3.992657506387221e-61	0.6291477	0.0
GBF1	4.363636363636363	7.512830586913155e-143	0.7006617	0.0
CPAMD8	8.833333333333334	1.0	0.6600658	0.0
BOC	4.181818181818182	2.0431422463121415e-168	0.68238616	0.0
SAP130	4.090909090909091	1.5223184067744789e-181	0.6681787	0.0
LRRCC1	4.9393939393939394	8.666842423299595e-71	0.59956145	0.0
NEBL	4.818181818181818	1.6425866582786677e-84	0.60612357	0.0
FLT1	4.287878787878788	2.2087249048920608e-153	0.6400544	0.0
HLA-B	5.924242424242424	0.0033040705224971884	0.5629995	0.0
THEG	5.378787878787879	7.002849665867642e-30	0.59048057	0.0
CCNB3	4.606060606060606	1.5330310558122995e-110	0.69209516	0.0
MCM7	4.606060606060606	1.5330310558122995e-110	0.55383325	0.0
CLTCL1	4.257575757575758	1.225183680326422e-157	0.69837785	0.0
SUPT5H	4.333333333333333	4.8731389520965527e-147	0.6842875	0.0
DNMT1	4.075757575757576	9.425084823205431e-184	0.6839242	0.0
TFDP2	4.5	2.201714823989054e-124	0.62309575	0.0
CYFIP2	4.621212121212121	1.3207905061700894e-108	0.68795866	0.0
KIAA0368	6.5	1.0	0.69471455	0.0
ZNF804A	5.2	1.06939970975438e-44	0.65715873	0.0
LAMA4	3.878787878787879	8.171994366410397e-213	0.57116	0.0
ZNF423	4.0606060606060606	5.7613808878307085e-186	0.6908741	0.0
JUN	3.4393939393939394	4.255692881133359e-279	-0.07455632	1.0
AGK	5.0	2.784639304065503e-64	0.6000006	0.0
CFH	7.151515151515151	1.0	0.5339732	0.0
PIK3R1	3.878787878787879	8.171994366410397e-213	-0.06435545	1.0
IST1	5.151515151515151	3.59408870467608e-49	0.583998	0.0
GABRG2	4.287878787878788	2.2087249048920608e-153	0.6232357	0.0
KLF8	5.181818181818182	2.3605024707753786e-46	0.57126594	0.0
TRIM51	5.181818181818182	2.3605024707753786e-46	0.5734729	0.0
SPRED1	4.287878787878788	2.2087249048920608e-153	0.6061105	0.0
RREB1	5.575757575757576	7.098220602553354e-17	0.6707829	0.0
RP1	4.833333333333333	9.548106231121443e-83	0.6978194	0.0
PROC	7.712121212121212	1.0	0.62654674	0.0
PROX1	4.075757575757576	9.425084823205431e-184	0.6643985	0.0
PPP2R2B	3.696969696969697	4.6359708472492094e-240	0.6167467	0.0
TAF7L	4.53030303030303	2.2306482421952033e-120	0.6034626	0.0
DCN	6.545454545454546	1.0	0.5621147	0.0
SCAF11	4.681818181818182	5.689414961865554e-101	0.6887936	0.0
TXNIP	4.461538461538462	1.6292346540741292e-129	0.58698857	0.0
PCNT	4.909090909090909	3.9245179205093584e-74	0.7065306	0.0
SMC3	4.696969696969697	4.296316092130633e-99	0.6775748	0.0
USP18	5.166666666666667	9.397055613032697e-48	0.49522856	0.0
JMJD7-PLA2G4B	6.984848484848484	1.0	0.6240448	0.0
GUSB	4.590909090909091	1.7383763998462225e-112	0.593993	0.0
CDK3	4.045454545454546	3.500482389273137e-188	0.57375306	0.0
BRD7	4.409090909090909	1.2861037409784286e-136	0.62796515	0.0
ACVR1B	5.378787878787879	7.002849665867642e-30	0.6174026	0.0
PAK6	3.696969696969697	4.6359708472492094e-240	0.6445153	0.0
DMXL2	7.409090909090909	1.0	0.7006946	0.0
CD300E	15.0	1.0	0.4360218	0.0
PI4KA	15.0	1.0	0.5764736	0.0
COL6A3	7.590909090909091	1.0	0.6823844	0.0
SELE	4.378787878787879	9.114755093831552e-141	0.6517864	0.0
CHEK2	3.696969696969697	4.6359708472492094e-240	0.454451	0.0
MPO	15.0	1.0	0.6298872	0.0
MAN2C1	7.181818181818182	1.0	0.6308102	0.0
LAMA1	6.5	1.0	0.6956325	0.0
SUCLG1	9.424242424242424	1.0	0.46218392	0.0
FGFR1	4.242424242424242	8.837767506374353e-160	0.46316963	0.0
UBR1	4.621212121212121	1.3207905061700894e-108	0.6999998	0.0
MMP2	6.590909090909091	1.0	0.57316464	0.0
MTMR4	5.090909090909091	5.1713704161927095e-55	0.6562442	0.0
MAX	3.9545454545454546	1.4292587375731596e-201	0.47599182	0.0
HUWE1	4.0	7.386654389169344e-195	0.68919307	0.0
GRIA1	4.318181818181818	3.8075011752609048e-149	0.6557245	0.0
DHX36	6.484848484848484	1.0	0.62996733	0.0
NUP160	7.909090909090909	1.0	0.6499543	0.0
OPRD1	5.015151515151516	1.0736043812980293e-62	0.590508	0.0
FLT4	4.569230769230769	2.7642053630453693e-115	0.6906795	0.0
VAV2	4.242424242424242	8.837767506374353e-160	0.6600145	0.0
PTPRC	4.2272727272727275	6.257190620228874e-162	0.49086547	0.0
GRIN2B	4.0606060606060606	5.7613808878307085e-186	0.5347964	0.0
TRPV6	4.2727272727272725	1.6441818492106707e-155	0.64526576	0.0
CENPF	6.257575757575758	1.0	0.7031515	0.0
PTPN13	3.8484848484848486	2.5229778063339486e-217	0.6513048	0.0
PTPRJ	3.9242424242424243	4.600422224434154e-206	0.6655169	0.0
KLK3	6.515151515151516	1.0	0.44153318	0.0
RAPGEF2	4.121212121212121	3.8192567646814513e-177	0.69580895	0.0
GLS	4.848484848484849	5.380669780436885e-81	0.6060294	0.0
KLK6	7.803030303030303	1.0	0.47036427	0.0
UQCRFS1	7.909090909090909	1.0	0.33601493	7.4030162759297015e-146
XPOT	4.833333333333333	9.548106231121443e-83	0.66476864	0.0
MADCAM1	5.121212121212121	4.676730757762688e-52	0.5367514	0.0
DIO2	5.590909090909091	5.007830731219704e-16	0.42562914	6.859617078448837e-305
DMD	6.090909090909091	0.5901931783435886	0.660166	0.0
PALLD	4.863636363636363	2.926718135188438e-79	0.6610403	0.0
ZHX3	4.4393939393939394	1.673299379658336e-132	0.6514843	0.0
GLYAT	5.0606060606060606	4.89685641010256e-58	0.56283134	0.0
CPLX2	7.803030303030303	1.0	0.4467178	0.0
ELK1	3.515151515151515	1.493266887443125e-267	0.38018698	2.6425518972474936e-222
CDH2	4.045454545454546	3.500482389273137e-188	0.6476293	0.0
RNF10	4.7272727272727275	2.2662035039882355e-95	0.66253555	0.0
KIAA0930	4.181818181818182	2.0431422463121415e-168	0.5983127	0.0
GATA2	3.6666666666666665	1.2657727916532822e-244	0.6095891	0.0
HSPA9	5.015151515151516	1.0736043812980293e-62	0.6068526	0.0
TCEB1	6.507692307692308	1.0	0.36553752	2.743124981994124e-196
CUL3	4.348484848484849	6.158238409806613e-145	0.66268677	0.0
TGFBRAP1	4.484848484848484	2.1281592221250877e-126	0.6619974	0.0
ALAS1	6.242424242424242	1.0	0.5006879	0.0
FSCN1	3.893939393939394	1.469768442176506e-210	0.6159423	0.0
CCNA1	3.757575757575758	6.114847680928736e-231	0.5395281	0.0
PIGQ	15.0	1.0	0.36407328	1.0222729991384996e-193
GNA13	5.318181818181818	1.3394031029632731e-34	0.5693053	0.0
SMAD2	3.015151515151515	0.0	-0.10605915	1.0
GRB2	3.727272727272727	1.706218311485279e-235	-0.15132315	1.0
SLC4A8	5.878787878787879	0.00027450830962018466	0.62691647	0.0
HSP90AA1	3.227272727272727	2.947655831822e-311	0.09081901	1.0
CCDC120	5.151515151515151	3.59408870467608e-49	0.65860766	0.0
IL1RAP	5.03030303030303	3.992657506387221e-61	0.6371425	0.0
EPS15L1	5.590909090909091	5.007830731219704e-16	0.59896636	0.0
CDK12	4.461538461538462	1.6292346540741292e-129	0.69437605	0.0
ACTG1	4.2272727272727275	6.257190620228874e-162	0.44557124	0.0
MLXIPL	6.121212121212121	0.8477923380061042	0.55589354	0.0
RNF4	3.9545454545454546	1.4292587375731596e-201	0.51926905	0.0
CNTRL	5.545454545454546	1.2242493613827866e-18	0.7004421	0.0
SIK2	4.5	2.201714823989054e-124	0.65361476	0.0
GRIK2	5.212121212121212	1.3139036660141977e-43	0.6823487	0.0
CAPN3	6.151515151515151	1.0	0.4566519	0.0
MED18	6.454545454545454	1.0	0.4462029	0.0
NBPF3	7.636363636363637	1.0	0.41152158	4.224700620094006e-279
APPL2	4.606060606060606	1.5330310558122995e-110	0.61519295	0.0
BIN1	4.257575757575758	1.225183680326422e-157	0.5631894	0.0
GOLGA5	4.7272727272727275	2.2662035039882355e-95	0.60657597	0.0
KLK10	5.045454545454546	1.4229306440703084e-59	0.53814125	0.0
BRK1	4.893939393939394	7.917093618468979e-76	0.48656458	0.0
APOH	6.878787878787879	1.0	0.5524847	0.0
SLC22A6	6.2727272727272725	1.0	0.5362194	0.0
C1orf94	4.803030303030303	2.7367645399029442e-86	0.5797002	0.0
CSF2RA	4.651515151515151	9.179932486875994e-105	0.5957822	0.0
NMT2	3.787878787878788	2.115340487863969e-226	0.5934062	0.0
SLC25A5	4.651515151515151	9.179932486875994e-105	0.525341	0.0
CWC22	7.2272727272727275	1.0	0.6071574	0.0
S1PR4	5.409090909090909	1.1965605630142752e-27	0.56749594	0.0
ONECUT1	4.0	7.386654389169344e-195	0.606741	0.0
PLG	5.893939393939394	0.0006641214396199383	0.53283894	0.0
THRAP3	4.318181818181818	3.8075011752609048e-149	0.65253675	0.0
SRA1	5.045454545454546	1.4229306440703084e-59	0.43452522	3.76e-321
ADAM10	5.53030303030303	1.4921710187680277e-19	0.6326205	0.0
MAP4	4.090909090909091	1.5223184067744789e-181	0.50100666	0.0
S1PR3	6.2272727272727275	1.0	0.53758883	0.0
ATP1A2	6.863636363636363	1.0	0.53132915	0.0
GMFB	3.712121212121212	8.857636845961859e-238	0.5485818	0.0
SOX9	3.9696969696969697	2.4674890859968454e-199	0.6235761	0.0
CD177	4.878787878787879	1.5453967442950229e-77	0.55538815	0.0
POLR1C	5.0606060606060606	4.89685641010256e-58	0.4719614	0.0
FKBPL	5.257575757575758	1.2355595419735018e-39	0.542445	0.0
USP2	4.9393939393939394	8.666842423299595e-71	0.6023097	0.0
ZFAND2B	5.651515151515151	7.347178639562884e-13	0.45342043	0.0
ALK	4.287878787878788	2.2087249048920608e-153	0.70817316	0.0
DTNA	6.2272727272727275	1.0	0.66695803	0.0
SYNJ2	4.5	2.201714823989054e-124	0.6972931	0.0
PSEN2	4.106060606060606	2.4294474174401478e-179	0.53135675	0.0
AKT2	3.6363636363636362	3.245605426130343e-249	0.57873654	0.0
AEBP1	5.045454545454546	1.4229306440703084e-59	0.6231502	0.0
LRIF1	4.045454545454546	3.500482389273137e-188	-0.051234815	1.0
ELF1	4.106060606060606	2.4294474174401478e-179	0.6374633	0.0
GTF2E2	4.2272727272727275	6.257190620228874e-162	0.49903446	0.0
MOK	4.181818181818182	2.0431422463121415e-168	0.58970356	0.0
CHD3	3.5454545454545454	5.521493724286175e-263	0.19526246	0.1492447153564131
HBB	7.575757575757576	1.0	0.30921102	1.1457275659560029e-103
RPS3	4.318181818181818	3.8075011752609048e-149	0.47477844	0.0
TAF1A	3.9242424242424243	4.600422224434154e-206	0.60587806	0.0
TLR8	4.893939393939394	7.917093618468979e-76	0.65815765	0.0
GLB1	15.0	1.0	0.42978212	1.75423843693e-312
SERPINB13	6.742424242424242	1.0	0.5349871	0.0
ANKRD7	6.606060606060606	1.0	0.4602372	0.0
TERT	3.8333333333333335	1.3485832323205122e-219	0.6717722	0.0
KLF3	5.318181818181818	1.3394031029632731e-34	0.5081206	0.0
CENPB	4.666666666666667	7.336184814303851e-103	0.58560556	0.0
RTN3	6.742424242424242	1.0	0.4508233	0.0
SRSF4	5.0	2.784639304065503e-64	0.59913915	0.0
TRAT1	4.2727272727272725	1.6441818492106707e-155	0.55335176	0.0
HLA-C	7.151515151515151	1.0	0.45432007	0.0
GRID2	6.212121212121212	1.0	0.618767	0.0
EMID2	4.53030303030303	2.2306482421952033e-120	0.5459277	0.0
NCAPD3	6.242424242424242	1.0	0.66470784	0.0
LRP12	4.606060606060606	1.5330310558122995e-110	0.6569254	0.0
MYBL2	4.015151515151516	1.2499973933095756e-192	0.58180344	0.0
NES	4.03030303030303	2.1087738388507592e-190	0.6988301	0.0
TP53I3	5.0606060606060606	4.89685641010256e-58	0.48390892	0.0
PPARGC1A	3.893939393939394	1.469768442176506e-210	0.5434793	0.0
MAML1	4.151515151515151	9.15888580977784e-173	0.68947375	0.0
DAB1	4.166666666666667	1.3774237346063119e-170	0.59127307	0.0
TBL1XR1	4.5	2.201714823989054e-124	0.6106876	0.0
AMPH	4.303030303030303	2.9329124127824168e-151	0.6059131	0.0
ASCC3	4.53030303030303	2.2306482421952033e-120	0.4308712	1.787911748e-314
COL2A1	6.833333333333333	1.0	0.6934149	0.0
RPL30	4.7272727272727275	2.2662035039882355e-95	0.48841047	0.0
WWOX	3.5303030303030303	2.824771523696977e-265	0.44040194	0.0
RANBP3	4.742424242424242	1.5808109845269243e-93	0.58312684	0.0
TICAM1	4.484848484848484	2.1281592221250877e-126	0.5592843	0.0
RBM39	3.9393939393939394	8.13036209830832e-204	0.62386334	0.0
NAB1	4.681818181818182	5.689414961865554e-101	0.5122006	0.0
CDC42	3.757575757575758	6.114847680928736e-231	-0.074718595	1.0
BIRC2	4.424242424242424	1.483232711503633e-134	0.62084675	0.0
CWC25	5.5	1.8957199282862748e-21	0.55890816	0.0
UPF2	6.090909090909091	0.5901931783435886	0.6636166	0.0
F2	7.2272727272727275	1.0	0.46050966	0.0
XPC	4.5606060606060606	2.0701982173404105e-116	0.66213703	0.0
CDC14A	3.9696969696969697	2.4674890859968454e-199	0.45832348	0.0
TMEM102	4.363636363636363	7.512830586913155e-143	0.5798976	0.0
CDH4	5.045454545454546	1.4229306440703084e-59	0.6198591	0.0
PILRB	4.681818181818182	5.689414961865554e-101	0.51962817	0.0
STXBP3	5.424242424242424	1.4589219929881028e-26	0.6225519	0.0
SAA1	7.4393939393939394	1.0	0.50753444	0.0
KLK13	8.303030303030303	1.0	0.43348375	3.00007e-319
FZD4	5.651515151515151	7.347178639562884e-13	0.6119866	0.0
EIF4A2	5.681818181818182	2.0488697101334917e-11	0.54933333	0.0
LACRT	6.393939393939394	1.0	0.4802001	0.0
ZNF655	5.515151515151516	1.7246853142774622e-20	0.43193197	2.0564139e-316
TRAF5	4.575757575757576	1.9231756304013163e-114	0.5555757	0.0
SPIB	3.6818181818181817	2.3853005820836463e-242	0.58104783	0.0
BRD1	4.606060606060606	1.5330310558122995e-110	0.6675431	0.0
SLC2A3	6.803030303030303	1.0	0.5532236	0.0
MYO1E	4.96969696969697	1.6768237566517874e-67	0.65262884	0.0
CARD11	4.292307692307692	9.30279674021494e-153	0.6912024	0.0
TCF3	4.045454545454546	3.500482389273137e-188	0.28826448	3.751759619813976e-74
MTUS1	7.090909090909091	1.0	0.48950624	0.0
C3	9.151515151515152	1.0	0.57006234	0.0
CLDN2	6.0	0.07311233693762956	0.4405621	0.0
EIF4G3	4.878787878787879	1.5453967442950229e-77	0.5685447	0.0
ANKS1B	6.045454545454546	0.254656797901843	0.6002081	0.0
ATP6V1B1	5.5606060606060606	9.57038049901898e-18	0.58498955	0.0
WAC	5.166666666666667	9.397055613032697e-48	0.58091533	0.0
RND1	4.590909090909091	1.7383763998462225e-112	0.5140806	0.0
OGT	3.9545454545454546	1.4292587375731596e-201	0.688516	0.0
NUAK2	3.909090909090909	2.64348710704926e-208	0.6262099	0.0
MYO1F	5.242424242424242	6.099209833098505e-41	0.63422084	0.0
STXBP2	5.424242424242424	1.4589219929881028e-26	0.6210305	0.0
TAF1	3.909090909090909	2.64348710704926e-208	0.47030842	0.0
FUS	4.075757575757576	9.425084823205431e-184	0.50639594	0.0
FHOD1	4.833333333333333	9.548106231121443e-83	0.66277564	0.0
GRM5	4.075757575757576	9.425084823205431e-184	0.67427933	0.0
SLC22A4	5.863636363636363	0.0001074974518139196	0.5974034	0.0
ZNF329	4.090909090909091	1.5223184067744789e-181	0.5839745	0.0
PPAP2C	5.2272727272727275	2.9052237252149825e-42	0.46167597	0.0
SNRPN	3.9242424242424243	4.600422224434154e-206	0.4879677	0.0
BCAR1	3.984848484848485	4.290407050829078e-197	0.23894282	8.764272514357786e-22
CLSTN3	6.515151515151516	1.0	0.54706943	0.0
RBM8A	6.0606060606060606	0.35240497543927884	0.3333953	1.4753925477655453e-141
RASGEF1C	4.96969696969697	1.6768237566517874e-67	0.5631868	0.0
CFP	10.151515151515152	1.0	0.54108334	0.0
VPS41	6.5606060606060606	1.0	0.5929462	0.0
BCAS2	3.984848484848485	4.290407050829078e-197	0.5205998	0.0
SOHLH2	5.984848484848484	0.04362517966007074	0.5275609	0.0
MKKS	5.121212121212121	4.676730757762688e-52	0.55926204	0.0
LIPE	3.9393939393939394	8.13036209830832e-204	0.6848717	0.0
C10orf2	4.757575757575758	1.0619875368314136e-91	0.45733795	0.0
GAP43	4.257575757575758	1.225183680326422e-157	0.53751683	0.0
THBS3	8.530303030303031	1.0	0.5941257	0.0
AKT1	3.0454545454545454	0.0	-0.06579801	1.0
KCNJ3	7.303030303030303	1.0	0.3981609	9.366506742816915e-255
TRAPPC11	15.0	1.0	0.5191229	0.0
KIF4A	4.742424242424242	1.5808109845269243e-93	0.67969435	0.0
RUNX2	3.5606060606060606	1.0767191768626267e-260	0.4014438	1.0064335066659161e-260
EDIL3	6.045454545454546	0.254656797901843	0.55448484	0.0
FOXP2	15.0	1.0	0.520086	0.0
FBLN2	6.636363636363637	1.0	0.6554509	0.0
HRAS	3.8636363636363638	4.569907826037505e-215	-0.0044784932	1.0
WDR13	4.5	2.201714823989054e-124	0.57915413	0.0
NDUFA13	6.9393939393939394	1.0	0.46683666	0.0
CEACAM3	4.303030303030303	2.9329124127824168e-151	0.48393205	0.0
SLC17A1	7.848484848484849	1.0	0.50837106	0.0
SIGLEC10	4.863636363636363	2.926718135188438e-79	0.60611856	0.0
ZP4	15.0	1.0	0.48833534	0.0
NFASC	5.257575757575758	1.2355595419735018e-39	0.4713454	0.0
TXLNA	6.287878787878788	1.0	0.5620936	0.0
MYF6	4.575757575757576	1.9231756304013163e-114	0.51327795	0.0
SETDB1	4.015151515151516	1.2499973933095756e-192	0.09743523	1.0
NBR1	5.454545454545454	1.875469319795333e-24	0.5390461	0.0
UBR5	3.9696969696969697	2.4674890859968454e-199	0.69952667	0.0
TNS1	4.924242424242424	1.874969259881809e-72	0.7002311	0.0
KRT2	11.030303030303031	1.0	0.50714755	0.0
NCOA4	3.984848484848485	4.290407050829078e-197	0.6367899	0.0
TRIM16	5.015151515151516	1.0736043812980293e-62	0.5732709	0.0
DNAJB4	6.848484848484849	1.0	0.44314098	0.0
MYO16	4.484848484848484	2.1281592221250877e-126	0.7011288	0.0
NAT9	4.848484848484849	5.380669780436885e-81	0.5086812	0.0
SLC25A4	3.878787878787879	8.171994366410397e-213	0.5356811	0.0
PAPSS1	5.015151515151516	1.0736043812980293e-62	0.5936572	0.0
TCF20	3.9393939393939394	8.13036209830832e-204	0.70295006	0.0
EMILIN1	15.0	1.0	0.55653137	0.0
AKAP17A	4.984848484848484	6.973868836232615e-66	0.63116324	0.0
NDUFS1	15.0	1.0	0.50782883	0.0
IL2RA	4.318181818181818	3.8075011752609048e-149	0.522343	0.0
HIST1H1A	5.151515151515151	3.59408870467608e-49	0.38606644	7.211015226917345e-233
ISL1	6.515151515151516	1.0	0.3372746	6.16667709789456e-148
FZR1	4.545454545454546	2.1705639517453993e-118	0.53903735	0.0
PHF17	5.424242424242424	1.4589219929881028e-26	0.4153623	4.0848239242814377e-286
DEDD	4.196969696969697	2.9882021010514624e-166	0.55694246	0.0
RLIM	5.53030303030303	1.4921710187680277e-19	0.4477962	0.0
GCC1	4.924242424242424	1.874969259881809e-72	0.6597221	0.0
BHLHB9	5.151515151515151	3.59408870467608e-49	0.56842726	0.0
ITGA6	4.878787878787879	1.5453967442950229e-77	0.6849706	0.0
ASAP2	4.409090909090909	1.2861037409784286e-136	0.6899909	0.0
RBBP5	4.333333333333333	4.8731389520965527e-147	0.6188415	0.0
APBB2	3.984848484848485	4.290407050829078e-197	0.52512205	0.0
KIF2A	5.181818181818182	2.3605024707753786e-46	0.636761	0.0
LINGO1	5.621212121212121	2.1281896348445874e-14	0.5997448	0.0
IL15RA	4.878787878787879	1.5453967442950229e-77	0.5176475	0.0
CLK1	4.96969696969697	1.6768237566517874e-67	0.57034945	0.0
CHN1	4.2727272727272725	1.6441818492106707e-155	0.54522765	0.0
ATP7B	6.909090909090909	1.0	0.46724123	0.0
ERP27	5.393939393939394	9.413594363001394e-29	0.46291324	0.0
SCG2	5.409090909090909	1.1965605630142752e-27	0.568113	0.0
IL33	5.2272727272727275	2.9052237252149825e-42	0.47821963	0.0
KDR	4.106060606060606	2.4294474174401478e-179	0.40374765	6.41235079249679e-265
IFNB1	5.03030303030303	3.992657506387221e-61	0.46564817	0.0
SMURF2	3.803030303030303	4.0245198343713096e-224	0.2368258	3.433019528313383e-20
JMJD1C	4.0	7.386654389169344e-195	0.7107939	0.0
PDLIM4	4.484848484848484	2.1281592221250877e-126	0.49671966	0.0
ZEB2	4.696969696969697	4.296316092130633e-99	0.66681474	0.0
DFNB31	15.0	1.0	0.57620114	0.0
CCL2	9.151515151515152	1.0	0.29540965	8.102438975692068e-84
ABTB2	5.287878787878788	4.435475492969264e-37	0.625888	0.0
DDX18	4.621212121212121	1.3207905061700894e-108	0.60356796	0.0
PRKAG2	15.0	1.0	0.3799589	6.761104936145268e-222
ZNF83	3.9545454545454546	1.4292587375731596e-201	0.5156313	0.0
JUNB	3.6818181818181817	2.3853005820836463e-242	0.5378265	0.0
FHL5	4.0606060606060606	5.7613808878307085e-186	0.51658547	0.0
CSK	4.015151515151516	1.2499973933095756e-192	0.25904	8.964542297688574e-40
CENPA	5.181818181818182	2.3605024707753786e-46	0.35117888	2.3408763592727207e-171
BCL2A1	4.5	2.201714823989054e-124	0.4501152	0.0
SPRY2	4.606060606060606	1.5330310558122995e-110	0.54630595	0.0
PPIL4	5.015151515151516	1.0736043812980293e-62	0.5410934	0.0
APC	3.8333333333333335	1.3485832323205122e-219	0.5933772	0.0
CTSB	7.545454545454546	1.0	0.26214504	5.444929819327774e-43
NPHP1	4.46969696969697	2.0157488759722106e-128	0.6536627	0.0
APLP1	4.515151515151516	2.2372994385292133e-122	0.5829632	0.0
YTHDC1	4.166666666666667	1.3774237346063119e-170	0.64511955	0.0
CDC27	3.8484848484848486	2.5229778063339486e-217	0.6467352	0.0
CCDC33	4.848484848484849	5.380669780436885e-81	0.6102894	0.0
ZNF653	4.9393939393939394	8.666842423299595e-71	0.56627506	0.0
KIF1A	3.876923076923077	4.598194621872909e-213	0.70262134	0.0
HIF3A	4.606060606060606	1.5330310558122995e-110	0.5025577	0.0
LMO4	5.636363636363637	1.2851410704542627e-13	0.2288103	1.0573923434907696e-14
MPHOSPH10	15.0	1.0	0.33364487	5.764829644411318e-142
CXCL11	8.833333333333334	1.0	0.28148922	2.076421336951271e-65
SORBS3	3.772727272727273	1.1509613505943056e-228	0.53498715	0.0
AGFG1	5.03030303030303	3.992657506387221e-61	0.5731023	0.0
TCF12	4.2727272727272725	1.6441818492106707e-155	0.6189577	0.0
OAZ3	15.0	1.0	0.2520497	6.0257606262187445e-33
CD3E	4.5	2.201714823989054e-124	0.4315557	1.001983603e-315
SAT1	4.121212121212121	3.8192567646814513e-177	0.014076396	1.0
PIK3R5	5.393939393939394	9.413594363001394e-29	0.5259334	0.0
TAF1C	4.5	2.201714823989054e-124	0.650415	0.0
NKRF	4.333333333333333	4.8731389520965527e-147	0.64146304	0.0
MAPK9	3.606060606060606	8.821660124325988e-254	0.30343068	3.550484643927041e-95
CNOT1	4.454545454545454	1.8518644066753443e-130	0.7104425	0.0
LUC7L2	4.333333333333333	4.8731389520965527e-147	0.4537235	0.0
NEURL4	5.7727272727272725	1.240247868738064e-07	0.66265565	0.0
KCNV2	15.0	1.0	0.50886726	0.0
KCNB2	15.0	1.0	0.5409757	0.0
CTNNA2	5.181818181818182	2.3605024707753786e-46	0.58768547	0.0
CCL3	7.212121212121212	1.0	0.26906362	1.4989540321358588e-50
TUB	4.136363636363637	5.955732217746212e-175	0.6002008	0.0
IL9R	4.333333333333333	4.8731389520965527e-147	0.5183166	0.0
GGT7	15.0	1.0	0.4331632	1.15543e-318
CREM	3.5303030303030303	2.824771523696977e-265	0.40840018	2.1085441010423885e-273
PRKACA	3.590909090909091	4.490108049188853e-256	-0.13736585	1.0
KPNA4	5.409090909090909	1.1965605630142752e-27	0.5627982	0.0
DPYSL3	6.924242424242424	1.0	0.4259907	1.4967777250786556e-305
DHX9	4.287878787878788	2.2087249048920608e-153	0.6927652	0.0
NEDD9	4.03030303030303	2.1087738388507592e-190	0.277335	2.882355078015401e-60
ORC4	5.348484848484849	3.361814908486116e-32	0.5480925	0.0
CCDC47	6.287878787878788	1.0	0.41689247	6.508746579340319e-289
HCK	4.136363636363637	5.955732217746212e-175	0.095027626	1.0
DSCAML1	5.257575757575758	1.2355595419735018e-39	0.7116827	0.0
TNK1	4.848484848484849	5.380669780436885e-81	0.6000684	0.0
CD82	5.696969696969697	9.995055185491281e-11	0.4265774	1.2689460804379697e-306
IRAK1BP1	4.2272727272727275	6.257190620228874e-162	0.5039014	0.0
PARD6B	3.893939393939394	1.469768442176506e-210	0.5440881	0.0
SCARB2	7.378787878787879	1.0	0.52244115	0.0
HDAC1	3.409090909090909	1.0655625061781275e-283	-0.1000106	1.0
CHST9	7.409090909090909	1.0	0.34361437	1.6287181252992592e-158
PRSS1	15.0	1.0	0.23553015	3.035069885179184e-19
TMEM230	5.742424242424242	8.455253740774733e-09	0.21974106	1.4418215344342085e-09
POLH	4.7727272727272725	6.9489106635318485e-90	0.6072513	0.0
NTRK1	3.8333333333333335	1.3485832323205122e-219	0.4778462	0.0
SP140	5.4393939393939394	1.6925534327478274e-25	0.33246234	4.929917192629355e-140
CHMP1B	8.424242424242424	1.0	0.29264814	4.9761162075245235e-80
DNAJB1	4.121212121212121	3.8192567646814513e-177	0.543726	0.0
MARCH5	7.378787878787879	1.0	0.41877174	2.392634931993915e-292
GNG12	8.954545454545455	1.0	0.2502875	2.5575252250357053e-31
SPSB1	4.7272727272727275	2.2662035039882355e-95	0.5048238	0.0
KIT	4.090909090909091	1.5223184067744789e-181	0.1379048	1.0
HDAC6	3.8484848484848486	2.5229778063339486e-217	0.66734326	0.0
TAZ	4.318181818181818	3.8075011752609048e-149	0.47694254	0.0
HLF	4.2727272727272725	1.6441818492106707e-155	0.51492536	0.0
YWHAE	3.3181818181818183	1.932245318554673e-297	-0.018661626	1.0
DDX20	5.0	2.784639304065503e-64	0.5836161	0.0
SMARCB1	3.727272727272727	1.706218311485279e-235	0.5360347	0.0
ABCD4	4.2727272727272725	1.6441818492106707e-155	0.58781123	0.0
RAC1	3.772727272727273	1.1509613505943056e-228	-0.08379076	1.0
GABRR1	4.196969696969697	2.9882021010514624e-166	0.5732335	0.0
PTPN18	4.196969696969697	2.9882021010514624e-166	0.55547553	0.0
L1CAM	4.424242424242424	1.483232711503633e-134	0.69684833	0.0
GPM6A	4.4393939393939394	1.673299379658336e-132	0.49541923	0.0
KIAA1549L	5.151515151515151	3.59408870467608e-49	0.6936491	0.0
DENND4A	4.363636363636363	7.512830586913155e-143	0.6997554	0.0
SPG21	6.393939393939394	1.0	0.38375247	1.0541987449162594e-228
UBE3C	5.53030303030303	1.4921710187680277e-19	0.6292649	0.0
HMGN2	3.787878787878788	2.115340487863969e-226	0.45818108	0.0
GALNT5	8.06060606060606	1.0	0.5283985	0.0
BDP1	4.03030303030303	2.1087738388507592e-190	0.7108335	0.0
PLAUR	6.015151515151516	0.11603843419891441	0.49329364	0.0
CLIC6	5.53030303030303	1.4921710187680277e-19	0.5562935	0.0
CD4	4.909090909090909	3.9245179205093584e-74	0.39138457	1.7992875075945229e-242
SPTB	4.833333333333333	9.548106231121443e-83	0.7130341	0.0
LSM14B	6.136363636363637	0.9665881464844287	0.41338354	1.6770047878231382e-282
PBX2	5.5606060606060606	9.57038049901898e-18	0.34014985	1.0325220905100833e-152
MAP3K5	3.712121212121212	8.857636845961859e-238	0.4957244	0.0
APPL1	4.015151515151516	1.2499973933095756e-192	0.6309516	0.0
SLU7	5.5	1.8957199282862748e-21	0.5027973	0.0
PAPOLA	3.8333333333333335	1.3485832323205122e-219	0.51905286	0.0
GGNBP2	15.0	1.0	0.36979643	8.420941355595948e-204
IFNA1	5.0	2.784639304065503e-64	0.4242531	2.2606129282791717e-302
TP63	3.803030303030303	4.0245198343713096e-224	0.5598201	0.0
PODXL	5.9393939393939394	0.006813995721858698	0.50124645	0.0
CKS2	4.303030303030303	2.9329124127824168e-151	0.40517855	1.5849977147568073e-267
NDUFAF3	7.0606060606060606	1.0	0.3165777	7.896381009939536e-115
CYB5R1	5.363636363636363	4.9677529912471725e-31	0.44747943	0.0
ACP1	4.5	2.201714823989054e-124	0.43907923	0.0
FBLN1	5.984848484848484	0.04362517966007074	0.63723534	0.0
PILRA	4.742424242424242	1.5808109845269243e-93	0.5120635	0.0
PCDHA6	6.166666666666667	1.0	0.651454	0.0
PRPF8	5.287878787878788	4.435475492969264e-37	0.69930524	0.0
ITGAL	5.545454545454546	1.2242493613827866e-18	0.67669564	0.0
NUPL2	15.0	1.0	0.3959888	8.195559137722748e-251
ALAS2	7.212121212121212	1.0	0.38643298	1.5756979712014024e-233
GNL3L	5.590909090909091	5.007830731219704e-16	0.5038409	0.0
AASDHPPT	4.924242424242424	1.874969259881809e-72	0.5077883	0.0
GSK3A	3.621212121212121	1.6813079197000762e-251	0.55490136	0.0
PARVG	4.848484848484849	5.380669780436885e-81	0.24220757	2.342129246241398e-24
LIMA1	4.348484848484849	6.158238409806613e-145	0.6186676	0.0
RXRG	4.03030303030303	2.1087738388507592e-190	0.460416	0.0
PCBP2	4.424242424242424	1.483232711503633e-134	0.5085271	0.0
HNRPLL	5.742424242424242	8.455253740774733e-09	0.51616997	0.0
PRKCZ	3.3181818181818183	1.932245318554673e-297	0.06610577	1.0
NR4A3	4.196969696969697	2.9882021010514624e-166	0.58003557	0.0
TINF2	5.318181818181818	1.3394031029632731e-34	0.47371912	0.0
UBLCP1	5.909090909090909	0.0015217723481678817	0.43387312	5.834e-320
RHEBL1	3.6666666666666665	1.2657727916532822e-244	0.4694598	0.0
MARK1	4.318181818181818	3.8075011752609048e-149	0.648512	0.0
SYNJ1	4.287878787878788	2.2087249048920608e-153	0.6392561	0.0
CDKN1A	3.6363636363636362	3.245605426130343e-249	0.046834577	1.0
PSMA6	5.166666666666667	9.397055613032697e-48	0.45515367	0.0
YY1AP1	4.863636363636363	2.926718135188438e-79	0.5884189	0.0
RBM14	4.242424242424242	8.837767506374353e-160	0.43300253	2.27127e-318
CTDSP2	4.0606060606060606	5.7613808878307085e-186	0.47047603	0.0
DRD3	4.863636363636363	2.926718135188438e-79	0.53752416	0.0
NRG1	5.166666666666667	9.397055613032697e-48	0.6952048	0.0
RNF14	3.8181818181818183	7.38036129473198e-222	0.55655515	0.0
EXPH5	4.712121212121212	3.1719869210396293e-97	0.70409614	0.0
RPS27A	3.8333333333333335	1.3485832323205122e-219	0.41471082	6.324185068237281e-285
TRIM28	4.5606060606060606	2.0701982173404105e-116	0.6386448	0.0
PRLR	4.4393939393939394	1.673299379658336e-132	0.5395856	0.0
OPRM1	5.848484848484849	4.0048182067238415e-05	0.49785486	0.0
TXN	4.075757575757576	9.425084823205431e-184	0.41341448	1.4728831984534427e-282
HSPH1	3.9242424242424243	4.600422224434154e-206	0.66684526	0.0
GNG3	7.045454545454546	1.0	0.24885464	5.051071733673863e-30
SOX5	4.484848484848484	2.1281592221250877e-126	0.6361943	0.0
C14orf1	4.318181818181818	3.8075011752609048e-149	0.042348497	1.0
CHFR	4.545454545454546	2.1705639517453993e-118	0.57424134	0.0
ELK3	4.0	7.386654389169344e-195	0.57088405	0.0
MACF1	6.9393939393939394	1.0	0.6672898	0.0
CDKN2C	3.909090909090909	2.64348710704926e-208	0.415271	5.985420976687055e-286
CSDA	3.9696969696969697	2.4674890859968454e-199	0.5289994	0.0
PSMA4	5.166666666666667	9.397055613032697e-48	0.42681462	4.672258050673414e-307
EFEMP2	4.9393939393939394	8.666842423299595e-71	0.41805592	4.861777312584705e-291
SENP8	5.454545454545454	1.875469319795333e-24	0.34312895	1.0666747686767944e-157
DCAF11	5.7727272727272725	1.240247868738064e-07	0.49577448	0.0
OTX1	5.2272727272727275	2.9052237252149825e-42	0.51554275	0.0
GJA5	4.46969696969697	2.0157488759722106e-128	0.4814439	0.0
NAP1L4	3.9242424242424243	4.600422224434154e-206	0.5449174	0.0
DNAJC10	5.712121212121212	4.622182304966331e-10	0.5575526	0.0
BRD4	4.818181818181818	1.6425866582786677e-84	0.58446825	0.0
AAGAB	5.242424242424242	6.099209833098505e-41	0.5033827	0.0
MTSS1	4.363636363636363	7.512830586913155e-143	0.64150774	0.0
WDR25	4.7727272727272725	6.9489106635318485e-90	0.500834	0.0
SYTL2	6.015151515151516	0.11603843419891441	0.6581983	0.0
DAPK2	4.318181818181818	3.8075011752609048e-149	0.49846983	0.0
SPRY4	4.378787878787879	9.114755093831552e-141	0.50925726	0.0
MBP	3.772727272727273	1.1509613505943056e-228	0.5057504	0.0
EEF1A1	4.121212121212121	3.8192567646814513e-177	0.00019017268	1.0
CEACAM5	5.106060606060606	1.5872832289342982e-53	0.5719104	0.0
MTMR8	15.0	1.0	0.47622573	0.0
EPN2	4.0606060606060606	5.7613808878307085e-186	0.56779546	0.0
HLA-A	7.166666666666667	1.0	0.3956688	3.1145171483914974e-250
CABLES1	3.772727272727273	1.1509613505943056e-228	0.5483867	0.0
MAP2K5	4.106060606060606	2.4294474174401478e-179	0.58285624	0.0
NFKBIZ	4.46969696969697	2.0157488759722106e-128	0.6000656	0.0
RASSF2	4.863636363636363	2.926718135188438e-79	0.49199504	0.0
PKIA	4.53030303030303	2.2306482421952033e-120	0.35201627	8.60251542914129e-173
RNASE1	8.878787878787879	1.0	0.23625039	9.092211546709065e-20
EPS8L2	5.045454545454546	1.4229306440703084e-59	0.59219724	0.0
SKP2	3.803030303030303	4.0245198343713096e-224	0.20824678	9.641812971495904e-05
USP6NL	4.590909090909091	1.7383763998462225e-112	0.6517102	0.0
MYCL1	4.863636363636363	2.926718135188438e-79	0.44172716	0.0
ALPP	15.0	1.0	0.31886736	2.2702823556444994e-118
PRKACB	4.878787878787879	1.5453967442950229e-77	0.42188197	4.889265742569752e-298
TP73	3.4545454545454546	8.587356613216964e-277	0.29766232	5.900584821373035e-87
UBE2D1	5.0606060606060606	4.89685641010256e-58	0.34509683	5.157168897688764e-161
ESM1	5.96969696969697	0.024729877173714734	0.38836974	5.0508059387072e-237
COL9A1	7.424242424242424	1.0	0.6068782	0.0
UBA5	6.96969696969697	1.0	0.38408852	2.620975814034877e-229
IFNA8	5.166666666666667	9.397055613032697e-48	0.36932105	5.832980179870948e-203
SERF2	4.681818181818182	5.689414961865554e-101	0.3724753	1.5038955024852891e-208
BARD1	3.696969696969697	4.6359708472492094e-240	0.5507374	0.0
STAT2	4.242424242424242	8.837767506374353e-160	0.6664384	0.0
SPP1	5.333333333333333	2.1706753254292354e-33	0.52135444	0.0
PICK1	4.212121212121212	4.33582970150717e-164	0.37356356	1.751632691973959e-210
TUBA4A	3.8181818181818183	7.38036129473198e-222	0.23742573	1.2320712762377471e-20
MTCH2	3.984848484848485	4.290407050829078e-197	0.50599533	0.0
KRT15	4.575757575757576	1.9231756304013163e-114	0.13545115	1.0
MTMR10	4.681818181818182	5.689414961865554e-101	0.61706066	0.0
PDYN	15.0	1.0	0.25345168	2.8712604099405776e-34
ANK3	7.257575757575758	1.0	0.69141996	0.0
HNRNPK	3.9545454545454546	1.4292587375731596e-201	0.39547375	7.03772828105651e-250
KHDRBS2	4.2727272727272725	1.6441818492106707e-155	0.5232785	0.0
PPP1R15B	4.515151515151516	2.2372994385292133e-122	0.58436453	0.0
HOXB1	6.045454545454546	0.254656797901843	0.35774508	1.1232306227859322e-182
ZDHHC16	4.484848484848484	2.1281592221250877e-126	0.49819905	0.0
RBM11	5.53030303030303	1.4921710187680277e-19	0.46443444	0.0
LSP1	4.5	2.201714823989054e-124	0.49519372	0.0
DUSP3	3.893939393939394	1.469768442176506e-210	0.47122866	0.0
TMPRSS6	6.575757575757576	1.0	0.6382055	0.0
ADAP1	3.9545454545454546	1.4292587375731596e-201	0.53680867	0.0
CDH11	4.181818181818182	2.0431422463121415e-168	0.62472796	0.0
TMOD2	6.196969696969697	1.0	0.31197935	8.07870553563189e-108
CARS	5.090909090909091	5.1713704161927095e-55	0.58517176	0.0
URM1	4.757575757575758	1.0619875368314136e-91	0.38659865	7.928200050402833e-234
TLN2	6.378787878787879	1.0	0.69250506	0.0
SGK1	3.8181818181818183	7.38036129473198e-222	0.5755394	0.0
KIF3B	5.0	2.784639304065503e-64	0.63209474	0.0
C6orf62	5.924242424242424	0.0033040705224971884	0.26662937	7.866770688804692e-48
ABLIM1	4.590909090909091	1.7383763998462225e-112	0.5705404	0.0
GJB6	5.575757575757576	7.098220602553354e-17	0.26566684	8.995712809467771e-47
RBPJ	4.287878787878788	2.2087249048920608e-153	0.56876105	0.0
TAF13	4.53030303030303	2.2306482421952033e-120	0.39990678	6.285034854158105e-258
MAP3K10	4.045454545454546	3.500482389273137e-188	0.65431297	0.0
FBN1	7.166666666666667	1.0	0.7043511	0.0
TOB2	4.333333333333333	4.8731389520965527e-147	0.48981205	0.0
PHF12	4.409090909090909	1.2861037409784286e-136	0.682382	0.0
GFI1B	5.196969696969697	5.681854045967462e-45	0.13952634	1.0
PFN2	3.909090909090909	2.64348710704926e-208	0.31604707	5.167555192957015e-114
RALGAPA1	5.045454545454546	1.4229306440703084e-59	0.7011643	0.0
CRELD1	4.378787878787879	9.114755093831552e-141	0.5677687	0.0
UBE2D3	4.242424242424242	8.837767506374353e-160	0.40103203	5.6452117491417864e-260
LTBR	4.984848484848484	6.973868836232615e-66	0.5449238	0.0
KLF9	4.7272727272727275	2.2662035039882355e-95	0.4382125	0.0
SHARPIN	6.2272727272727275	1.0	0.5662244	0.0
F12	7.121212121212121	1.0	0.5365407	0.0
NPAS4	4.696969696969697	4.296316092130633e-99	0.6166069	0.0
MAP1LC3A	4.0	7.386654389169344e-195	0.42252678	3.235179079921839e-299
SUZ12	5.303030303030303	7.887011253946248e-36	0.53321195	0.0
PTPN6	4.015151515151516	1.2499973933095756e-192	-0.06093755	1.0
STC2	5.666666666666667	3.978664970448861e-12	0.24519227	7.844654253168458e-27
TOP1	3.772727272727273	1.1509613505943056e-228	0.65036976	0.0
GTF2H2	4.666666666666667	7.336184814303851e-103	0.51383317	0.0
PLA2G16	5.0	2.784639304065503e-64	0.3748025	1.0968435332005931e-212
CHRNB4	6.878787878787879	1.0	0.27812243	3.149821268864513e-61
COPS2	3.893939393939394	1.469768442176506e-210	0.50030035	0.0
VEZT	8.121212121212121	1.0	0.60890347	0.0
RXRB	4.287878787878788	2.2087249048920608e-153	0.43132046	2.69736155e-315
RBM23	4.833333333333333	9.548106231121443e-83	0.5485732	0.0
MYH11	4.590909090909091	1.7383763998462225e-112	0.69937426	0.0
SUV39H2	5.954545454545454	0.013318735761905466	0.22548644	1.0958865953023187e-12
PHACTR4	4.303030303030303	2.9329124127824168e-151	0.6217416	0.0
SATB2	4.545454545454546	2.1705639517453993e-118	0.5951055	0.0
FIGF	5.03030303030303	3.992657506387221e-61	0.5342699	0.0
STRN3	4.909090909090909	3.9245179205093584e-74	0.6224672	0.0
A1CF	15.0	1.0	0.37748918	1.7669841913644716e-217
EIF2C2	7.848484848484849	1.0	0.5544179	0.0
PTS	5.045454545454546	1.4229306440703084e-59	0.04794874	1.0
RQCD1	4.878787878787879	1.5453967442950229e-77	0.43423033	1.3014e-320
UBE2A	3.803030303030303	4.0245198343713096e-224	0.41097304	4.2423773160714586e-278
NOX4	6.03030303030303	0.17626248537921577	0.52700114	0.0
BTRC	3.8181818181818183	7.38036129473198e-222	0.4666787	0.0
DTNBP1	7.5	1.0	0.4224405	4.652175270991854e-299
SCP2	7.5	1.0	0.23067066	6.756677140710273e-16
POLR2A	4.090909090909091	1.5223184067744789e-181	0.28658274	6.082970448091553e-72
PPP1R1B	3.9545454545454546	1.4292587375731596e-201	0.461003	0.0
FEZ1	4.4393939393939394	1.673299379658336e-132	0.19319275	0.2956429938045586
EPS8	4.136363636363637	5.955732217746212e-175	0.6632433	0.0
DYDC1	15.0	1.0	0.21470658	3.2086212858276573e-07
GTF2F2	3.8636363636363638	4.569907826037505e-215	0.3613279	6.5290619367642586e-189
SPRR2A	11.030303030303031	1.0	0.24521175	7.55345654316187e-27
ALPPL2	15.0	1.0	0.3189809	1.5132852006613372e-118
TFAP2C	3.893939393939394	1.469768442176506e-210	0.53268254	0.0
SNAPC1	4.303030303030303	2.9329124127824168e-151	0.56142163	0.0
ZCCHC12	6.2727272727272725	1.0	0.3365697	9.006437848851333e-147
DEGS1	4.4393939393939394	1.673299379658336e-132	0.20073837	0.013021358549020631
FGFBP1	5.0	2.784639304065503e-64	0.35742328	4.0618174654892667e-182
LATS2	5.0	2.784639304065503e-64	0.6068934	0.0
INCENP	5.636363636363637	1.2851410704542627e-13	0.40319723	6.458030868092267e-264
RPS26	5.712121212121212	4.622182304966331e-10	0.18120064	1.0
GEMIN7	5.575757575757576	7.098220602553354e-17	0.39088085	1.465541062675342e-241
CDH8	4.196969696969697	2.9882021010514624e-166	0.6133564	0.0
CHAD	7.833333333333333	1.0	0.42578015	3.630871220757879e-305
PUM2	15.0	1.0	0.60376227	0.0
NCOA3	3.621212121212121	1.6813079197000762e-251	0.3156112	2.406983770131269e-113
TPST1	9.151515151515152	1.0	0.33722496	7.448658893525101e-148
GALNT13	7.166666666666667	1.0	0.47732392	0.0
HSH2D	4.833333333333333	9.548106231121443e-83	0.51814246	0.0
PFDN4	4.5606060606060606	2.0701982173404105e-116	0.38548326	8.09529213192803e-232
ZCCHC17	5.96969696969697	0.024729877173714734	0.3682508	4.538938027355531e-201
RAN	3.878787878787879	8.171994366410397e-213	0.18111628	1.0
PGK1	4.303030303030303	2.9329124127824168e-151	0.535079	0.0
FAM188A	8.5	1.0	0.34019172	8.794024752886133e-153
DOCK2	4.424242424242424	1.483232711503633e-134	0.71174765	0.0
UBE4B	4.257575757575758	1.225183680326422e-157	0.7023342	0.0
HN1L	15.0	1.0	0.29566103	3.6356110462032894e-84
PCSK9	6.909090909090909	1.0	0.46386185	0.0
GALT	5.757575757575758	3.3260698279418764e-08	0.38181764	3.1485462879299266e-225
SEPT3	5.106060606060606	1.5872832289342982e-53	0.4157398	8.34172874483123e-287
FMOD	6.7727272727272725	1.0	0.47743073	0.0
RAD50	4.909090909090909	3.9245179205093584e-74	0.7012536	0.0
IRAK1	4.03030303030303	2.1087738388507592e-190	0.29216444	2.2541725381492644e-79
DNAJC7	3.984848484848485	4.290407050829078e-197	0.5517053	0.0
HMOX1	15.0	1.0	0.18916944	0.791761040280822
TCTA	4.166666666666667	1.3774237346063119e-170	0.38154438	9.738384035227994e-225
SHC1	3.8333333333333335	1.3485832323205122e-219	-0.06896714	1.0
SEC24A	5.757575757575758	3.3260698279418764e-08	0.51092434	0.0
VWA8	6.2272727272727275	1.0	0.6332211	0.0
ZUFSP	5.833333333333333	1.4045368745137865e-05	0.41129202	1.1094208439979172e-278
ITGB1BP1	5.696969696969697	9.995055185491281e-11	0.37274766	4.935306488494435e-209
SLC15A2	7.848484848484849	1.0	0.5912226	0.0
PRKD1	3.727272727272727	1.706218311485279e-235	0.5889573	0.0
NDUFA7	7.984848484848484	1.0	0.30971092	2.0573519888253334e-104
BCLAF1	4.075757575757576	9.425084823205431e-184	0.65170765	0.0
HOOK3	6.5606060606060606	1.0	0.55755997	0.0
ZNHIT1	3.787878787878788	2.115340487863969e-226	0.41416883	6.17465822771727e-284
NFATC4	3.803030303030303	4.0245198343713096e-224	0.65747315	0.0
EPHA8	5.363636363636363	4.9677529912471725e-31	0.6187585	0.0
FAM135B	4.484848484848484	2.1281592221250877e-126	0.6785534	0.0
OPTC	9.93939393939394	1.0	0.24058592	4.6302833684272424e-23
BCAN	7.590909090909091	1.0	0.62244564	0.0
NAT2	15.0	1.0	0.27027595	6.273215775821727e-52
ACSS2	6.9393939393939394	1.0	0.54994863	0.0
ACTN2	4.545454545454546	2.1705639517453993e-118	0.5346735	0.0
MAP3K4	3.893939393939394	1.469768442176506e-210	0.69015974	0.0
MC3R	15.0	1.0	0.250642	1.2116760496983359e-31
BTG2	4.2272727272727275	6.257190620228874e-162	0.40438306	4.459513061778318e-266
NPY	15.0	1.0	0.16752565	1.0
CSTF3	4.954545454545454	3.884182853552079e-69	0.59597427	0.0
GRIA4	4.257575757575758	1.225183680326422e-157	0.5796224	0.0
GCM1	4.212121212121212	4.33582970150717e-164	0.58360535	0.0
RNF144A	5.96969696969697	0.024729877173714734	0.32437953	4.9930219071781855e-127
CD28	4.5	2.201714823989054e-124	0.39700907	1.1546146332634933e-252
RRS1	6.2727272727272725	1.0	0.33408836	1.0836243671165867e-142
WIPI2	4.818181818181818	1.6425866582786677e-84	0.5008451	0.0
RPL4	4.909090909090909	3.9245179205093584e-74	0.48467463	0.0
SMYD2	3.9696969696969697	2.4674890859968454e-199	0.2066467	0.00032012041844945767
PTPRR	3.9545454545454546	1.4292587375731596e-201	0.64922684	0.0
DOCK3	4.5	2.201714823989054e-124	0.71126634	0.0
KCND2	6.075757575757576	0.4654418176526208	0.3105178	1.277093074752631e-105
ABCB1	4.5606060606060606	2.0701982173404105e-116	0.67307633	0.0
MOB4	4.53030303030303	2.2306482421952033e-120	0.39834946	4.260097803828941e-255
SSNA1	10.303030303030303	1.0	0.15976797	1.0
NKX2-2	5.2727272727272725	2.3924807267209796e-38	0.3135021	3.997344550507609e-110
IL3	4.666666666666667	7.336184814303851e-103	0.4210086	1.9328237757891448e-296
GRB7	4.257575757575758	1.225183680326422e-157	0.5669001	0.0
FNTB	4.696969696969697	4.296316092130633e-99	0.49382973	0.0
RARB	4.378787878787879	9.114755093831552e-141	0.5948004	0.0
PELI2	4.893939393939394	7.917093618468979e-76	0.54539555	0.0
XCL1	15.0	1.0	0.13918233	1.0
DCTD	5.5	1.8957199282862748e-21	0.3866959	5.295579151729158e-234
ALYREF	6.818181818181818	1.0	0.36056945	1.3721975567838679e-187
CPSF4	15.0	1.0	0.24393226	8.983313391663884e-26
RBMX	4.53030303030303	2.2306482421952033e-120	0.3720496	8.569151199266185e-208
MED27	6.454545454545454	1.0	0.30570334	1.7399736527666337e-98
CHD4	4.107692307692307	4.204101245774104e-179	0.7104498	0.0
BTG1	4.424242424242424	1.483232711503633e-134	0.4236399	2.9841099859262053e-301
SOX6	4.5	2.201714823989054e-124	0.6396185	0.0
VPS37A	4.651515151515151	9.179932486875994e-105	0.48527145	0.0
MRAS	4.2727272727272725	1.6441818492106707e-155	0.42625254	4.9784841542418355e-306
PYDC2	7.121212121212121	1.0	0.17686094	1.0
TXNDC17	7.5606060606060606	1.0	0.15252154	1.0
CAPZA2	6.2272727272727275	1.0	0.25237527	2.9850641928072795e-33
PLEKHJ1	4.484848484848484	2.1281592221250877e-126	0.4013614	1.4213599515519059e-260
CNTNAP2	6.575757575757576	1.0	0.66801584	0.0
SOX7	4.7272727272727275	2.2662035039882355e-95	0.5155286	0.0
PSG5	5.424242424242424	1.4589219929881028e-26	0.4776602	0.0
C9orf16	6.196969696969697	1.0	0.25102744	5.354454510442514e-32
NUTF2	4.621212121212121	1.3207905061700894e-108	0.39426735	1.0829605370080655e-247
MFAP2	7.575757575757576	1.0	0.37935016	8.325936543642843e-221
RPL28	5.196969696969697	5.681854045967462e-45	0.26832175	1.0264271404099994e-49
PLEKHB1	4.348484848484849	6.158238409806613e-145	0.4467565	0.0
ST6GALNAC2	4.090909090909091	1.5223184067744789e-181	0.5138789	0.0
AVIL	4.96969696969697	1.6768237566517874e-67	0.61190015	0.0
RELB	4.0606060606060606	5.7613808878307085e-186	0.5386979	0.0
RAD51	3.803030303030303	4.0245198343713096e-224	0.3088754	3.619148453476239e-103
NHP2L1	4.757575757575758	1.0619875368314136e-91	0.3936212	1.6042421353360762e-246
PRIM1	3.9696969696969697	2.4674890859968454e-199	0.31931496	4.57401827810228e-119
PFDN5	4.136363636363637	5.955732217746212e-175	0.39833942	4.441028800999877e-255
HSF4	3.984848484848485	4.290407050829078e-197	0.55129695	0.0
INHBA	6.242424242424242	1.0	0.51905566	0.0
ZNF646	4.909090909090909	3.9245179205093584e-74	0.70736617	0.0
FABP1	4.833333333333333	9.548106231121443e-83	0.39035952	1.2847719049745394e-240
PAIP2	4.924242424242424	1.874969259881809e-72	0.34972182	7.235753735536568e-169
PSENEN	4.742424242424242	1.5808109845269243e-93	0.36420104	6.104009346045096e-194
PSG3	4.636363636363637	1.1170269528111936e-106	0.48527196	0.0
CA9	4.166666666666667	1.3774237346063119e-170	0.5474749	0.0
WIPF2	4.787878787878788	4.431250677636168e-88	0.5578215	0.0
SERPINI2	5.348484848484849	3.361814908486116e-32	0.48908177	0.0
RIOK1	4.318181818181818	3.8075011752609048e-149	0.5111542	0.0
PKN2	3.772727272727273	1.1509613505943056e-228	0.67703384	0.0
SECISBP2	4.757575757575758	1.0619875368314136e-91	0.5933687	0.0
KCNJ15	5.696969696969697	9.995055185491281e-11	0.4910902	0.0
HEXA	15.0	1.0	0.31664348	6.255061962664682e-115
TGFB2	6.7727272727272725	1.0	0.523365	0.0
IL6ST	4.090909090909091	1.5223184067744789e-181	0.50603294	0.0
MAPK14	3.303030303030303	1.117590044899327e-299	-0.084177405	1.0
SAP30	4.257575757575758	1.225183680326422e-157	0.2925541	6.672111886643644e-80
CAMK2G	4.075757575757576	9.425084823205431e-184	0.35159898	4.4668827315517274e-172
EIF2AK2	3.5757575757575757	2.18169446221551e-258	0.3299947	5.022938759632861e-136
WASF2	4.2727272727272725	1.6441818492106707e-155	0.421254	6.88586537874483e-297
UBE2Q1	4.53030303030303	2.2306482421952033e-120	0.45561564	0.0
FCAR	5.015151515151516	1.0736043812980293e-62	0.47310552	0.0
ARF1	4.9393939393939394	8.666842423299595e-71	0.2116939	5.451445784648198e-06
KLRC1	15.0	1.0	0.24543649	4.864367030723583e-27
NRXN3	5.136363636363637	1.329601873108839e-50	0.5621109	0.0
LILRB4	4.7272727272727275	2.2662035039882355e-95	0.5530863	0.0
GPRIN2	4.984848484848484	6.973868836232615e-66	0.5330729	0.0
SIAH2	5.46969696969697	1.979659785672327e-23	0.40038207	8.597652563993827e-259
LSM7	6.4393939393939394	1.0	0.20608285	0.0004788261454628436
WT1	3.803030303030303	4.0245198343713096e-224	0.57665366	0.0
CDH7	15.0	1.0	0.5906378	0.0
ARF6	4.863636363636363	2.926718135188438e-79	0.33596036	9.100927969773684e-146
PRUNE2	5.2272727272727275	2.9052237252149825e-42	0.70373785	0.0
SORD	6.984848484848484	1.0	0.37016743	1.8570155586816742e-204
ASCL3	4.575757575757576	1.9231756304013163e-114	0.40614977	2.682070761023736e-269
TFF1	5.878787878787879	0.00027450830962018466	0.22852708	1.591473170457274e-14
IL15	4.984848484848484	6.973868836232615e-66	0.37652737	9.205899831367978e-216
ALS2CR11	5.348484848484849	3.361814908486116e-32	0.5205421	0.0
EIF5	4.5606060606060606	2.0701982173404105e-116	0.48913524	0.0
SNX17	5.9393939393939394	0.006813995721858698	0.52723247	0.0
PAPPA2	4.984848484848484	6.973868836232615e-66	0.62558407	0.0
AQP1	4.803030303030303	2.7367645399029442e-86	0.41848916	7.857651223243237e-292
PHKG1	15.0	1.0	0.31492758	2.681190495944378e-112
MFAP5	6.984848484848484	1.0	0.36867914	7.95208177631455e-202
MED17	6.454545454545454	1.0	0.5081261	0.0
TRIM23	4.833333333333333	9.548106231121443e-83	0.5715069	0.0
TSPAN6	4.515151515151516	2.2372994385292133e-122	0.39928696	8.415866863567577e-257
IDH1	4.590909090909091	1.7383763998462225e-112	0.50363755	0.0
GTF2H1	3.727272727272727	1.706218311485279e-235	0.46773735	0.0
EIF4G2	4.803030303030303	2.7367645399029442e-86	0.6449183	0.0
NR5A2	4.651515151515151	9.179932486875994e-105	0.5699303	0.0
CALM2	4.409090909090909	1.2861037409784286e-136	0.26673004	6.096745505280578e-48
ARL1	6.424242424242424	1.0	0.29369017	1.8853876323635139e-81
FGD1	4.636363636363637	1.1170269528111936e-106	0.65662473	0.0
SNX20	6.015151515151516	0.11603843419891441	0.29939803	2.11123548776435e-89
DDI1	5.196969696969697	5.681854045967462e-45	0.50958085	0.0
SRSF11	5.181818181818182	2.3605024707753786e-46	0.550169	0.0
FCGRT	7.606060606060606	1.0	0.26817945	1.4827595269125387e-49
MC2R	15.0	1.0	0.27984738	2.344748659047308e-63
VPS25	15.0	1.0	0.2716728	1.5450142207630914e-53
MAP2	4.2727272727272725	1.6441818492106707e-155	0.57789665	0.0
TIAF1	5.03030303030303	3.992657506387221e-61	0.32732415	1.0028277306846863e-131
IMPA2	6.984848484848484	1.0	0.26889944	2.2975834146096375e-50
PER1	5.0606060606060606	4.89685641010256e-58	0.70702	0.0
CBX1	4.575757575757576	1.9231756304013163e-114	0.30631107	2.233286801262353e-99
SHMT1	4.303030303030303	2.9329124127824168e-151	0.5251295	0.0
LAMTOR5	4.257575757575758	1.225183680326422e-157	0.43343666	3.65633e-319
NSUN4	5.121212121212121	4.676730757762688e-52	0.46961856	0.0
NUCB1	6.075757575757576	0.4654418176526208	0.49042985	0.0
ZNF521	4.045454545454546	3.500482389273137e-188	0.6979329	0.0
BRF1	3.9242424242424243	4.600422224434154e-206	0.45594686	0.0
IRF9	4.53030303030303	2.2306482421952033e-120	0.49923748	0.0
TADA2A	4.590909090909091	1.7383763998462225e-112	0.55362844	0.0
PRB4	15.0	1.0	0.3575402	2.5467707976040765e-182
ENY2	15.0	1.0	0.20587376	0.0005545075531502569
FAS	3.9393939393939394	8.13036209830832e-204	0.32349524	1.2562823957137224e-125
CSRP2BP	5.424242424242424	1.4589219929881028e-26	0.5121538	0.0
TTBK1	4.545454545454546	2.1705639517453993e-118	0.68870944	0.0
NONO	4.363636363636363	7.512830586913155e-143	0.5506246	0.0
FAM71C	6.954545454545454	1.0	0.29592776	1.5523481548216506e-84
CCNE1	3.6666666666666665	1.2657727916532822e-244	0.24005526	1.2075858022179616e-22
POLR2B	5.0606060606060606	4.89685641010256e-58	0.6339512	0.0
HSFX1	5.151515151515151	3.59408870467608e-49	0.49745035	0.0
AVPR2	6.075757575757576	0.4654418176526208	0.34587863	2.459947577512942e-162
STAC2	5.151515151515151	3.59408870467608e-49	0.49548993	0.0
HEXDC	7.075757575757576	1.0	0.41220906	2.34300318784978e-280
BID	3.9393939393939394	8.13036209830832e-204	0.36563736	1.8312227906131428e-196
PDCL	5.409090909090909	1.1965605630142752e-27	0.3974426	1.8842211295641044e-253
RUNX1T1	4.181818181818182	2.0431422463121415e-168	0.47633862	0.0
PPP4R4	5.2727272727272725	2.3924807267209796e-38	0.23769939	7.686606648477454e-21
CDC25C	3.484848484848485	3.5900297766434764e-272	0.5268548	0.0
ALS2	4.318181818181818	3.8075011752609048e-149	0.51193833	0.0
EGR1	3.6818181818181817	2.3853005820836463e-242	0.5790301	0.0
DNAJC3	4.409090909090909	1.2861037409784286e-136	0.5704624	0.0
MS4A3	5.106060606060606	1.5872832289342982e-53	0.3114355	5.336114695573854e-107
IKZF3	4.136363636363637	5.955732217746212e-175	0.5801737	0.0
ECHS1	6.075757575757576	0.4654418176526208	0.32294297	9.361775920764483e-125
MYL1	4.833333333333333	9.548106231121443e-83	0.4011215	3.88077016833251e-260
LAMTOR1	5.0606060606060606	4.89685641010256e-58	0.38920763	1.5491042010699533e-238
BCL2L10	4.4393939393939394	1.673299379658336e-132	0.4382377	0.0
GHRH	15.0	1.0	0.17612483	1.0
NF2	3.830769230769231	5.934569741888307e-220	0.5808172	0.0
KRTAP4-12	5.015151515151516	1.0736043812980293e-62	-0.0914419	1.0
AP4B1	5.151515151515151	3.59408870467608e-49	0.64453804	0.0
COL4A3	7.075757575757576	1.0	0.64200896	0.0
PPP2R5B	4.106060606060606	2.4294474174401478e-179	0.5642588	0.0
ZMYM5	4.606060606060606	1.5330310558122995e-110	0.5368321	0.0
RTN4IP1	5.893939393939394	0.0006641214396199383	0.45153147	0.0
PCDH1	4.015151515151516	1.2499973933095756e-192	0.6327978	0.0
RGL1	4.333333333333333	4.8731389520965527e-147	0.61748993	0.0
S100A10	5.166666666666667	9.397055613032697e-48	0.2794902	6.503817847545612e-63
ZNF165	5.196969696969697	5.681854045967462e-45	0.5592398	0.0
RPL31	5.242424242424242	6.099209833098505e-41	0.32947332	3.49657374831845e-135
PAIP1	4.96969696969697	1.6768237566517874e-67	0.4991084	0.0
NOL11	6.606060606060606	1.0	0.52181983	0.0
RAB18	4.803030303030303	2.7367645399029442e-86	0.3731893	8.104647511944609e-210
POLL	4.5	2.201714823989054e-124	0.5625551	0.0
TNFSF14	5.7272727272727275	2.031818790138371e-09	0.35150743	6.407363129945518e-172
RCC1	4.5	2.201714823989054e-124	0.5019443	0.0
GNG11	6.196969696969697	1.0	0.2761203	8.53072558786691e-59
ATXN7L1	15.0	1.0	0.33348522	1.0516997377206755e-141
RABGEF1	4.696969696969697	4.296316092130633e-99	0.5640004	0.0
ZFYVE9	3.893939393939394	1.469768442176506e-210	0.7033809	0.0
IL4	5.136363636363637	1.329601873108839e-50	0.37857953	1.990736674777244e-219
NOM1	4.515151515151516	2.2372994385292133e-122	0.6043393	0.0
SERPINI1	6.742424242424242	1.0	0.4955354	0.0
DIS3	6.2272727272727275	1.0	0.6726401	0.0
BCL10	4.257575757575758	1.225183680326422e-157	0.35114667	2.6571359463127457e-171
CBR1	6.333333333333333	1.0	0.29183313	6.334064667197678e-79
YME1L1	4.757575757575758	1.0619875368314136e-91	0.6049808	0.0
GRIA2	4.424242424242424	1.483232711503633e-134	0.66772056	0.0
GOSR1	5.954545454545454	0.013318735761905466	0.37106308	4.819259186774413e-206
VSIG4	10.151515151515152	1.0	0.4145374	1.3104240183100237e-284
RPS13	4.7272727272727275	2.2662035039882355e-95	0.40698895	7.931360775912847e-271
KAT7	4.184615384615385	5.170097990927462e-168	0.5253518	0.0
NREP	5.4393939393939394	1.6925534327478274e-25	0.2766259	2.090496825693633e-59
FANCE	4.378787878787879	9.114755093831552e-141	0.5741171	0.0
SRSF1	4.378787878787879	9.114755093831552e-141	0.30260357	5.561470461565725e-94
SRSF2	4.636363636363637	1.1170269528111936e-106	0.3246219	2.0588114163274563e-127
CLEC2D	6.015151515151516	0.11603843419891441	0.15693553	1.0
PDCD6	5.106060606060606	1.5872832289342982e-53	0.0830667	1.0
MEOX1	5.2272727272727275	2.9052237252149825e-42	0.29697827	5.345036027718883e-86
LAT2	4.681818181818182	5.689414961865554e-101	0.4893346	0.0
FASLG	4.106060606060606	2.4294474174401478e-179	0.4390126	0.0
INSIG1	4.575757575757576	1.9231756304013163e-114	0.43749964	0.0
ARHGDIB	4.378787878787879	9.114755093831552e-141	0.43677434	0.0
MICALCL	15.0	1.0	0.32537746	1.292980594609641e-128
LRP1	5.409090909090909	1.1965605630142752e-27	0.64468163	0.0
MUC7	15.0	1.0	0.20627019	0.0004193568375041848
RNF25	4.363636363636363	7.512830586913155e-143	0.5204748	0.0
TRIM22	5.318181818181818	1.3394031029632731e-34	0.52066827	0.0
FAM219A	5.136363636363637	1.329601873108839e-50	0.38501483	5.646675879103142e-231
SPOCK1	7.590909090909091	1.0	0.5008035	0.0
NKAP	5.515151515151516	1.7246853142774622e-20	0.4476176	0.0
SNX3	5.893939393939394	0.0006641214396199383	0.2540595	7.547108075880019e-35
BACH1	5.636363636363637	1.2851410704542627e-13	0.41160747	2.944203853692679e-279
SAG	5.96969696969697	0.024729877173714734	0.38550085	7.52891736170504e-232
CCDC89	5.757575757575758	3.3260698279418764e-08	0.3792718	1.1497716468317175e-220
TEKT4	5.5606060606060606	9.57038049901898e-18	0.44908017	0.0
STON2	4.96969696969697	1.6768237566517874e-67	0.64981693	0.0
MPG	3.878787878787879	8.171994366410397e-213	0.48341942	0.0
PRKAR1A	4.7727272727272725	6.9489106635318485e-90	0.380033	4.9838667128486946e-222
HOXC4	4.333333333333333	4.8731389520965527e-147	0.49195948	0.0
GRIK1	4.833333333333333	9.548106231121443e-83	0.66646224	0.0
SNAP23	6.2727272727272725	1.0	0.2466248	4.6407123034573605e-28
CASP7	3.6666666666666665	1.2657727916532822e-244	0.12685007	1.0
AHSA2	4.2272727272727275	6.257190620228874e-162	0.36339715	1.567252968097039e-192
GRAP2	4.2272727272727275	6.257190620228874e-162	0.30397883	5.693959937279657e-96
RGS9	15.0	1.0	0.2816166	1.4358420520780586e-65
DDX4	5.0	2.784639304065503e-64	0.5673586	0.0
FGF6	5.242424242424242	6.099209833098505e-41	0.35725054	8.095525999414257e-182
RAC3	4.0606060606060606	5.7613808878307085e-186	0.42254356	3.015817602886037e-299
RIF1	4.166666666666667	1.3774237346063119e-170	0.69295645	0.0
UNKL	3.909090909090909	2.64348710704926e-208	0.4398758	0.0
KIF20A	5.484848484848484	1.988067711542528e-22	0.5158906	0.0
CABIN1	4.106060606060606	2.4294474174401478e-179	0.7123622	0.0
CCNK	5.075757575757576	1.6271107072498622e-56	0.53081185	0.0
PLAG1	4.090909090909091	1.5223184067744789e-181	0.54574984	0.0
ROBO2	6.212121212121212	1.0	0.6713025	0.0
SAT2	4.348484848484849	6.158238409806613e-145	0.40490532	4.988301706871757e-267
CEBPA	3.757575757575758	6.114847680928736e-231	0.19043665	0.6073549299638844
SNX18	5.0	2.784639304065503e-64	0.6442486	0.0
INSC	4.924242424242424	1.874969259881809e-72	0.567022	0.0
PDZD3	6.863636363636363	1.0	0.4908679	0.0
UXT	5.121212121212121	4.676730757762688e-52	0.30717188	1.2060935064156377e-100
CD1D	6.5	1.0	0.3239957	2.0249416611524768e-126
KLRC2	15.0	1.0	0.24551834	4.146389036150861e-27
RPH3A	6.075757575757576	0.4654418176526208	0.44841897	0.0
GABRB1	4.5	2.201714823989054e-124	0.5288443	0.0
SOX4	4.242424242424242	8.837767506374353e-160	0.5302009	0.0
CCL27	9.181818181818182	1.0	0.26301345	6.553636237480648e-44
SNRPB	5.106060606060606	1.5872832289342982e-53	0.32699156	3.417389094678134e-131
CELF3	5.0606060606060606	4.89685641010256e-58	0.506835	0.0
C2orf88	5.7727272727272725	1.240247868738064e-07	0.21050267	1.538489322287842e-05
CCBL2	7.545454545454546	1.0	0.32981274	9.893489870192645e-136
RAB6B	4.484848484848484	2.1281592221250877e-126	0.3958693	1.3496039131826042e-250
RPA2	4.257575757575758	1.225183680326422e-157	0.26619762	2.355215989864e-47
SSH2	4.954545454545454	3.884182853552079e-69	0.686556	0.0
IL1F10	6.621212121212121	1.0	0.22560887	9.296308160768219e-13
LTA4H	6.151515151515151	1.0	0.40480125	7.7163539657716114e-267
RALB	4.757575757575758	1.0619875368314136e-91	0.43543527	1.04e-322
G3BP2	4.363636363636363	7.512830586913155e-143	0.5452182	0.0
EIF2B1	4.4393939393939394	1.673299379658336e-132	0.3295662	2.4771267924190237e-135
SPAG8	4.696969696969697	4.296316092130633e-99	0.520743	0.0
FHL1	5.0606060606060606	4.89685641010256e-58	0.35888198	1.1900417144939872e-184
MITF	3.8181818181818183	7.38036129473198e-222	0.5522256	0.0
TACC1	5.590909090909091	5.007830731219704e-16	0.44267964	0.0
TRIM62	4.015151515151516	1.2499973933095756e-192	0.5388966	0.0
FAU	4.818181818181818	1.6425866582786677e-84	0.33510152	2.36011741257176e-144
TNFSF8	5.878787878787879	0.00027450830962018466	0.22474459	2.9434549672368288e-12
SART3	5.257575757575758	1.2355595419735018e-39	0.6320882	0.0
ARHGAP35	4.3076923076923075	1.3255263477636158e-150	0.69123685	0.0
CNTNAP1	4.257575757575758	1.225183680326422e-157	0.7064128	0.0
GCNT1	4.7727272727272725	6.9489106635318485e-90	0.49509892	0.0
AP1G1	5.378787878787879	7.002849665867642e-30	0.53433347	0.0
RBPMS	4.424242424242424	1.483232711503633e-134	0.042455412	1.0
IL25	9.93939393939394	1.0	0.14716934	1.0
NDUFA6	5.863636363636363	0.0001074974518139196	0.17494328	1.0
RER1	4.712121212121212	3.1719869210396293e-97	0.39900342	2.7585115633019596e-256
TNFRSF17	5.045454545454546	1.4229306440703084e-59	0.39482123	1.0739025894548579e-248
EIF2D	15.0	1.0	0.3239107	2.7607921743869484e-126
CDK4	3.6666666666666665	1.2657727916532822e-244	0.2004338	0.01528405762300505
KCNQ2	4.378787878787879	9.114755093831552e-141	0.56739193	0.0
CASP10	4.2727272727272725	1.6441818492106707e-155	0.46297446	0.0
TMSB4X	4.46969696969697	2.0157488759722106e-128	0.237361	1.376959080400309e-20
KLF10	4.424242424242424	1.483232711503633e-134	0.52490693	0.0
RPL11	4.257575757575758	1.225183680326422e-157	0.4020645	7.461542351902481e-262
BMP7	6.0	0.07311233693762956	0.47584063	0.0
MSX2	4.333333333333333	4.8731389520965527e-147	0.42502287	8.821842724986224e-304
ENO1	6.212121212121212	1.0	0.32599804	1.3254022269700552e-129
SERPINF2	7.303030303030303	1.0	0.27424285	1.4990260105703315e-56
HPCAL1	5.121212121212121	4.676730757762688e-52	0.35559073	6.0317097158761556e-179
SST	9.333333333333334	1.0	0.15638319	1.0
PPM1J	4.378787878787879	9.114755093831552e-141	0.55009794	0.0
AIFM1	4.96969696969697	1.6768237566517874e-67	0.5333969	0.0
UNC119	4.257575757575758	1.225183680326422e-157	-0.10985313	1.0
ERH	3.742424242424242	3.2359242627538247e-233	0.29708928	3.7402063653309505e-86
NOS1AP	4.696969696969697	4.296316092130633e-99	0.54320866	0.0
MSC	4.666666666666667	7.336184814303851e-103	0.4126674	3.409267413049163e-281
NPHP3	5.46969696969697	1.979659785672327e-23	0.6476601	0.0
TP53INP1	3.9545454545454546	1.4292587375731596e-201	0.32867545	6.765699392092367e-134
HLA-E	15.0	1.0	0.20485494	0.0011112413162086515
KCNS3	15.0	1.0	0.4339614	4.028e-320
MYL9	6.045454545454546	0.254656797901843	0.39458987	2.8190439302005603e-248
SLAMF7	5.5	1.8957199282862748e-21	0.3606084	1.173848249950745e-187
ZNF197	5.424242424242424	1.4589219929881028e-26	0.08986016	1.0
NIF3L1	5.2272727272727275	2.9052237252149825e-42	0.36093733	3.135029873722949e-188
KRAS	4.2727272727272725	1.6441818492106707e-155	0.38415307	2.0065469958647302e-229
LRRC1	4.666666666666667	7.336184814303851e-103	0.5631795	0.0
LY6E	5.393939393939394	9.413594363001394e-29	0.34964946	9.6141888272153e-169
HIF1A	3.621212121212121	1.6813079197000762e-251	0.15454035	1.0
GYPC	5.2727272727272725	2.3924807267209796e-38	0.3420521	6.834340233069883e-156
CSNK2A2	3.484848484848485	3.5900297766434764e-272	-0.041683353	1.0
NKD1	5.424242424242424	1.4589219929881028e-26	0.45955014	0.0
PTPRCAP	4.621212121212121	1.3207905061700894e-108	0.3994972	3.493406560621621e-257
RAB3A	6.409090909090909	1.0	0.26215574	5.306796454262698e-43
ATG3	6.924242424242424	1.0	0.2669277	3.686860010978867e-48
ATF1	3.742424242424242	3.2359242627538247e-233	0.42903277	4.1030064880054e-311
EIF1	7.090909090909091	1.0	0.2800057	1.4902913748058438e-63
ARL8B	4.348484848484849	6.158238409806613e-145	0.37522867	1.907993067358277e-213
NR1I3	4.303030303030303	2.9329124127824168e-151	0.466351	0.0
SHMT2	4.318181818181818	3.8075011752609048e-149	0.5126574	0.0
PACS2	15.0	1.0	0.59093344	0.0
C10orf62	5.045454545454546	1.4229306440703084e-59	0.423424	7.399800645234153e-301
IFITM2	6.03030303030303	0.17626248537921577	0.25395173	9.573460310871603e-35
MAD2L1	4.742424242424242	1.5808109845269243e-93	0.33901072	8.141582684532942e-151
PCBD2	4.863636363636363	2.926718135188438e-79	0.3171246	1.1332635165632215e-115
GUCA2A	8.863636363636363	1.0	0.20021653	0.01711038002074414
AKIP1	4.590909090909091	1.7383763998462225e-112	0.37399942	2.943731361858279e-211
RPP21	15.0	1.0	0.267126	2.2229141169831543e-48
KLK2	6.893939393939394	1.0	0.33684003	3.2203425430179795e-147
FHL2	3.8484848484848486	2.5229778063339486e-217	0.43747354	0.0
RAP2B	4.818181818181818	1.6425866582786677e-84	0.36121485	1.0284735441432864e-188
RAB8B	4.46969696969697	2.0157488759722106e-128	0.41534597	4.373555614954917e-286
WFIKKN2	15.0	1.0	0.35048807	3.5574828859443205e-170
MT1G	6.984848484848484	1.0	0.18338874	1.0
S100A12	6.893939393939394	1.0	0.20269036	0.004347630915056609
CUBN	6.045454545454546	0.254656797901843	0.6821432	0.0
ARL2	4.863636363636363	2.926718135188438e-79	0.32039732	9.37570471624907e-121
YWHAG	3.3636363636363638	1.4066853998338107e-290	-0.18832825	1.0
EDN3	5.893939393939394	0.0006641214396199383	0.3076622	2.276358425467291e-101
ALPL	4.96969696969697	1.6768237566517874e-67	0.5655348	0.0
ORMDL3	5.121212121212121	4.676730757762688e-52	0.34591195	2.161109084825244e-162
MED10	4.681818181818182	5.689414961865554e-101	0.29592124	1.5845572231822038e-84
MYL2	5.803030303030303	1.4705485992125324e-06	0.35187006	1.5319616784327395e-172
PTOV1	5.0606060606060606	4.89685641010256e-58	0.44135228	0.0
SMUG1	5.2727272727272725	2.3924807267209796e-38	0.3424434	1.5086958693673868e-156
ZBTB16	3.484848484848485	3.5900297766434764e-272	0.02695092	1.0
PITHD1	5.090909090909091	5.1713704161927095e-55	0.21573423	1.1386173739895034e-07
PKP4	4.409090909090909	1.2861037409784286e-136	0.7016033	0.0
STAMBP	5.242424242424242	6.099209833098505e-41	0.26226696	4.052843779594843e-43
LCN1	9.045454545454545	1.0	0.23511197	6.06442836989893e-19
HAP1	4.090909090909091	1.5223184067744789e-181	0.041938365	1.0
HIST1H2AJ	4.863636363636363	2.926718135188438e-79	0.2958739	1.842816891487144e-84
FMR1	4.2272727272727275	6.257190620228874e-162	0.5949443	0.0
RFC5	4.666666666666667	7.336184814303851e-103	0.43953583	0.0
SERPINB4	9.545454545454545	1.0	0.28155878	1.6975907692384182e-65
DUSP5	4.015151515151516	1.2499973933095756e-192	0.43686706	0.0
LY96	5.696969696969697	9.995055185491281e-11	0.33883065	1.61942563835487e-150
MSN	4.984848484848484	6.973868836232615e-66	0.5740135	0.0
FAM162A	4.2272727272727275	6.257190620228874e-162	0.36621088	1.7921015587335475e-197
COQ6	4.484848484848484	2.1281592221250877e-126	0.5153089	0.0
HDAC9	4.121212121212121	3.8192567646814513e-177	0.5439278	0.0
PFDN6	5.136363636363637	1.329601873108839e-50	0.20158385	0.008223528354044532
PRPH2	15.0	1.0	0.19629276	0.10146644178358062
PSMB5	6.166666666666667	1.0	0.17368892	1.0
TXNL4A	4.606060606060606	1.5330310558122995e-110	0.29786062	3.1090422471838973e-87
CCNH	3.712121212121212	8.857636845961859e-238	0.45265627	0.0
FGF7	5.196969696969697	5.681854045967462e-45	0.43156084	9.8099651e-316
PAAF1	5.7727272727272725	1.240247868738064e-07	0.3329208	8.802979296978938e-141
PLXNB1	5.515151515151516	1.7246853142774622e-20	0.7145808	0.0
ATP5A1	4.181818181818182	2.0431422463121415e-168	0.56165326	0.0
NAGK	7.4393939393939394	1.0	0.269002	1.7596091591198163e-50
ARCN1	6.348484848484849	1.0	0.3738464	5.509515191860902e-211
PDPN	8.0	1.0	0.21462543	3.476808161859364e-07
ETF1	5.757575757575758	3.3260698279418764e-08	0.42660025	1.1529854333296833e-306
NYNRIN	6.196969696969697	1.0	0.66090125	0.0
PSKH1	5.409090909090909	1.1965605630142752e-27	0.45200968	0.0
USP37	4.363636363636363	7.512830586913155e-143	0.63721627	0.0
CDK8	5.015151515151516	1.0736043812980293e-62	0.52277505	0.0
TBL1X	4.484848484848484	2.1281592221250877e-126	0.59094906	0.0
RPL41	4.318181818181818	3.8075011752609048e-149	0.18497874	1.0
RPS11	5.045454545454546	1.4229306440703084e-59	0.35973355	3.9226539666861445e-186
FGFR3	5.575757575757576	7.098220602553354e-17	0.35662493	9.80977231860776e-181
PPP2CA	3.5303030303030303	2.824771523696977e-265	0.06557125	1.0
TOPBP1	4.242424242424242	8.837767506374353e-160	0.71179926	0.0
SSSCA1	5.424242424242424	1.4589219929881028e-26	0.35549727	8.747156391920037e-179
FOXO1	3.4393939393939394	4.255692881133359e-279	0.4653093	0.0
DOK4	4.242424242424242	8.837767506374353e-160	0.5152458	0.0
NDE1	3.696969696969697	4.6359708472492094e-240	0.4288748	7.977489936176e-311
APH1B	4.742424242424242	1.5808109845269243e-93	0.39780915	4.074552997686063e-254
UBE2E2	5.787878787878788	4.385663779892977e-07	0.31871194	3.9544639916354505e-118
MAPK3	3.196969696969697	7.17273853e-316	-0.11305635	1.0
RHOQ	4.636363636363637	1.1170269528111936e-106	0.39429277	9.742764649909938e-248
RAMP1	15.0	1.0	0.17589144	1.0
SNX15	6.212121212121212	1.0	0.2755748	3.864106264971676e-58
PML	3.4545454545454546	8.587356613216964e-277	0.12439868	1.0
MYO1G	5.242424242424242	6.099209833098505e-41	0.62381285	0.0
PDC	4.257575757575758	1.225183680326422e-157	0.4530214	0.0
CACNG3	15.0	1.0	0.23882434	1.0802957973152504e-21
NPPA	5.333333333333333	2.1706753254292354e-33	0.2866574	4.859996072080563e-72
SUMO2	3.9242424242424243	4.600422224434154e-206	0.07969816	1.0
DDC	4.0606060606060606	5.7613808878307085e-186	0.5370223	0.0
SRSF9	4.5	2.201714823989054e-124	0.3919385	1.790171685780401e-243
TNNT1	6.515151515151516	1.0	0.23219676	6.499534583523299e-17
ZFAND5	4.696969696969697	4.296316092130633e-99	0.4295607	4.45151768166e-312
SERPINA3	7.03030303030303	1.0	0.24991879	5.5382053380480465e-31
EDA	5.424242424242424	1.4589219929881028e-26	0.2851439	4.509606020818086e-70
PEPD	5.151515151515151	3.59408870467608e-49	0.5084527	0.0
GLS2	4.909090909090909	3.9245179205093584e-74	0.61800075	0.0
MTF1	5.7727272727272725	1.240247868738064e-07	0.488233	0.0
EXOSC5	6.2272727272727275	1.0	0.38376963	9.82250842884096e-229
ANGPT1	5.333333333333333	2.1706753254292354e-33	0.54262066	0.0
FAM101A	5.045454545454546	1.4229306440703084e-59	0.2900157	1.7622373162550722e-76
MLLT10	5.075757575757576	1.6271107072498622e-56	0.305144	1.1446871005190222e-97
RAB3D	6.53030303030303	1.0	0.2986969	2.0688848592811234e-88
CALD1	4.409090909090909	1.2861037409784286e-136	0.5839501	0.0
ING4	3.8333333333333335	1.3485832323205122e-219	0.44240153	0.0
CASP14	4.4393939393939394	1.673299379658336e-132	0.42698324	2.299926255409573e-307
PDE6G	3.8484848484848486	2.5229778063339486e-217	0.32608625	9.584587016383994e-130
PLAT	6.015151515151516	0.11603843419891441	0.5565855	0.0
MAP2K6	4.03030303030303	2.1087738388507592e-190	0.44283915	0.0
RAB11FIP2	5.454545454545454	1.875469319795333e-24	0.4519086	0.0
SPTAN1	4.075757575757576	9.425084823205431e-184	0.47918835	0.0
GLP2R	5.045454545454546	1.4229306440703084e-59	0.4740448	0.0
KCND3	8.075757575757576	1.0	0.34178725	1.897730155844086e-155
RCC2	4.7727272727272725	6.9489106635318485e-90	0.52172637	0.0
TRHDE	15.0	1.0	0.408592	9.414222470714203e-274
SLC22A9	5.863636363636363	0.0001074974518139196	0.5337535	0.0
HADHB	5.348484848484849	3.361814908486116e-32	0.50264114	0.0
RPL22	5.454545454545454	1.875469319795333e-24	0.21272793	2.1357671700101556e-06
IARS	4.0606060606060606	5.7613808878307085e-186	0.66716474	0.0
ZYG11B	6.484848484848484	1.0	0.4487054	0.0
AHCYL1	5.575757575757576	7.098220602553354e-17	0.50472003	0.0
RIC8B	6.363636363636363	1.0	0.46069264	0.0
FGFR4	5.621212121212121	2.1281896348445874e-14	0.40977407	6.542429233557925e-276
SLC8A3	4.151515151515151	9.15888580977784e-173	0.6622628	0.0
PTPRU	6.075757575757576	0.4654418176526208	0.696522	0.0
HMOX2	4.393939393939394	1.0948844848673155e-138	0.4745498	0.0
NKIRAS2	4.651515151515151	9.179932486875994e-105	0.39006615	4.35989791771992e-240
HNRNPD	4.484848484848484	2.1281592221250877e-126	0.41345125	1.2621677218991755e-282
GAB3	4.212121212121212	4.33582970150717e-164	0.51728207	0.0
GCA	5.0	2.784639304065503e-64	0.3695082	2.7218240087695135e-203
GSTM1	15.0	1.0	0.13209248	1.0
GUCA1B	15.0	1.0	0.2724004	2.2040576405321222e-54
ANAPC7	4.787878787878788	4.431250677636168e-88	0.5709437	0.0
HOXB6	4.166666666666667	1.3774237346063119e-170	0.43968984	0.0
PMAIP1	4.681818181818182	5.689414961865554e-101	0.2564335	3.6948169144542365e-37
NR2F2	3.9696969696969697	2.4674890859968454e-199	0.48253155	0.0
SPINK5	15.0	1.0	0.35677105	5.477913622867844e-181
RBCK1	5.787878787878788	4.385663779892977e-07	0.48049158	0.0
UBE2V1	4.863636363636363	2.926718135188438e-79	0.32054392	5.53008070910835e-121
GJA8	6.015151515151516	0.11603843419891441	0.3912553	3.0819733281569015e-242
PSME3	3.772727272727273	1.1509613505943056e-228	0.40774915	3.25016667713787e-272
STX7	7.015151515151516	1.0	0.30279312	2.963704805509073e-94
ECHDC2	15.0	1.0	0.22103858	3.125884206614093e-10
POU1F1	3.9696969696969697	2.4674890859968454e-199	0.46851224	0.0
FBXO9	5.863636363636363	0.0001074974518139196	0.40039396	8.183402582851903e-259
RIMS2	5.545454545454546	1.2242493613827866e-18	0.61531645	0.0
CLEC5A	15.0	1.0	0.16691937	1.0
CDK2	3.606060606060606	8.821660124325988e-254	-0.062405378	1.0
FLAD1	5.833333333333333	1.4045368745137865e-05	0.32728493	1.158779860065126e-131
NTF4	4.7727272727272725	6.9489106635318485e-90	0.37890482	5.216205093525036e-220
ALDH2	5.090909090909091	5.1713704161927095e-55	0.58904123	0.0
ACP5	5.287878787878788	4.435475492969264e-37	0.29064155	2.556593484194366e-77
DHX15	4.212121212121212	4.33582970150717e-164	0.5704464	0.0
NAT8	4.090909090909091	1.5223184067744789e-181	0.43047857	9.33958289e-314
CBLL1	4.742424242424242	1.5808109845269243e-93	0.4867544	0.0
PEA15	3.727272727272727	1.706218311485279e-235	0.26136717	3.561745775281322e-42
ORC5	5.318181818181818	1.3394031029632731e-34	0.41492906	2.525528963546721e-285
OXSR1	15.0	1.0	0.34572044	4.552151662991446e-162
NPFFR2	15.0	1.0	0.20471247	0.0012212735531294933
ALCAM	4.4393939393939394	1.673299379658336e-132	0.3287925	4.382460159475973e-134
CCKAR	5.863636363636363	0.0001074974518139196	0.35973495	3.902250963473547e-186
STMN2	4.363636363636363	7.512830586913155e-143	0.3332466	2.582751852930206e-141
COX17	4.651515151515151	9.179932486875994e-105	0.2807728	1.6457536759130064e-64
TCF21	5.045454545454546	1.4229306440703084e-59	0.32756227	4.1647214172520585e-132
MOCS2	6.2727272727272725	1.0	0.17454681	1.0
SH3BGR	6.075757575757576	0.4654418176526208	0.24495625	1.2428490340284676e-26
HNF1B	4.121212121212121	3.8192567646814513e-177	0.5708242	0.0
MTAP	15.0	1.0	0.24208395	2.947347904467974e-24
PRRX1	4.378787878787879	9.114755093831552e-141	0.41337544	1.7343712752752113e-282
ABI2	5.545454545454546	1.2242493613827866e-18	0.5130401	0.0
STRA13	3.909090909090909	2.64348710704926e-208	0.236479	6.183259838930228e-20
ZNF276	5.015151515151516	1.0736043812980293e-62	0.54096156	0.0
MIS12	5.484848484848484	1.988067711542528e-22	0.3564229	2.195197419928821e-180
GABRA4	4.803030303030303	2.7367645399029442e-86	0.50141007	0.0
SMPD2	5.393939393939394	9.413594363001394e-29	0.42728338	6.491887824992796e-308
CDK5RAP2	4.2727272727272725	1.6441818492106707e-155	0.67671937	0.0
UBE2R2	4.0606060606060606	5.7613808878307085e-186	0.4309101	1.5182448633e-314
PPIC	5.333333333333333	2.1706753254292354e-33	0.39164767	6.011442896900046e-243
JAK3	4.03030303030303	2.1087738388507592e-190	0.30988815	1.118468171501149e-104
PRKCQ	3.6818181818181817	2.3853005820836463e-242	0.536438	0.0
YEATS4	4.590909090909091	1.7383763998462225e-112	0.36143565	4.235140102765915e-189
CD151	5.696969696969697	9.995055185491281e-11	0.35794532	5.045312822692102e-183
POLR2L	5.090909090909091	5.1713704161927095e-55	0.21189237	4.569152387436652e-06
RGS18	6.045454545454546	0.254656797901843	0.38918814	1.6792883936294918e-238
C1orf123	4.636363636363637	1.1170269528111936e-106	0.33040574	1.086308684646945e-136
HMGA2	3.772727272727273	1.1509613505943056e-228	0.37859285	1.8851868528232254e-219
DPPA3	6.242424242424242	1.0	0.26912948	1.2631671817978193e-50
CAMKK2	4.545454545454546	2.1705639517453993e-118	0.5288705	0.0
ELF2	4.378787878787879	9.114755093831552e-141	0.54652625	0.0
FXYD7	6.03030303030303	0.17626248537921577	0.09318875	1.0
MAP3K12	4.636363636363637	1.1170269528111936e-106	0.68719524	0.0
TALDO1	7.878787878787879	1.0	0.3188643	2.294558757813275e-118
PTGES	15.0	1.0	0.17362557	1.0
CLDN4	6.0	0.07311233693762956	0.33453324	2.0223674121362156e-143
PEX3	10.166666666666666	1.0	0.34615433	8.410089886258022e-163
SERPINB1	7.333333333333333	1.0	0.3734003	3.416373154915262e-210
MC1R	15.0	1.0	0.18244632	1.0
STAU2	5.015151515151516	1.0736043812980293e-62	0.5191431	0.0
TPPP	4.257575757575758	1.225183680326422e-157	0.40512353	1.9952417463599613e-267
TRADD	4.545454545454546	2.1705639517453993e-118	0.33496273	3.990657756130492e-144
CD2AP	4.181818181818182	2.0431422463121415e-168	0.49360114	0.0
HUS1	4.636363636363637	1.1170269528111936e-106	0.42840093	5.8778345221078e-310
HPGDS	15.0	1.0	0.28217226	2.856652248247431e-66
ASUN	6.515151515151516	1.0	0.41350827	9.93733210016056e-283
ABI1	4.196969696969697	2.9882021010514624e-166	0.27675086	1.475502222173256e-59
CCR5	6.212121212121212	1.0	0.2291654	6.3095003487960014e-15
UCHL3	5.363636363636363	4.9677529912471725e-31	0.23693797	2.837396442418768e-20
PPP5C	5.393939393939394	9.413594363001394e-29	0.50425947	0.0
UBE2W	5.636363636363637	1.2851410704542627e-13	0.26406905	4.866803950993843e-45
BIRC3	4.318181818181818	3.8075011752609048e-149	0.6050399	0.0
HMG20A	5.4393939393939394	1.6925534327478274e-25	0.35203245	8.072640886360576e-173
MPC2	5.575757575757576	7.098220602553354e-17	0.22874133	1.1684262675539561e-14
PDIA6	6.2272727272727275	1.0	0.36001077	1.2919407908518526e-186
RGS6	5.363636363636363	4.9677529912471725e-31	0.2692321	9.666818951389802e-51
HMGN1	3.712121212121212	8.857636845961859e-238	0.3365234	1.0736221720319497e-146
NRGN	4.318181818181818	3.8075011752609048e-149	0.31775445	1.2070174862767098e-116
IRAK3	4.878787878787879	1.5453967442950229e-77	0.5992203	0.0
C7orf50	5.5	1.8957199282862748e-21	0.37585744	1.4437484907922244e-214
TMSB4Y	4.833333333333333	9.548106231121443e-83	0.23809041	3.902257948383271e-21
NARF	5.136363636363637	1.329601873108839e-50	0.42986268	1.25053899732e-312
PAK4	4.075757575757576	9.425084823205431e-184	0.59934616	0.0
MIER1	4.318181818181818	3.8075011752609048e-149	0.5712625	0.0
RALGPS2	4.181818181818182	2.0431422463121415e-168	0.5826815	0.0
GPR77	10.151515151515152	1.0	0.4585207	0.0
MRPS26	4.454545454545454	1.8518644066753443e-130	0.3890342	3.1858158600866566e-238
M6PR	6.484848484848484	1.0	0.37835875	4.9408492885500943e-219
S1PR2	6.181818181818182	1.0	0.38269842	8.272914728955592e-227
HOXB4	4.166666666666667	1.3774237346063119e-170	0.44747087	0.0
CYP1A2	15.0	1.0	0.31744534	3.626641910525011e-116
HHEX	4.196969696969697	2.9882021010514624e-166	0.45174325	0.0
C1orf216	5.515151515151516	1.7246853142774622e-20	0.33995065	2.2176166286997482e-152
COMMD10	7.924242424242424	1.0	0.1756717	1.0
HOXD4	4.166666666666667	1.3774237346063119e-170	0.4493833	0.0
POLR2I	6.787878787878788	1.0	0.2024603	0.004977085767023093
CTNND1	4.015151515151516	1.2499973933095756e-192	0.556552	0.0
RAMP3	15.0	1.0	0.12000309	1.0
SIRT1	3.787878787878788	2.115340487863969e-226	0.44855362	0.0
B9D1	6.257575757575758	1.0	0.29355413	2.8935657626910704e-81
SSR4	6.348484848484849	1.0	0.19871852	0.035721310197273946
EIF4E	4.393939393939394	1.0948844848673155e-138	0.2743081	1.2549532359608556e-56
TRPC7	7.075757575757576	1.0	0.50792503	0.0
PLEKHB2	5.075757575757576	1.6271107072498622e-56	0.38488483	9.674015034651653e-231
MECOM	3.9393939393939394	8.13036209830832e-204	0.67800266	0.0
EXOSC2	6.954545454545454	1.0	0.42924637	1.671127114821e-311
JAKMIP1	4.257575757575758	1.225183680326422e-157	0.5914176	0.0
CHAF1A	5.409090909090909	1.1965605630142752e-27	0.63444644	0.0
FXYD1	5.954545454545454	0.013318735761905466	0.16430084	1.0
MAGEA4	5.090909090909091	5.1713704161927095e-55	0.29263464	5.189457165636943e-80
BCL2L11	3.9545454545454546	1.4292587375731596e-201	0.23789743	5.456762289128711e-21
CCND2	3.9545454545454546	1.4292587375731596e-201	0.44454935	0.0
PRKCD	3.378787878787879	2.7755109508566707e-288	-0.042283908	1.0
NTRK3	3.8181818181818183	7.38036129473198e-222	0.5845144	0.0
FYN	3.893939393939394	1.469768442176506e-210	-0.14135572	1.0
RPS6KA1	3.4545454545454546	8.587356613216964e-277	0.29991776	3.873601235593921e-90
HIST1H3H	15.0	1.0	0.15332046	1.0
SYNJ2BP	5.5	1.8957199282862748e-21	0.24607077	1.3945909669848505e-27
NUF2	4.606060606060606	1.5330310558122995e-110	0.46801284	0.0
C1orf114	4.515151515151516	2.2372994385292133e-122	0.49718937	0.0
GTF3C5	4.924242424242424	1.874969259881809e-72	0.55437106	0.0
HOXC8	4.106060606060606	2.4294474174401478e-179	0.4163226	7.17525122357242e-288
GPNMB	4.166666666666667	1.3774237346063119e-170	0.5400232	0.0
USHBP1	4.590909090909091	1.7383763998462225e-112	0.2934293	4.283865246559216e-81
ILKAP	4.848484848484849	5.380669780436885e-81	0.38053975	6.164351260756355e-223
STYX	7.666666666666667	1.0	0.12681094	1.0
IKZF1	4.03030303030303	2.1087738388507592e-190	0.4157694	7.367562855082896e-287
ATXN3	5.318181818181818	1.3394031029632731e-34	0.16704352	1.0
PRNP	4.666666666666667	7.336184814303851e-103	0.12849216	1.0
NPPB	7.333333333333333	1.0	0.2093464	4.02225004280794e-05
OTUB2	6.015151515151516	0.11603843419891441	0.26523343	2.671857629655867e-46
LAMTOR2	4.96969696969697	1.6768237566517874e-67	0.19190729	0.4248349346157014
BRE	6.196969696969697	1.0	0.35537618	1.4158540600921713e-178
CD209	6.015151515151516	0.11603843419891441	0.4550967	0.0
RGS2	4.4393939393939394	1.673299379658336e-132	0.25695643	1.1204634211117411e-37
MYO18A	9.651515151515152	1.0	0.6109794	0.0
SNX24	4.924242424242424	1.874969259881809e-72	0.28215924	2.9662141442267653e-66
TNFSF15	5.712121212121212	4.622182304966331e-10	0.20445924	0.0014426272624785117
RAB22A	5.5	1.8957199282862748e-21	0.26250485	2.2714579120433104e-43
MSI1	5.545454545454546	1.2242493613827866e-18	0.34477612	1.7934141396771313e-160
AP3S1	7.666666666666667	1.0	0.18786077	0.9951203042224249
KRT13	6.575757575757576	1.0	0.26614046	2.721512727236965e-47
GNG7	6.954545454545454	1.0	0.10388082	1.0
SLC34A1	5.363636363636363	4.9677529912471725e-31	0.26212677	5.690350318183913e-43
CHRM2	6.681818181818182	1.0	0.41825923	2.0656989304615252e-291
RELA	3.3636363636363638	1.4066853998338107e-290	-0.11347226	1.0
IL16	4.696969696969697	4.296316092130633e-99	0.7012175	0.0
EIF5A	5.606060606060606	3.3531991138491256e-15	0.29951906	1.4231765033728214e-89
ATP2A2	4.348484848484849	6.158238409806613e-145	0.6715045	0.0
GGTLC1	6.212121212121212	1.0	0.2090459	5.126486239022654e-05
MOB3B	6.46969696969697	1.0	0.23877288	1.1823264782869939e-21
HSPB3	5.136363636363637	1.329601873108839e-50	0.17546	1.0
SUMO1	3.6363636363636362	3.245605426130343e-249	-0.09265129	1.0
C11orf49	4.984848484848484	6.973868836232615e-66	0.44555616	0.0
PRPS2	8.878787878787879	1.0	0.23496203	7.759077598248645e-19
FNBP1	4.454545454545454	1.8518644066753443e-130	0.6089228	0.0
ZNF467	4.2272727272727275	6.257190620228874e-162	0.5721773	0.0
PPIB	4.606060606060606	1.5330310558122995e-110	0.3893361	9.089844767106393e-239
KCNAB1	5.833333333333333	1.4045368745137865e-05	0.519121	0.0
EXOSC8	6.2272727272727275	1.0	0.3262822	4.663188531375671e-130
UBE2H	6.5	1.0	0.21666048	4.344871523365371e-08
SRPK3	5.2727272727272725	2.3924807267209796e-38	0.46770927	0.0
NDUFV2	4.46969696969697	2.0157488759722106e-128	0.39243925	2.222855171646786e-244
RCAN1	4.121212121212121	3.8192567646814513e-177	0.42911854	2.861206086991e-311
GJB1	4.151515151515151	9.15888580977784e-173	0.4690102	0.0
DOK7	15.0	1.0	0.2373334	1.4435098454577375e-20
ATPIF1	4.454545454545454	1.8518644066753443e-130	0.2583175	4.846720306933242e-39
SERP2	5.212121212121212	1.3139036660141977e-43	0.18844652	0.902621444924988
PTPN4	6.909090909090909	1.0	0.51457685	0.0
MICAL1	4.863636363636363	2.926718135188438e-79	0.6493415	0.0
ZNF24	4.333333333333333	4.8731389520965527e-147	0.39812875	1.0706702859208345e-254
MVP	4.848484848484849	5.380669780436885e-81	0.49548253	0.0
FANCG	4.5606060606060606	2.0701982173404105e-116	0.3873286	3.8262678167101755e-235
RANGRF	4.878787878787879	1.5453967442950229e-77	0.26952446	4.504669941431925e-51
POLDIP3	5.651515151515151	7.347178639562884e-13	0.37762535	1.009124421418512e-217
GAR1	5.818181818181818	4.672299051935399e-06	0.3637737	3.4261215233887996e-193
PTP4A2	5.46969696969697	1.979659785672327e-23	0.22134387	2.164795226685595e-10
CXCR4	4.318181818181818	3.8075011752609048e-149	0.42742378	3.5955746374677086e-308
CCL18	3.909090909090909	2.64348710704926e-208	0.29971716	7.45292842076885e-90
HERC3	5.803030303030303	1.4705485992125324e-06	0.66540194	0.0
MMP8	8.530303030303031	1.0	0.46254194	0.0
S100A8	3.8333333333333335	1.3485832323205122e-219	0.23689291	3.06343299500109e-20
CAAP1	4.924242424242424	1.874969259881809e-72	0.38079357	2.161164640900762e-223
SNX33	4.575757575757576	1.9231756304013163e-114	0.5621543	0.0
ZNF587	4.757575757575758	1.0619875368314136e-91	0.5160249	0.0
OLFM4	10.151515151515152	1.0	0.43446153	4.906e-321
NAB2	4.681818181818182	5.689414961865554e-101	0.42595026	1.774096817192139e-305
CGB	7.409090909090909	1.0	0.19048859	0.6003630916939268
RENBP	15.0	1.0	0.23043217	9.671215302752213e-16
KCNRG	5.454545454545454	1.875469319795333e-24	0.3977401	5.4329495596661574e-254
TRAFD1	5.0	2.784639304065503e-64	0.5310967	0.0
OLFM3	6.212121212121212	1.0	0.33289394	9.735305294740933e-141
NOTCH3	5.0606060606060606	4.89685641010256e-58	0.7074525	0.0
CSRP3	4.53030303030303	2.2306482421952033e-120	0.33003998	4.247513072759307e-136
CNGB1	15.0	1.0	0.2775674	1.5012186600927495e-60
HAUS7	5.924242424242424	0.0033040705224971884	0.27591842	1.493316712812176e-58
FNBP1L	5.121212121212121	4.676730757762688e-52	0.5463988	0.0
TRHR	5.681818181818182	2.0488697101334917e-11	0.37616873	4.0203144565884237e-215
CROCC	5.0606060606060606	4.89685641010256e-58	0.6917854	0.0
MTA2	4.454545454545454	1.8518644066753443e-130	0.61038154	0.0
TMEM123	6.015151515151516	0.11603843419891441	0.26408663	4.6605215622600676e-45
MST1R	3.6515151515151514	6.574533281986768e-247	0.58212835	0.0
GADD45A	4.151515151515151	9.15888580977784e-173	0.22417918	6.171525227918555e-12
EIF2AK1	4.212121212121212	4.33582970150717e-164	0.5786915	0.0
MARCH2	7.4393939393939394	1.0	0.17337751	1.0
SGCD	15.0	1.0	0.13641395	1.0
SRP9	8.454545454545455	1.0	0.13499711	1.0
LSM1	6.0606060606060606	0.35240497543927884	0.17620152	1.0
SDCBP	4.53030303030303	2.2306482421952033e-120	0.2896871	4.840627429712664e-76
TAF8	4.893939393939394	7.917093618468979e-76	0.43331563	6.0818e-319
IP6K2	5.46969696969697	1.979659785672327e-23	0.32842833	1.6887867701095253e-133
CHRM3	5.484848484848484	1.988067711542528e-22	0.53345793	0.0
SPRTN	5.106060606060606	1.5872832289342982e-53	0.31503057	1.86579671317321e-112
ACSL6	15.0	1.0	0.288901	5.386059809565351e-75
SETD5	4.984848484848484	6.973868836232615e-66	0.6961449	0.0
ATF7IP	4.075757575757576	9.425084823205431e-184	0.34929377	3.8905741382168846e-168
FGF3	5.242424242424242	6.099209833098505e-41	0.30375376	1.2079000692429857e-95
PRDX5	5.409090909090909	1.1965605630142752e-27	0.2856034	1.146626150033909e-70
BNIP1	4.681818181818182	5.689414961865554e-101	0.36420694	5.962566078586223e-194
ANP32B	4.863636363636363	2.926718135188438e-79	0.39365122	1.4165526171611262e-246
POLR3A	15.0	1.0	0.618657	0.0
RASGRP4	4.863636363636363	2.926718135188438e-79	0.5537659	0.0
MED20	6.454545454545454	1.0	0.23589411	1.6536070755729307e-19
HIP1R	3.984848484848485	4.290407050829078e-197	0.6936941	0.0
LIME1	4.515151515151516	2.2372994385292133e-122	0.4863043	0.0
CASP2	4.545454545454546	2.1705639517453993e-118	0.40899217	1.7500485893156126e-274
FGF13	7.121212121212121	1.0	0.33598	8.45000854877894e-146
CCL8	9.151515151515152	1.0	0.15485226	1.0
AP3S2	6.818181818181818	1.0	0.2266419	2.2722984128838597e-13
PGAM1	4.348484848484849	6.158238409806613e-145	0.40315485	7.711880393046095e-264
COMMD3	7.924242424242424	1.0	0.16785623	1.0
VCP	5.257575757575758	1.2355595419735018e-39	0.3977564	5.076868182518424e-254
NUDT10	5.090909090909091	5.1713704161927095e-55	0.21155947	6.1410591311467125e-06
FKBP1A	4.651515151515151	9.179932486875994e-105	0.24132396	1.2023402053558446e-23
GPATCH8	5.151515151515151	3.59408870467608e-49	0.67846787	0.0
PLN	5.0606060606060606	4.89685641010256e-58	0.1170724	1.0
GAN	5.287878787878788	4.435475492969264e-37	0.51026785	0.0
HTR1A	7.2272727272727275	1.0	0.2594365	3.5277323232527403e-40
GABRA3	5.878787878787879	0.00027450830962018466	0.42271662	1.4561055438057944e-299
CSNK1A1	3.5303030303030303	2.824771523696977e-265	0.2571485	7.218551601934387e-38
PLAGL2	6.242424242424242	1.0	0.30426067	2.2173368180084787e-96
NLE1	5.242424242424242	6.099209833098505e-41	0.4867929	0.0
CCL3L1	7.151515151515151	1.0	0.16022311	1.0
RAB2A	5.954545454545454	0.013318735761905466	0.21161366	5.853290271346004e-06
MPZL1	4.287878787878788	2.2087249048920608e-153	0.4470591	0.0
CDH12	15.0	1.0	0.5005559	0.0
SRP72	4.2272727272727275	6.257190620228874e-162	0.57088524	0.0
SLIT3	6.045454545454546	0.254656797901843	0.66021365	0.0
CNPY2	15.0	1.0	0.15678865	1.0
SEPT11	6.742424242424242	1.0	0.3679745	1.395213784662218e-200
STATH	15.0	1.0	0.064048566	1.0
ARHGEF3	5.0606060606060606	4.89685641010256e-58	0.509381	0.0
CASP1	4.121212121212121	3.8192567646814513e-177	0.34239376	1.8264895808566654e-156
ODF1	5.833333333333333	1.4045368745137865e-05	0.17171787	1.0
SH3RF3	4.575757575757576	1.9231756304013163e-114	0.26960707	3.631484286795539e-51
AURKAIP1	4.53030303030303	2.2306482421952033e-120	0.29689786	6.920746016615212e-86
DPYS	6.924242424242424	1.0	0.31825042	2.0577783216414497e-117
TNFSF9	5.045454545454546	1.4229306440703084e-59	0.41976458	3.658026266457502e-294
CD93	6.651515151515151	1.0	0.6165019	0.0
IFNA5	5.166666666666667	9.397055613032697e-48	0.25352123	2.4668666038756606e-34
CCL5	8.833333333333334	1.0	0.14923716	1.0
PGAM5	3.878787878787879	8.171994366410397e-213	0.45989227	0.0
CCNY	4.363636363636363	7.512830586913155e-143	0.42405635	5.176775088540796e-302
CACYBP	5.893939393939394	0.0006641214396199383	0.15585944	1.0
CRCT1	4.318181818181818	3.8075011752609048e-149	0.30312702	9.764503423098452e-95
FKBP1B	6.212121212121212	1.0	0.18847527	0.8984772918695519
TOB1	3.6363636363636362	3.245605426130343e-249	0.51096225	0.0
DUSP26	4.984848484848484	6.973868836232615e-66	0.21898931	3.403524356451769e-09
DEFB1	4.96969696969697	1.6768237566517874e-67	0.23879659	1.1342063416552592e-21
G6PC	4.4393939393939394	1.673299379658336e-132	0.30093336	1.3855373211824333e-91
UBR2	6.0606060606060606	0.35240497543927884	0.3198007	8.006245242972679e-120
MDK	4.696969696969697	4.296316092130633e-99	0.19423519	0.2130380693467926
PTMA	3.8636363636363638	4.569907826037505e-215	0.03806248	1.0
CUZD1	5.015151515151516	1.0736043812980293e-62	0.54071796	0.0
CD300LF	4.984848484848484	6.973868836232615e-66	0.42326394	1.4509111207549829e-300
DTX1	4.803030303030303	2.7367645399029442e-86	0.59736514	0.0
DDX3X	4.636363636363637	1.1170269528111936e-106	0.58846605	0.0
EPHB6	4.545454545454546	2.1705639517453993e-118	0.68269044	0.0
HEY1	3.8636363636363638	4.569907826037505e-215	0.4797656	0.0
PMEPA1	5.0	2.784639304065503e-64	0.39641055	1.4077767514628957e-251
SSX2IP	5.121212121212121	4.676730757762688e-52	0.38261065	1.1891753006683435e-226
TNFRSF4	5.045454545454546	1.4229306440703084e-59	0.41067126	1.5073223279246628e-277
ANP32C	4.636363636363637	1.1170269528111936e-106	0.29019508	1.0139396853575006e-76
CDCA5	4.5	2.201714823989054e-124	0.37154862	6.635218753649705e-207
HIST1H2BJ	15.0	1.0	0.1349918	1.0
KCNN2	5.045454545454546	1.4229306440703084e-59	0.3556501	4.765670405919813e-179
GNG5	7.045454545454546	1.0	0.12816787	1.0
KRT85	6.545454545454546	1.0	0.34580067	3.332352231234645e-162
NEDD1	4.2727272727272725	1.6441818492106707e-155	0.5456075	0.0
LARP1	4.151515151515151	9.15888580977784e-173	0.6625194	0.0
SEC11A	7.393939393939394	1.0	0.1844411	1.0
DNTT	4.621212121212121	1.3207905061700894e-108	0.43446875	4.753e-321
SHISA5	3.9696969696969697	2.4674890859968454e-199	0.10933343	1.0
LEF1	3.757575757575758	6.114847680928736e-231	0.38250723	1.8228535205112705e-226
FIS1	8.378787878787879	1.0	0.22020419	8.402547415196034e-10
FOXJ3	7.742424242424242	1.0	0.5496593	0.0
MED7	6.454545454545454	1.0	0.34244162	1.5185777035190024e-156
CYB5R2	5.196969696969697	5.681854045967462e-45	0.36387122	2.311354966498247e-193
TSSK6	4.242424242424242	8.837767506374353e-160	0.42610165	9.390528078968909e-306
SEC61B	8.106060606060606	1.0	0.12003956	1.0
ALG10B	6.4393939393939394	1.0	0.38323003	9.172033492710119e-228
APIP	5.515151515151516	1.7246853142774622e-20	0.3967629	3.227303647037709e-252
RNF220	5.409090909090909	1.1965605630142752e-27	0.46451703	0.0
KCNA4	5.575757575757576	7.098220602553354e-17	0.6250448	0.0
IPP	6.409090909090909	1.0	0.29214388	2.4029602950523517e-79
ARF3	6.46969696969697	1.0	0.20081502	0.012503195282081464
ELSPBP1	4.5	2.201714823989054e-124	0.37852415	2.50003415019957e-219
CRYBB3	15.0	1.0	0.15135473	1.0
NEDD8	4.454545454545454	1.8518644066753443e-130	0.084959306	1.0
PRDX1	4.9393939393939394	8.666842423299595e-71	0.30530265	6.71277363262919e-98
RBBP6	5.015151515151516	1.0736043812980293e-62	0.49542826	0.0
NCL	3.6818181818181817	2.3853005820836463e-242	0.44984794	0.0
USMG5	5.409090909090909	1.1965605630142752e-27	0.21858795	5.342970093144929e-09
FAT4	5.2	1.06939970975438e-44	0.6638909	0.0
NECAP2	4.878787878787879	1.5453967442950229e-77	0.4046281	1.5947335994569765e-266
PPARD	4.075757575757576	9.425084823205431e-184	0.31893325	1.7943280914279332e-118
E2F5	3.9242424242424243	4.600422224434154e-206	0.50318974	0.0
FBXW5	4.863636363636363	2.926718135188438e-79	0.53805417	0.0
TPO	15.0	1.0	0.5422258	0.0
RBM7	4.803030303030303	2.7367645399029442e-86	0.40688145	1.243270412743395e-270
UBA2	4.378787878787879	9.114755093831552e-141	0.603387	0.0
VPS39	7.5606060606060606	1.0	0.5058821	0.0
MRPL4	5.4393939393939394	1.6925534327478274e-25	0.26786804	3.3094237398669686e-49
DPT	7.893939393939394	1.0	0.25347593	2.7240177494447763e-34
RAB10	7.666666666666667	1.0	0.19839121	0.04157133135888509
PTGFR	15.0	1.0	0.22978708	2.5275011159233324e-15
SPDL1	4.5606060606060606	2.0701982173404105e-116	0.55342215	0.0
FAT1	5.292307692307692	1.034903639553337e-36	0.65135354	0.0
EPAS1	4.666666666666667	7.336184814303851e-103	0.5821912	0.0
RAB5A	5.484848484848484	1.988067711542528e-22	0.25323567	4.602410394897147e-34
RPLP1	4.575757575757576	1.9231756304013163e-114	0.19520737	0.15218772342630676
PHGDH	5.090909090909091	5.1713704161927095e-55	0.3295627	2.5088481327581436e-135
CDC42SE1	4.606060606060606	1.5330310558122995e-110	0.28491879	8.809177153805699e-70
PVRL3	5.181818181818182	2.3605024707753786e-46	0.5242131	0.0
SRSF7	4.9393939393939394	8.666842423299595e-71	0.3299956	5.008068383774002e-136
POU2AF1	5.03030303030303	3.992657506387221e-61	0.21371466	8.4419430320249e-07
ST14	7.621212121212121	1.0	0.5125786	0.0
URB2	4.909090909090909	3.9245179205093584e-74	0.69088507	0.0
HMGA1	3.8333333333333335	1.3485832323205122e-219	0.21297526	1.6976610546149466e-06
GNB1	6.045454545454546	0.254656797901843	0.20585693	0.0005609505008632503
CPSF3	4.045454545454546	3.500482389273137e-188	0.5819939	0.0
MED14	3.909090909090909	2.64348710704926e-208	0.7091802	0.0
TBCB	4.636363636363637	1.1170269528111936e-106	0.37698683	1.3938072648780722e-216
CRIP1	4.757575757575758	1.0619875368314136e-91	0.23624307	9.202531124956055e-20
TRIM25	4.545454545454546	2.1705639517453993e-118	0.51405174	0.0
DLX3	4.4393939393939394	1.673299379658336e-132	0.41201714	5.251833459477739e-280
RPS28	5.075757575757576	1.6271107072498622e-56	0.254614	2.2090474095160763e-35
CAMK2N2	5.0	2.784639304065503e-64	0.20898609	5.376793133082026e-05
GRK6	5.5	1.8957199282862748e-21	0.37466058	1.9619569974985668e-212
TNFAIP6	7.393939393939394	1.0	0.38002187	5.215643458739481e-222
MLLT4	4.196969696969697	2.9882021010514624e-166	0.47674277	0.0
HOPX	4.53030303030303	2.2306482421952033e-120	0.27358195	9.067287385851382e-56
ICMT	4.545454545454546	2.1705639517453993e-118	0.4470582	0.0
C9orf89	5.257575757575758	1.2355595419735018e-39	0.25944793	3.4348304309653757e-40
HSBP1	4.287878787878788	2.2087249048920608e-153	0.2556165	2.3444425029526322e-36
HAUS1	5.46969696969697	1.979659785672327e-23	0.41390628	1.8633088498845183e-283
RHOB	4.96969696969697	1.6768237566517874e-67	0.28174028	1.0032395899007485e-65
PIK3CG	4.393939393939394	1.0948844848673155e-138	0.664173	0.0
AICDA	5.575757575757576	7.098220602553354e-17	0.31908715	1.0345174889495325e-118
TINAGL1	5.242424242424242	6.099209833098505e-41	0.4695076	0.0
RASSF9	6.666666666666667	1.0	0.3009971	1.1240491214572037e-91
MKL2	4.666666666666667	7.336184814303851e-103	0.6486276	0.0
SIX6	5.136363636363637	1.329601873108839e-50	0.36449438	1.8662145042729895e-194
SEZ6	4.96969696969697	1.6768237566517874e-67	0.6377201	0.0
NFKBIB	4.0606060606060606	5.7613808878307085e-186	0.2800231	1.4182155013109377e-63
C1orf111	5.5	1.8957199282862748e-21	0.38499093	6.232499903197276e-231
B2M	6.606060606060606	1.0	0.1203188	1.0
FAM125A	5.121212121212121	4.676730757762688e-52	0.39588317	1.2741942523139033e-250
CD86	5.363636363636363	4.9677529912471725e-31	0.24242158	1.5710274255523976e-24
MAP3K1	3.953846153846154	1.1766853858636857e-201	0.6912787	0.0
MECR	4.378787878787879	9.114755093831552e-141	0.47306025	0.0
SRSF5	5.090909090909091	5.1713704161927095e-55	0.3868011	3.4235232461599296e-234
NOX1	5.484848484848484	1.988067711542528e-22	0.3292154	9.113886825577571e-135
FBL	4.318181818181818	3.8075011752609048e-149	0.41227427	1.7813272711319586e-280
MRPS18B	5.242424242424242	6.099209833098505e-41	0.3426971	5.660706547190996e-157
ITM2B	4.5606060606060606	2.0701982173404105e-116	0.40709925	4.990603065703676e-271
PLA2G7	5.2727272727272725	2.3924807267209796e-38	0.3869596	1.772564766790392e-234
CCS	4.333333333333333	4.8731389520965527e-147	0.42802054	2.915774310777314e-309
UBE2L3	4.96969696969697	1.6768237566517874e-67	0.0783857	1.0
HK1	5.848484848484849	4.0048182067238415e-05	0.49171627	0.0
ENC1	4.075757575757576	9.425084823205431e-184	0.5664794	0.0
TRIAP1	3.909090909090909	2.64348710704926e-208	0.28249753	1.1062943868743701e-66
PRKG1	4.363636363636363	7.512830586913155e-143	0.61357504	0.0
DYNLL1	4.2727272727272725	1.6441818492106707e-155	0.061474063	1.0
LSM6	5.651515151515151	7.347178639562884e-13	0.16657619	1.0
PSMA3	5.166666666666667	9.397055613032697e-48	0.3369495	2.1234615562924283e-147
ADD1	4.03030303030303	2.1087738388507592e-190	0.61297894	0.0
DDIT4L	6.984848484848484	1.0	0.19306786	0.30690787973116757
PPP2R4	3.787878787878788	2.115340487863969e-226	0.43400812	3.307e-320
PCBD1	5.075757575757576	1.6271107072498622e-56	0.25422275	5.261392473020731e-35
CNOT6	5.075757575757576	1.6271107072498622e-56	0.42153606	2.099873480999138e-297
DACH2	4.545454545454546	2.1705639517453993e-118	0.5253678	0.0
ADI1	8.590909090909092	1.0	0.23500782	7.197268699380361e-19
FBXW8	5.484848484848484	1.988067711542528e-22	0.5067848	0.0
RABAC1	6.333333333333333	1.0	0.11936709	1.0
ROPN1	15.0	1.0	0.16796993	1.0
AMN	6.242424242424242	1.0	0.29886553	1.1960615234043183e-88
CCKBR	6.863636363636363	1.0	0.2916717	1.0465321794125308e-78
HPRT1	6.2727272727272725	1.0	0.18315768	1.0
FBXO3	5.863636363636363	0.0001074974518139196	0.41272557	2.6725316719981797e-281
EIF3L	5.924242424242424	0.0033040705224971884	0.42949003	5.99283029424e-312
KITLG	5.0	2.784639304065503e-64	0.3593298	1.9788589869793596e-185
PSMD11	3.621212121212121	1.6813079197000762e-251	0.2433672	2.6397801675527884e-25
MID1IP1	5.924242424242424	0.0033040705224971884	0.24586463	2.0955505698978125e-27
STAP1	4.712121212121212	3.1719869210396293e-97	0.434628	2.46e-321
C11orf54	5.757575757575758	3.3260698279418764e-08	0.25333413	3.710915949441722e-34
SHFM1	4.712121212121212	3.1719869210396293e-97	0.12568054	1.0
RGS5	6.045454545454546	0.254656797901843	0.23953538	3.059627740963533e-22
C12orf10	4.803030303030303	2.7367645399029442e-86	0.33641562	1.6170799182859104e-146
PRPSAP1	7.878787878787879	1.0	0.21541923	1.5704525898727622e-07
CORO1A	5.287878787878788	4.435475492969264e-37	0.35136768	1.111589767359857e-171
TRA2A	4.363636363636363	7.512830586913155e-143	0.42256182	2.7937224969403945e-299
ECSIT	4.0606060606060606	5.7613808878307085e-186	0.46816978	0.0
RBX1	4.590909090909091	1.7383763998462225e-112	0.17782436	1.0
RNF40	5.015151515151516	1.0736043812980293e-62	0.5298254	0.0
PMM1	7.2727272727272725	1.0	0.20088372	0.012058063553344546
EAPP	5.2727272727272725	2.3924807267209796e-38	0.3122139	3.574743062658949e-108
RAB4B	7.333333333333333	1.0	0.17883386	1.0
LTA	4.7272727272727275	2.2662035039882355e-95	0.3243547	5.465516721686876e-127
GNMT	5.909090909090909	0.0015217723481678817	0.30616248	3.691121713295924e-99
CXADR	5.090909090909091	5.1713704161927095e-55	0.24994878	5.202474712121244e-31
UXS1	4.045454545454546	3.500482389273137e-188	0.39489448	7.910199403156644e-249
TAF1D	4.378787878787879	9.114755093831552e-141	0.4222056	1.2518939716146402e-298
GH2	5.015151515151516	1.0736043812980293e-62	0.30192986	5.183795566747163e-93
NET1	5.287878787878788	4.435475492969264e-37	0.45822704	0.0
GNG2	7.045454545454546	1.0	0.16316715	1.0
LSM3	5.651515151515151	7.347178639562884e-13	0.12285319	1.0
ROPN1B	15.0	1.0	0.19643924	0.0957721379301098
GOT2	15.0	1.0	0.28675616	3.610357604324648e-72
GATAD2A	4.53030303030303	2.2306482421952033e-120	0.5711159	0.0
IL21	5.303030303030303	7.887011253946248e-36	0.25056106	1.4373471314732777e-31
HFE	7.424242424242424	1.0	0.19931117	0.026917920682105693
LSM12	6.363636363636363	1.0	0.21184051	4.7849287591702235e-06
CPEB1	5.2272727272727275	2.9052237252149825e-42	0.4946148	0.0
GNG13	7.045454545454546	1.0	0.14247659	1.0
CKS1B	4.151515151515151	9.15888580977784e-173	0.26684305	4.573122845959542e-48
UCP2	4.151515151515151	9.15888580977784e-173	0.49049672	0.0
CD27	5.045454545454546	1.4229306440703084e-59	0.34593797	1.9541431113572006e-162
RAB33A	6.7272727272727275	1.0	0.24644646	6.619389133600427e-28
TNNI1	7.393939393939394	1.0	0.19263339	0.3480375100744397
IFIT2	15.0	1.0	0.30058563	4.3392566333099124e-91
CEP95	6.651515151515151	1.0	0.47624567	0.0
TRAPPC6A	15.0	1.0	0.13115892	1.0
SERPING1	9.757575757575758	1.0	0.32000265	3.876148898892751e-120
CCL7	9.015151515151516	1.0	0.15302792	1.0
LYST	6.621212121212121	1.0	0.6782619	0.0
UIMC1	5.136363636363637	1.329601873108839e-50	0.32408804	1.4463562423095436e-126
STX4	6.03030303030303	0.17626248537921577	0.19195315	0.4197577330657202
PIP5K1C	5.378787878787879	7.002849665867642e-30	0.5480103	0.0
BCL7A	5.0606060606060606	4.89685641010256e-58	0.27332872	1.8007031264846196e-55
SYPL1	7.0606060606060606	1.0	0.20968862	3.0405145173385474e-05
NCF1	3.621212121212121	1.6813079197000762e-251	0.14728144	1.0
ANXA3	5.242424242424242	6.099209833098505e-41	0.41321117	3.460832548555296e-282
DSG1	5.9393939393939394	0.006813995721858698	0.67636925	0.0
TUBB1	15.0	1.0	0.25797662	1.0694596138666651e-38
SH3BGRL3	4.424242424242424	1.483232711503633e-134	0.20974259	2.9082670059173965e-05
VGLL1	5.545454545454546	1.2242493613827866e-18	0.2905741	3.1486517826039844e-77
CCL4	8.181818181818182	1.0	0.15312938	1.0
HNRNPC	4.287878787878788	2.2087249048920608e-153	0.4171479	2.2226161922408605e-289
ZNF473	11.242424242424242	1.0	0.30976436	1.7123403461474424e-104
RALYL	5.03030303030303	3.992657506387221e-61	0.41579726	6.554728938410363e-287
AR	3.0606060606060606	0.0	-0.13643685	1.0
CD3G	5.5	1.8957199282862748e-21	0.24084301	2.9017958181296653e-23
HGS	3.9242424242424243	4.600422224434154e-206	0.43900403	0.0
C5orf22	5.075757575757576	1.6271107072498622e-56	0.23976077	2.0469429185794414e-22
CDC16	4.787878787878788	4.431250677636168e-88	0.53286743	0.0
HRK	4.454545454545454	1.8518644066753443e-130	0.2547803	1.5266750402616403e-35
AK2	6.984848484848484	1.0	0.2426976	9.361883898975999e-25
CFHR3	10.151515151515152	1.0	0.2830565	2.1542606206514886e-67
MCHR2	15.0	1.0	0.2400117	1.3058452922913782e-22
NUCKS1	15.0	1.0	0.18320633	1.0
DCTN5	5.666666666666667	3.978664970448861e-12	0.18364778	1.0
STAR	4.757575757575758	1.0619875368314136e-91	0.31534773	6.098691151204124e-113
KIAA1984	5.454545454545454	1.875469319795333e-24	0.46478835	0.0
BTLA	4.742424242424242	1.5808109845269243e-93	0.40803888	9.62813907723456e-273
ID3	4.196969696969697	2.9882021010514624e-166	0.1336297	1.0
ARPC5L	7.075757575757576	1.0	0.17641237	1.0
LOH12CR1	5.46969696969697	1.979659785672327e-23	0.24702005	2.107368714006413e-28
MEGF10	5.2272727272727275	2.9052237252149825e-42	0.6306841	0.0
SNRPF	5.924242424242424	0.0033040705224971884	0.1915388	0.4676116145791848
ALPI	5.257575757575758	1.2355595419735018e-39	0.39744204	1.8878079391942268e-253
PROP1	5.166666666666667	9.397055613032697e-48	0.18209471	1.0
PPP4C	4.2727272727272725	1.6441818492106707e-155	0.44050407	0.0
NDFIP1	5.166666666666667	9.397055613032697e-48	0.32679638	7.019004510093725e-131
CCND3	4.015151515151516	1.2499973933095756e-192	0.195721	0.12629447132508992
BANF1	5.409090909090909	1.1965605630142752e-27	0.11555029	1.0
LST1	4.7727272727272725	6.9489106635318485e-90	0.20560531	0.000667861775567175
SNCA	3.6363636363636362	3.245605426130343e-249	0.21457425	3.656614229523553e-07
PAX8	4.0	7.386654389169344e-195	0.46138537	0.0
GNG10	7.045454545454546	1.0	0.13709196	1.0
NOL12	5.287878787878788	4.435475492969264e-37	0.1541997	1.0
TNFRSF9	5.045454545454546	1.4229306440703084e-59	0.3932165	8.690835064980943e-246
SNRPG	5.984848484848484	0.04362517966007074	0.15906934	1.0
CEP19	6.181818181818182	1.0	0.18429391	1.0
FGF19	6.621212121212121	1.0	0.24680987	3.208769262478785e-28
SF3A3	4.393939393939394	1.0948844848673155e-138	0.42396057	7.744511535536637e-302
GNG4	7.045454545454546	1.0	0.12689337	1.0
SLN	5.4393939393939394	1.6925534327478274e-25	0.12264984	1.0
IL21R	4.909090909090909	3.9245179205093584e-74	0.46568492	0.0
BRMS1L	4.318181818181818	3.8075011752609048e-149	0.48444518	0.0
TDP2	4.166666666666667	1.3774237346063119e-170	0.4542286	0.0
PIKFYVE	7.166666666666667	1.0	0.24081959	3.0277928434126666e-23
TPM2	4.5606060606060606	2.0701982173404105e-116	0.34495097	9.092622359749036e-161
IL18BP	6.303030303030303	1.0	0.1545207	1.0
SLC6A5	5.515151515151516	1.7246853142774622e-20	0.5137198	0.0
PBLD	5.621212121212121	2.1281896348445874e-14	0.32549372	8.444408749450814e-129
AKAP8L	5.151515151515151	3.59408870467608e-49	0.5455865	0.0
RPL7	5.045454545454546	1.4229306440703084e-59	0.30256224	6.377503503631176e-94
SDHB	6.196969696969697	1.0	0.28687936	2.491760659557745e-72
CLDN12	6.7727272727272725	1.0	0.24806665	2.536847040560894e-29
KHDRBS1	3.696969696969697	4.6359708472492094e-240	0.27221394	3.632924859861887e-54
MAFB	4.4393939393939394	1.673299379658336e-132	0.4105719	2.288875734866523e-277
ZBTB33	4.348484848484849	6.158238409806613e-145	0.5718599	0.0
NGFRAP1	4.666666666666667	7.336184814303851e-103	0.24446192	3.2402539206820233e-26
CNPY4	5.575757575757576	7.098220602553354e-17	0.2648631	6.747294152024031e-46
GRIN2A	4.318181818181818	3.8075011752609048e-149	0.6169594	0.0
FCER1G	4.7727272727272725	6.9489106635318485e-90	0.23700944	2.5118771795699567e-20
RPL5	4.621212121212121	1.3207905061700894e-108	0.38981396	1.2437187351400542e-239
SUMO4	4.090909090909091	1.5223184067744789e-181	-0.0975225	1.0
XRCC6BP1	4.5	2.201714823989054e-124	0.3708635	1.0869536137561374e-205
TGFBI	6.575757575757576	1.0	0.6300311	0.0
ANAPC11	5.787878787878788	4.385663779892977e-07	0.23758538	9.359440469440483e-21
KCNC1	15.0	1.0	0.31885114	2.404269345180532e-118
DYRK2	5.2272727272727275	2.9052237252149825e-42	0.5156965	0.0
FXYD3	4.363636363636363	7.512830586913155e-143	0.22381301	9.919273513670498e-12
PEBP4	4.636363636363637	1.1170269528111936e-106	0.3319064	3.96875291822723e-139
CYTH2	4.333333333333333	4.8731389520965527e-147	0.4379119	0.0
OPN4	6.7727272727272725	1.0	0.31259754	9.401544254428169e-109
CD38	4.833333333333333	9.548106231121443e-83	0.4232996	1.248958055975295e-300
FXYD2	6.03030303030303	0.17626248537921577	0.10794442	1.0
ID2	4.075757575757576	9.425084823205431e-184	0.06617093	1.0
ARHGAP19	6.318181818181818	1.0	0.2863193	1.3425339919353221e-71
ACCS	6.151515151515151	1.0	0.413717	4.1334778631463377e-283
HIST2H4A	4.696969696969697	4.296316092130633e-99	0.1859494	1.0
ROS1	4.424242424242424	1.483232711503633e-134	0.70878994	0.0
WBP2	4.606060606060606	1.5330310558122995e-110	0.36409354	9.42256487544025e-194
HRH4	6.045454545454546	0.254656797901843	0.39149162	1.151914714919647e-242
PITPNB	6.636363636363637	1.0	0.18680905	1.0
BAALC	5.4393939393939394	1.6925534327478274e-25	0.21092187	1.0734586025242595e-05
CHMP2B	6.090909090909091	0.5901931783435886	0.130379	1.0
HSPE1	4.454545454545454	1.8518644066753443e-130	0.2634421	2.286650310477793e-44
MAPK8IP1	3.8636363636363638	4.569907826037505e-215	0.48249465	0.0
RGL2	4.212121212121212	4.33582970150717e-164	0.6166645	0.0
G6PD	5.090909090909091	5.1713704161927095e-55	0.44091457	0.0
COPE	5.742424242424242	8.455253740774733e-09	0.31828678	1.8077786823436724e-117
ANKS4B	10.121212121212121	1.0	0.2722646	3.172860895173704e-54
MICAL3	15.0	1.0	0.43984953	0.0
THNSL2	4.484848484848484	2.1281592221250877e-126	0.5238352	0.0
CDX1	4.545454545454546	2.1705639517453993e-118	0.3941989	1.4408906497968147e-247
GTF2A1	4.287878787878788	2.2087249048920608e-153	0.45555267	0.0
GTF2H5	4.757575757575758	1.0619875368314136e-91	0.22359715	1.3079502242649714e-11
CHRM5	5.909090909090909	0.0015217723481678817	0.42390954	9.598246164747945e-302
LEP	15.0	1.0	0.13904701	1.0
TSSK4	4.181818181818182	2.0431422463121415e-168	0.44262728	0.0
ENKD1	4.696969696969697	4.296316092130633e-99	0.45065254	0.0
PCSK2	15.0	1.0	0.22256695	4.8177936559284735e-11
RNF139	4.590909090909091	1.7383763998462225e-112	0.39469525	1.8156422328969126e-248
CHAF1B	6.121212121212121	0.8477923380061042	0.42492867	1.3116986627568269e-303
CRIP2	4.651515151515151	9.179932486875994e-105	0.25987586	1.2510913776831054e-40
MKS1	7.0	1.0	0.49719214	0.0
S100A4	5.515151515151516	1.7246853142774622e-20	0.21813586	8.830170141034574e-09
PNO1	4.833333333333333	9.548106231121443e-83	0.2632918	3.3096102209084397e-44
SAMD3	5.5606060606060606	9.57038049901898e-18	0.33035183	1.3279865829187056e-136
PKNOX2	7.045454545454546	1.0	0.27468908	4.4224548175651135e-57
SERP1	9.106060606060606	1.0	0.06925976	1.0
BFSP1	4.696969696969697	4.296316092130633e-99	0.4973927	0.0
GGA1	5.696969696969697	9.995055185491281e-11	0.53732383	0.0
NR4A2	4.257575757575758	1.225183680326422e-157	0.4811643	0.0
F11R	5.303030303030303	7.887011253946248e-36	0.4295887	3.95787466948e-312
KCTD17	5.5	1.8957199282862748e-21	0.22811642	2.86788207881581e-14
CD53	5.621212121212121	2.1281896348445874e-14	0.23926757	4.929866404820308e-22
HDAC11	4.46969696969697	2.0157488759722106e-128	0.3783257	5.659301245218394e-219
FXYD6	4.909090909090909	3.9245179205093584e-74	0.24544112	4.8216876932413145e-27
SLC4A1	6.848484848484849	1.0	0.5715265	0.0
QPRT	5.621212121212121	2.1281896348445874e-14	0.38648567	1.2665278605389133e-233
PHC2	5.863636363636363	0.0001074974518139196	0.2366728	4.451699625669565e-20
DERL3	8.333333333333334	1.0	0.19303085	0.3102486869429629
ACLY	4.151515151515151	9.15888580977784e-173	0.65957844	0.0
TNFAIP1	5.045454545454546	1.4229306440703084e-59	0.41884285	1.7748138012244952e-292
ZNHIT6	4.015151515151516	1.2499973933095756e-192	0.40963843	1.1565895597014924e-275
C16orf74	4.803030303030303	2.7367645399029442e-86	0.24468538	2.102325021807053e-26
RAB1A	4.954545454545454	3.884182853552079e-69	0.14586708	1.0
TREML1	4.742424242424242	1.5808109845269243e-93	0.43908757	0.0
SPAG4	6.833333333333333	1.0	0.2488116	5.5183923727124306e-30
CTNNBIP1	4.196969696969697	2.9882021010514624e-166	0.22078705	4.2215473821730295e-10
DCAF7	4.287878787878788	2.2087249048920608e-153	0.45112416	0.0
PPM1B	4.287878787878788	2.2087249048920608e-153	0.601312	0.0
LGALS8	5.848484848484849	4.0048182067238415e-05	0.39622745	3.0256505173611028e-251
WDR5	5.121212121212121	4.676730757762688e-52	0.426188	6.532285165387001e-306
POLR2K	6.045454545454546	0.254656797901843	0.17156635	1.0
MAPK13	3.9545454545454546	1.4292587375731596e-201	0.46844873	0.0
PRCC	5.636363636363637	1.2851410704542627e-13	0.4053013	9.467400847757097e-268
CMA1	6.7727272727272725	1.0	0.17162465	1.0
TCF7L2	3.893939393939394	1.469768442176506e-210	0.4924133	0.0
RPGR	5.2272727272727275	2.9052237252149825e-42	0.53851116	0.0
RPA4	5.136363636363637	1.329601873108839e-50	0.37861282	1.7369904854393904e-219
BUB3	4.348484848484849	6.158238409806613e-145	0.49615374	0.0
PKIB	5.2272727272727275	2.9052237252149825e-42	0.13588578	1.0
DPM2	15.0	1.0	0.13001153	1.0
RSRC1	5.0	2.784639304065503e-64	0.4005841	3.6905876968674283e-259
PRM1	5.5	1.8957199282862748e-21	0.21069972	1.3001857853298747e-05
TP53AIP1	4.681818181818182	5.689414961865554e-101	0.20812118	0.00010626261742991285
GNPDA1	5.242424242424242	6.099209833098505e-41	0.3452739	2.5896562812211855e-161
RNF34	5.454545454545454	1.875469319795333e-24	0.21491793	2.600248010575322e-07
XRCC5	3.742424242424242	3.2359242627538247e-233	0.34167165	2.9633690121519633e-155
RAP1GDS1	4.584615384615384	2.716321189669285e-113	0.46198326	0.0
ABT1	4.53030303030303	2.2306482421952033e-120	0.39317995	1.0118525509515858e-245
ELP5	5.151515151515151	3.59408870467608e-49	0.3802756	1.834254239818859e-222
HMGN3	4.590909090909091	1.7383763998462225e-112	0.2615899	2.084178919441113e-42
PLEC	4.090909090909091	1.5223184067744789e-181	0.61513007	0.0
ANKRD2	3.893939393939394	1.469768442176506e-210	0.42603564	1.2390732662986653e-305
EME1	15.0	1.0	0.26072755	1.650543838717882e-41
EIF4EBP1	3.727272727272727	1.706218311485279e-235	0.26760206	6.56073730379233e-49
DOCK10	4.666666666666667	7.336184814303851e-103	0.69554484	0.0
SCNN1B	5.606060606060606	3.3531991138491256e-15	0.60268694	0.0
PYCARD	7.121212121212121	1.0	0.14274672	1.0
SH3GLB1	4.909090909090909	3.9245179205093584e-74	0.44825226	0.0
SCGB1A1	7.045454545454546	1.0	0.12544751	1.0
CUL1	4.2272727272727275	6.257190620228874e-162	0.28716564	1.0504679030600882e-72
DLD	6.46969696969697	1.0	0.35082445	9.463022342550932e-171
LIMK2	4.590909090909091	1.7383763998462225e-112	0.61626244	0.0
RAB7A	5.787878787878788	4.385663779892977e-07	0.15268128	1.0
P2RX1	15.0	1.0	0.2319142	1.0076775084020666e-16
USP4	4.2272727272727275	6.257190620228874e-162	0.45421213	0.0
IGFBP4	7.53030303030303	1.0	0.35158226	4.769900340041144e-172
DPP4	7.833333333333333	1.0	0.21866284	4.914630716431796e-09
PEX26	5.7272727272727275	2.031818790138371e-09	0.38548186	8.138873669819074e-232
ASAP1	4.106060606060606	2.4294474174401478e-179	0.67989135	0.0
RAB26	6.106060606060606	0.7203309180246135	0.21143898	6.832542009599846e-06
THAP10	5.954545454545454	0.013318735761905466	0.27472457	4.0132882033100327e-57
PYCR2	4.696969696969697	4.296316092130633e-99	0.37008867	2.5595657318167196e-204
MKI67	5.106060606060606	1.5872832289342982e-53	0.6832925	0.0
NUAK1	4.787878787878788	4.431250677636168e-88	0.49994025	0.0
TREX1	4.363636363636363	7.512830586913155e-143	0.49958575	0.0
NR1H3	4.242424242424242	8.837767506374353e-160	0.37280595	3.890909480074542e-209
TGM1	5.484848484848484	1.988067711542528e-22	0.46103346	0.0
FGFR2	6.196969696969697	1.0	0.2907586	1.7806718133730962e-77
POLD1	4.848484848484849	5.380669780436885e-81	0.66748065	0.0
CCL17	9.151515151515152	1.0	0.11666288	1.0
SUMO3	3.8181818181818183	7.38036129473198e-222	0.1595043	1.0
TRAF7	4.757575757575758	1.0619875368314136e-91	0.59040636	0.0
GTF2A2	4.242424242424242	8.837767506374353e-160	0.27554592	4.183882030660055e-58
ANKRA2	4.984848484848484	6.973868836232615e-66	0.4340556	2.712e-320
RSU1	4.378787878787879	9.114755093831552e-141	0.3817127	4.8572681759414266e-225
LRPPRC	6.106060606060606	0.7203309180246135	0.5064843	0.0
GNGT1	7.045454545454546	1.0	0.10970552	1.0
SNRPD3	5.393939393939394	9.413594363001394e-29	0.10314551	1.0
PPYR1	15.0	1.0	0.17908908	1.0
INPP5E	4.363636363636363	7.512830586913155e-143	0.55459404	0.0
C8G	9.393939393939394	1.0	0.20090677	0.011914813098152748
C1RL	15.0	1.0	0.21491578	2.6051548578110825e-07
POLD4	4.863636363636363	2.926718135188438e-79	0.21669085	4.209615186690307e-08
TNFRSF13B	5.045454545454546	1.4229306440703084e-59	0.34113777	2.3155615903351564e-154
HNRNPA2B1	4.106060606060606	2.4294474174401478e-179	0.45099485	0.0
CCL22	8.833333333333334	1.0	0.11747921	1.0
TSC22D1	4.7272727272727275	2.2662035039882355e-95	0.22308476	2.5148137131872935e-11
NFU1	15.0	1.0	0.1388722	1.0
CCL19	9.151515151515152	1.0	0.1302026	1.0
PITX2	4.181818181818182	2.0431422463121415e-168	0.42101443	1.8868011518892648e-296
NDUFA1	6.803030303030303	1.0	0.19288799	0.32343556496310355
MARCKS	4.318181818181818	3.8075011752609048e-149	0.45650607	0.0
PRSS3	8.287878787878787	1.0	0.22380118	1.006935888590814e-11
ZWINT	6.484848484848484	1.0	0.252404	2.805931579593009e-33
BMX	3.909090909090909	2.64348710704926e-208	0.53806543	0.0
PTPN5	3.893939393939394	1.469768442176506e-210	0.5886275	0.0
DENR	4.924242424242424	1.874969259881809e-72	0.17478473	1.0
CCL13	9.151515151515152	1.0	0.17454764	1.0
VAPB	7.0606060606060606	1.0	0.22218557	7.734818610930885e-11
KLK4	6.924242424242424	1.0	0.2780162	4.2495947663435095e-61
TTC14	5.5	1.8957199282862748e-21	0.38982567	1.1850360849500335e-239
TRA2B	4.681818181818182	5.689414961865554e-101	0.27863023	7.498230890906629e-62
PCP4	5.045454545454546	1.4229306440703084e-59	0.20473273	0.0012052477207190057
CASR	4.348484848484849	6.158238409806613e-145	0.6861461	0.0
MED31	4.257575757575758	1.225183680326422e-157	-0.038614087	1.0
UBA52	3.772727272727273	1.1509613505943056e-228	0.2707466	1.8111868364187036e-52
HTN1	4.863636363636363	2.926718135188438e-79	0.17167428	1.0
DMRTB1	4.651515151515151	9.179932486875994e-105	0.35272226	5.275284695307697e-174
PROS1	8.121212121212121	1.0	0.5257159	0.0
ECH1	4.681818181818182	5.689414961865554e-101	0.4452097	0.0
SNAPC5	4.318181818181818	3.8075011752609048e-149	0.25775552	1.7835484278241168e-38
PTGDS	15.0	1.0	0.1605259	1.0
HIST1H4A	4.863636363636363	2.926718135188438e-79	0.20777059	0.00013902846865545838
COMMD6	7.924242424242424	1.0	0.08503423	1.0
C21orf56	10.227272727272727	1.0	0.16416666	1.0
UBE2J1	5.424242424242424	1.4589219929881028e-26	0.27040085	4.516122457056187e-52
HAGH	6.212121212121212	1.0	0.20680292	0.00028569044131005253
HDAC10	4.484848484848484	2.1281592221250877e-126	0.59317756	0.0
CLDN16	6.015151515151516	0.11603843419891441	0.32001966	3.647297718980199e-120
GJB3	6.015151515151516	0.11603843419891441	0.315718	1.6521348276491156e-113
CDK2AP1	4.606060606060606	1.5330310558122995e-110	0.21310255	1.5068768112775013e-06
CDC23	5.606060606060606	3.3531991138491256e-15	0.4894993	0.0
NOSIP	5.393939393939394	9.413594363001394e-29	0.3543152	9.5786781849302e-177
ATF3	3.757575757575758	6.114847680928736e-231	0.272136	4.476575173164739e-54
BCL2L13	6.96969696969697	1.0	0.1725256	1.0
C6orf47	6.575757575757576	1.0	0.25502825	8.774735607017449e-36
PPAP2B	4.7727272727272725	6.9489106635318485e-90	0.43138838	2.027035126e-315
YIPF4	6.46969696969697	1.0	0.16395658	1.0
PKIG	5.2727272727272725	2.3924807267209796e-38	0.13591789	1.0
NDUFAF1	6.015151515151516	0.11603843419891441	0.2693534	7.043334052103305e-51
SCNN1A	5.106060606060606	1.5872832289342982e-53	0.5826966	0.0
TDG	3.6818181818181817	2.3853005820836463e-242	0.41865462	3.913913889528369e-292
PNP	5.409090909090909	1.1965605630142752e-27	0.38741282	2.6972399473996296e-235
DBP	4.2727272727272725	1.6441818492106707e-155	0.41142762	6.2717347585786614e-279
LENG1	5.545454545454546	1.2242493613827866e-18	0.21988672	1.2176718084428528e-09
CCL11	9.151515151515152	1.0	0.17454764	1.0
RGS17	7.909090909090909	1.0	0.17825311	1.0
CARD16	5.03030303030303	3.992657506387221e-61	0.17266022	1.0
NAT1	15.0	1.0	0.16488346	1.0
ERCC4	5.681818181818182	2.0488697101334917e-11	0.51403874	0.0
VPS28	4.787878787878788	4.431250677636168e-88	0.18713127	1.0
STX8	6.4393939393939394	1.0	0.20824796	9.635424729697785e-05
LRRC59	5.287878787878788	4.435475492969264e-37	0.30870634	6.450260294612017e-103
S100A7	4.954545454545454	3.884182853552079e-69	0.11400546	1.0
SERPINA1	7.333333333333333	1.0	0.23041084	9.983697356599846e-16
HIGD1B	6.090909090909091	0.5901931783435886	0.10032724	1.0
FBXO4	5.090909090909091	5.1713704161927095e-55	0.37404072	2.4861969035963734e-211
TIMM17A	15.0	1.0	0.16023691	1.0
PLTP	6.984848484848484	1.0	0.28546765	1.7185049604568138e-70
ITGB1	5.106060606060606	1.5872832289342982e-53	0.23127499	2.69599803185687e-16
EIF4E2	6.2272727272727275	1.0	0.21971446	1.4865672859634067e-09
YWHAB	3.3181818181818183	1.932245318554673e-297	-0.17110322	1.0
SKAP2	4.787878787878788	4.431250677636168e-88	0.4686446	0.0
PPIE	5.484848484848484	1.988067711542528e-22	0.36085403	4.380457141030401e-188
CD99	5.333333333333333	2.1706753254292354e-33	0.19535308	0.1445236703883447
RPL18A	5.636363636363637	1.2851410704542627e-13	0.16031036	1.0
CPNE7	5.651515151515151	7.347178639562884e-13	0.5209247	0.0
KRTAP3-2	5.545454545454546	1.2242493613827866e-18	0.21208705	3.834843488503805e-06
TFPI	7.575757575757576	1.0	0.2849681	7.609304770527349e-70
AKAP14	4.575757575757576	1.9231756304013163e-114	0.24740145	9.788325204629892e-29
COX6C	5.121212121212121	4.676730757762688e-52	0.1888189	0.8452250720168999
PPARGC1B	3.742424242424242	3.2359242627538247e-233	0.68714476	0.0
SNRPE	5.878787878787879	0.00027450830962018466	0.15144593	1.0
TMSB10	7.257575757575758	1.0	0.08316443	1.0
BRCC3	4.181818181818182	2.0431422463121415e-168	0.39582536	1.619751137577203e-250
ZNF365	4.696969696969697	4.296316092130633e-99	0.20648386	0.00035994545741985614
PTMS	4.2727272727272725	1.6441818492106707e-155	0.23851238	1.8680449941664167e-21
RFC2	4.681818181818182	5.689414961865554e-101	0.41532096	4.854472588605836e-286
ANAPC10	4.803030303030303	2.7367645399029442e-86	0.17277704	1.0
UPP2	4.696969696969697	4.296316092130633e-99	0.38848215	3.1668374768280774e-237
CALM1	4.045454545454546	3.500482389273137e-188	-0.17099446	1.0
SNAI1	4.954545454545454	3.884182853552079e-69	0.17238952	1.0
SLAMF1	4.651515151515151	9.179932486875994e-105	0.45095128	0.0
RGPD5	4.818181818181818	1.6425866582786677e-84	0.6348477	0.0
JKAMP	4.2727272727272725	1.6441818492106707e-155	0.3941393	1.8466478039641658e-247
EDF1	4.03030303030303	2.1087738388507592e-190	0.26503897	4.345897930516831e-46
TNFSF10	5.424242424242424	1.4589219929881028e-26	0.3570132	2.0853997262816393e-181
LUM	7.318181818181818	1.0	0.37779105	5.109268197433769e-218
CRIPT	5.666666666666667	3.978664970448861e-12	0.30869877	6.617378953198602e-103
MESDC2	13.712121212121213	1.0	0.27040854	4.4267571981884186e-52
BMP1	6.7272727272727275	1.0	0.6199954	0.0
WSB2	5.318181818181818	1.3394031029632731e-34	0.2945367	1.2987447427614137e-82
MTCP1	4.015151515151516	1.2499973933095756e-192	0.261751	1.41360933156716e-42
TUBA1A	4.2727272727272725	1.6441818492106707e-155	0.4034274	2.4582480756220803e-264
KHDRBS3	4.621212121212121	1.3207905061700894e-108	0.39542896	8.483480526850195e-250
FOXH1	3.909090909090909	2.64348710704926e-208	0.49097708	0.0
PAGR1	5.424242424242424	1.4589219929881028e-26	0.33892468	1.1310812470351312e-150
CD33	4.287878787878788	2.2087249048920608e-153	0.48066765	0.0
AMBP	7.075757575757576	1.0	0.40052843	4.6587655712986615e-259
PSMB7	6.166666666666667	1.0	0.17467265	1.0
SMCP	5.46969696969697	1.979659785672327e-23	0.24469827	2.0509444951381717e-26
SREBF2	3.6818181818181817	2.3853005820836463e-242	0.6484101	0.0
KEAP1	5.893939393939394	0.0006641214396199383	0.4146107	9.636999595510564e-285
FDPS	4.696969696969697	4.296316092130633e-99	0.41542548	3.1317195601516297e-286
C1D	4.363636363636363	7.512830586913155e-143	0.3457315	4.3618503498037507e-162
SLC7A11	15.0	1.0	0.24794354	3.2597913232489054e-29
PDGFC	4.318181818181818	3.8075011752609048e-149	0.4227494	1.268802305880969e-299
PPHLN1	4.666666666666667	7.336184814303851e-103	0.3601217	8.282842457923783e-187
ATOX1	7.909090909090909	1.0	0.09532846	1.0
STX2	6.833333333333333	1.0	0.26912165	1.288857489286389e-50
BIRC5	4.03030303030303	2.1087738388507592e-190	0.22246255	5.4849813368360056e-11
SLX4	15.0	1.0	0.5098552	0.0
SIRT6	4.409090909090909	1.2861037409784286e-136	0.42379025	1.5855740094069152e-301
HSPB2	7.075757575757576	1.0	0.1603984	1.0
IRS1	3.5	7.221070472427171e-270	0.10573299	1.0
SRGAP1	4.696969696969697	4.296316092130633e-99	0.67155427	0.0
MME	5.257575757575758	1.2355595419735018e-39	0.3487454	3.3440146740785258e-167
CHRNA2	7.878787878787879	1.0	0.28173473	1.0191963940881699e-65
KNG1	6.757575757575758	1.0	0.35624596	4.443302777338112e-180
PPP1R15A	4.0606060606060606	5.7613808878307085e-186	0.55332667	0.0
CSTB	7.545454545454546	1.0	0.11372339	1.0
NFIX	5.757575757575758	3.3260698279418764e-08	0.39815927	9.426580141961798e-255
TMEM33	6.242424242424242	1.0	0.20702988	0.0002419702811296465
GAS2	4.848484848484849	5.380669780436885e-81	0.40123746	2.389462499340291e-260
GBP1	5.696969696969697	9.995055185491281e-11	0.4002636	1.4108169269846088e-258
CCL14	9.151515151515152	1.0	0.1774356	1.0
SUB1	3.878787878787879	8.171994366410397e-213	0.3429957	1.7854450401536433e-157
GRM4	4.863636363636363	2.926718135188438e-79	0.6661727	0.0
IFT20	5.742424242424242	8.455253740774733e-09	0.16630073	1.0
WBP11	4.075757575757576	9.425084823205431e-184	0.5505403	0.0
HTN3	15.0	1.0	0.08727067	1.0
CAPZB	4.757575757575758	1.0619875368314136e-91	0.24909684	3.062515003946172e-30
UBL5	7.075757575757576	1.0	0.11772697	1.0
MRPL9	6.848484848484849	1.0	0.1795901	1.0
MAP2K7	4.151515151515151	9.15888580977784e-173	0.37019822	1.6385436731125826e-204
SNRPD2	5.348484848484849	3.361814908486116e-32	0.107903406	1.0
ATXN1	4.151515151515151	9.15888580977784e-173	-0.15426004	1.0
SLC9A5	5.666666666666667	3.978664970448861e-12	0.50834966	0.0
FTL	15.0	1.0	0.14523534	1.0
BMPR2	4.757575757575758	1.0619875368314136e-91	0.25903794	9.005201110016796e-40
PRELP	6.348484848484849	1.0	0.46836215	0.0
FAM50B	5.0606060606060606	4.89685641010256e-58	0.41458255	1.084545666143846e-284
EGFL7	6.196969696969697	1.0	0.31274876	5.5516171278702955e-109
BCL2L14	4.681818181818182	5.689414961865554e-101	0.4199256	1.8563561986814108e-294
PIK3R2	4.075757575757576	9.425084823205431e-184	0.26471227	9.830049543572744e-46
SNX27	6.818181818181818	1.0	0.36134902	5.999334384742589e-189
PLSCR4	5.287878787878788	4.435475492969264e-37	0.38845655	3.5211956532372157e-237
PAX1	6.181818181818182	1.0	0.26156503	2.2119372807422785e-42
SLC29A1	15.0	1.0	0.24546313	4.618996341467185e-27
OSMR	4.787878787878788	4.431250677636168e-88	0.4408826	0.0
DUSP4	3.8636363636363638	4.569907826037505e-215	0.5112767	0.0
CLCN7	6.5	1.0	0.43006623	5.30518079154e-313
HAX1	5.53030303030303	1.4921710187680277e-19	0.37665662	5.414801998021459e-216
MORN2	7.303030303030303	1.0	0.103087984	1.0
PPP1R17	4.5606060606060606	2.0701982173404105e-116	0.25165012	1.4197255009282168e-32
HSPA14	5.181818181818182	2.3605024707753786e-46	0.31651515	9.851127700491192e-115
CD74	15.0	1.0	0.13433783	1.0
CTBP1	3.8636363636363638	4.569907826037505e-215	0.23544566	3.4910103716198633e-19
C1QA	7.757575757575758	1.0	0.2126999	2.19147107213845e-06
HEXIM1	3.893939393939394	1.469768442176506e-210	0.48093227	0.0
SNRPD1	5.424242424242424	1.4589219929881028e-26	0.21253276	2.5537520909907715e-06
CXCL10	8.833333333333334	1.0	0.15019168	1.0
NUPR1	4.2727272727272725	1.6441818492106707e-155	0.29259753	5.827377761958134e-80
REST	4.348484848484849	6.158238409806613e-145	0.68502617	0.0
CD97	15.0	1.0	0.29946223	1.7127521101056864e-89
MAF	4.03030303030303	2.1087738388507592e-190	0.47231856	0.0
VAMP8	6.257575757575758	1.0	0.17169133	1.0
COPB1	6.742424242424242	1.0	0.34082383	7.751048255145292e-154
OGG1	5.378787878787879	7.002849665867642e-30	0.3347075	1.0477494655809915e-143
NRG4	5.287878787878788	4.435475492969264e-37	0.16402481	1.0
LDOC1	4.590909090909091	1.7383763998462225e-112	0.14925317	1.0
CENPK	5.5	1.8957199282862748e-21	0.22824861	2.3736503876809534e-14
HGF	7.621212121212121	1.0	0.24622041	1.036837118667302e-27
PCGF2	4.742424242424242	1.5808109845269243e-93	0.3966504	5.162888698393229e-252
RFWD2	3.9393939393939394	8.13036209830832e-204	0.62777984	0.0
STX1A	5.409090909090909	1.1965605630142752e-27	0.077424504	1.0
MTG1	6.7727272727272725	1.0	0.25181055	1.0071384582407852e-32
LATS1	4.106060606060606	2.4294474174401478e-179	0.5980673	0.0
IL27RA	4.121212121212121	3.8192567646814513e-177	0.47192553	0.0
HPS5	5.2727272727272725	2.3924807267209796e-38	0.5913501	0.0
RPLP0	5.545454545454546	1.2242493613827866e-18	0.21009186	2.175667005694083e-05
TAL2	5.045454545454546	1.4229306440703084e-59	0.19135311	0.48972375223715303
CAMK2N1	5.0606060606060606	4.89685641010256e-58	0.18476024	1.0
AKR1B1	4.545454545454546	2.1705639517453993e-118	0.40013444	2.4223477821865e-258
CES1	5.378787878787879	7.002849665867642e-30	0.39933008	7.027821195489455e-257
UBE2K	3.757575757575758	6.114847680928736e-231	0.2634911	2.0271548730551985e-44
CXCL2	7.742424242424242	1.0	0.11917561	1.0
PTPN11	3.787878787878788	2.115340487863969e-226	-0.12779681	1.0
TRPC4AP	4.212121212121212	4.33582970150717e-164	0.63575083	0.0
GNAZ	5.96969696969697	0.024729877173714734	0.27919185	1.5218549869898328e-62
GRID1	6.015151515151516	0.11603843419891441	0.60021055	0.0
TACR3	5.909090909090909	0.0015217723481678817	0.29723766	2.3197186128502582e-86
HIST4H4	4.287878787878788	2.2087249048920608e-153	0.20260692	0.004567279549533683
CGGBP1	6.954545454545454	1.0	0.1417449	1.0
SNCG	4.015151515151516	1.2499973933095756e-192	0.327711	2.4043815941343906e-132
RPS3A	5.803030303030303	1.4705485992125324e-06	0.2020483	0.006322715377917638
CCNB1IP1	4.757575757575758	1.0619875368314136e-91	0.3532816	5.76412819995968e-175
C4orf34	6.242424242424242	1.0	0.06577852	1.0
EIF6	5.2272727272727275	2.9052237252149825e-42	0.22837137	1.990329800348366e-14
H2AFX	4.136363636363637	5.955732217746212e-175	0.30299193	1.5304194005671474e-94
ADORA2B	4.7727272727272725	6.9489106635318485e-90	0.41838822	1.2018561503222432e-291
MKRN1	7.2272727272727275	1.0	0.2578304	1.5002164229853018e-38
SUPT4H1	4.7272727272727275	2.2662035039882355e-95	0.24078128	3.2453066128706544e-23
VAMP3	6.893939393939394	1.0	0.16834798	1.0
CRYZ	15.0	1.0	0.15579037	1.0
SPC25	9.106060606060606	1.0	0.13829793	1.0
STK11	3.787878787878788	2.115340487863969e-226	0.36709112	5.046207497379645e-199
LSM5	5.651515151515151	7.347178639562884e-13	0.14998893	1.0
GNAI1	5.257575757575758	1.2355595419735018e-39	-0.018296061	1.0
ZNF346	5.378787878787879	7.002849665867642e-30	0.3499883	2.5397784920393887e-169
GADD45G	3.6515151515151514	6.574533281986768e-247	0.102507606	1.0
SAA2	7.4393939393939394	1.0	0.23807788	3.987316304363746e-21
AKAP7	5.606060606060606	3.3531991138491256e-15	0.31657273	8.034198616507936e-115
RALY	5.212121212121212	1.3139036660141977e-43	0.3471347	1.831591688051438e-164
KCNA2	5.0	2.784639304065503e-64	0.45261157	0.0
S100A11	4.242424242424242	8.837767506374353e-160	0.24273561	8.717590875701691e-25
NDC80	5.121212121212121	4.676730757762688e-52	0.53039765	0.0
DLK2	5.46969696969697	1.979659785672327e-23	0.43600094	0.0
PRLH	6.212121212121212	1.0	0.07530342	1.0
MDH1	6.106060606060606	0.7203309180246135	0.20627137	0.00041911030833944614
NAA10	15.0	1.0	0.112147264	1.0
TAF5	4.893939393939394	7.917093618468979e-76	0.5813818	0.0
CDC26	4.848484848484849	5.380669780436885e-81	0.18887067	0.8373209467185112
SPRR1A	4.848484848484849	5.380669780436885e-81	0.22231679	6.575581641637099e-11
TACR1	5.909090909090909	0.0015217723481678817	0.18810879	0.9560374365718364
TFEC	4.7272727272727275	2.2662035039882355e-95	0.3516622	3.4813562764433053e-172
PSMD4	4.242424242424242	8.837767506374353e-160	0.43979558	0.0
ITGB7	4.151515151515151	9.15888580977784e-173	0.60835093	0.0
TGFB1I1	4.151515151515151	9.15888580977784e-173	0.44229364	0.0
S100A1	5.257575757575758	1.2355595419735018e-39	0.08198056	1.0
TSPAN1	5.696969696969697	9.995055185491281e-11	0.20509034	0.0009490288007245833
MAP1S	6.803030303030303	1.0	0.33990148	2.6764809536776328e-152
OSCAR	6.015151515151516	0.11603843419891441	0.19547226	0.13837852586753724
ZNRD1	5.606060606060606	3.3531991138491256e-15	0.21253757	2.5431057555325212e-06
CNN2	4.96969696969697	1.6768237566517874e-67	0.38081083	2.0133298534066704e-223
DIP2A	4.636363636363637	1.1170269528111936e-106	0.6144026	0.0
APOM	4.954545454545454	3.884182853552079e-69	0.12279064	1.0
TNFRSF1A	3.803030303030303	4.0245198343713096e-224	0.13184944	1.0
RNF114	15.0	1.0	0.18386875	1.0
CRYBB2	15.0	1.0	0.12153701	1.0
ATF5	5.03030303030303	3.992657506387221e-61	0.39580786	1.7418974676219442e-250
SMARCE1	3.787878787878788	2.115340487863969e-226	0.4747236	0.0
CRB3	4.863636363636363	2.926718135188438e-79	0.25433514	4.1021148099978193e-35
DUT	3.9696969696969697	2.4674890859968454e-199	0.28782532	1.425344137436167e-73
GNGT2	6.590909090909091	1.0	0.11834574	1.0
EIF3A	5.151515151515151	3.59408870467608e-49	0.6935441	0.0
NR1I2	4.363636363636363	7.512830586913155e-143	0.4560668	0.0
GATA1	3.5303030303030303	2.824771523696977e-265	0.3662446	1.5635748345713322e-197
IL4R	4.196969696969697	2.9882021010514624e-166	0.46720788	0.0
GAS7	4.848484848484849	5.380669780436885e-81	0.39168775	5.088246096485244e-243
CEBPG	4.242424242424242	8.837767506374353e-160	0.23784131	6.013609420829717e-21
BBOX1	6.136363636363637	0.9665881464844287	0.19476563	0.17805308387899313
LSM2	5.53030303030303	1.4921710187680277e-19	0.1477936	1.0
RRP12	5.575757575757576	7.098220602553354e-17	0.5714847	0.0
HAPLN1	7.53030303030303	1.0	0.423645	2.922239293447568e-301
PPP1R14A	4.03030303030303	2.1087738388507592e-190	0.22288364	3.2392347595118984e-11
RASGRP2	5.106060606060606	1.5872832289342982e-53	0.44786406	0.0
CD34	4.378787878787879	9.114755093831552e-141	0.39670488	4.112354249143529e-252
AGTR1	4.984848484848484	6.973868836232615e-66	0.3998741	7.204757234760423e-258
NOD2	5.378787878787879	7.002849665867642e-30	0.61929035	0.0
SPN	4.833333333333333	9.548106231121443e-83	0.4755439	0.0
PSMD7	6.257575757575758	1.0	0.19824983	0.04433207814871096
CBX8	4.348484848484849	6.158238409806613e-145	0.46946648	0.0
CENPE	5.666666666666667	3.978664970448861e-12	0.69241625	0.0
SPDEF	4.0606060606060606	5.7613808878307085e-186	0.40426254	7.387664806464307e-266
TBXA2R	5.393939393939394	9.413594363001394e-29	0.39083654	1.762088980189498e-241
XAGE2	6.333333333333333	1.0	0.106948696	1.0
SUPT3H	4.333333333333333	4.8731389520965527e-147	0.39205146	1.1180118173791464e-243
TCP10	4.833333333333333	9.548106231121443e-83	0.3926896	7.8299073317837e-245
LYPLA1	6.757575757575758	1.0	0.18289827	1.0
GNA15	5.742424242424242	8.455253740774733e-09	0.16309209	1.0
GKN2	6.878787878787879	1.0	0.1555711	1.0
DYNLT3	5.984848484848484	0.04362517966007074	0.11217623	1.0
FOSB	4.53030303030303	2.2306482421952033e-120	0.39679933	2.7723933482445456e-252
CDC42SE2	4.7727272727272725	6.9489106635318485e-90	0.2296367	3.1548876655648054e-15
DYNLL2	5.757575757575758	3.3260698279418764e-08	0.07698389	1.0
C15orf41	7.045454545454546	1.0	0.20624226	0.00042770040607287334
ME2	5.2727272727272725	2.3924807267209796e-38	0.42632762	3.6296554527113074e-306
DKK2	13.712121212121213	1.0	0.27206546	5.407126297308661e-54
BEX2	5.424242424242424	1.4589219929881028e-26	0.2044153	0.0014843596113603952
SH3GL1	4.53030303030303	2.2306482421952033e-120	0.42409754	4.3538291322317237e-302
DNAJB11	4.818181818181818	1.6425866582786677e-84	0.3943279	8.416286696527004e-248
S100A6	6.0	0.07311233693762956	0.10012965	1.0
MT1F	6.984848484848484	1.0	0.12936504	1.0
CNN3	4.7727272727272725	6.9489106635318485e-90	0.41279736	1.9762164020189292e-281
ZNF607	5.4393939393939394	1.6925534327478274e-25	0.52484524	0.0
FAM127B	5.681818181818182	2.0488697101334917e-11	0.16311885	1.0
UBE2I	3.409090909090909	1.0655625061781275e-283	-0.14640053	1.0
TRIM6	5.863636363636363	0.0001074974518139196	0.27029386	5.9856499500102e-52
DEXI	5.984848484848484	0.04362517966007074	0.14371412	1.0
MYCBP	5.5606060606060606	9.57038049901898e-18	0.23367818	6.237984352453024e-18
TYK2	4.136363636363637	5.955732217746212e-175	0.41406214	9.673464128941049e-284
AIMP1	4.696969696969697	4.296316092130633e-99	0.37966445	2.278358317279403e-221
IL28B	15.0	1.0	0.14370908	1.0
CD6	5.090909090909091	5.1713704161927095e-55	0.47797814	0.0
RPLP2	4.818181818181818	1.6425866582786677e-84	0.22562343	9.1177816660856e-13
P2RY2	4.2272727272727275	6.257190620228874e-162	0.4730258	0.0
MEF2A	3.727272727272727	1.706218311485279e-235	0.39172778	4.307878701976916e-243
FKBP6	5.015151515151516	1.0736043812980293e-62	0.38999453	5.870158810453991e-240
EGLN2	4.621212121212121	1.3207905061700894e-108	0.39051586	6.700067949692158e-241
TXNL1	5.090909090909091	5.1713704161927095e-55	0.28460804	2.2164681186506667e-69
ODF2	5.212121212121212	1.3139036660141977e-43	0.4467706	0.0
CCDC42	6.015151515151516	0.11603843419891441	0.2713448	3.700980990566903e-53
JDP2	3.878787878787879	8.171994366410397e-213	0.34182823	1.6207617115054854e-155
BATF	4.303030303030303	2.9329124127824168e-151	0.25434437	4.0200742318965286e-35
TRDMT1	4.621212121212121	1.3207905061700894e-108	0.48442376	0.0
FAM103A1	5.045454545454546	1.4229306440703084e-59	0.24153987	8.07789031464257e-24
SPEF1	7.181818181818182	1.0	0.22602852	5.27141380899271e-13
CCL26	9.151515151515152	1.0	0.17359638	1.0
PAFAH1B1	4.075757575757576	9.425084823205431e-184	0.37670344	4.4682437798344834e-216
RNH1	7.878787878787879	1.0	0.19133921	0.4913191107483404
HYLS1	5.318181818181818	1.3394031029632731e-34	0.33991835	2.5095696436398477e-152
SNX5	4.348484848484849	6.158238409806613e-145	0.45956615	0.0
SH2D1A	4.5	2.201714823989054e-124	0.20439574	0.001503092444986712
EPB41L3	4.03030303030303	2.1087738388507592e-190	0.686681	0.0
RAD54B	5.303030303030303	7.887011253946248e-36	0.17238252	1.0
ARPC4	6.075757575757576	0.4654418176526208	0.0709945	1.0
PCBP1	4.757575757575758	1.0619875368314136e-91	0.26554382	1.2261376425275556e-46
BEX1	4.9393939393939394	8.666842423299595e-71	0.09159426	1.0
CAV2	4.181818181818182	2.0431422463121415e-168	0.29145414	2.0585528731803183e-78
C2orf65	7.303030303030303	1.0	0.26715297	2.075313802608971e-48
CHRNA1	15.0	1.0	0.27815676	2.8605925172892285e-61
SLC1A4	15.0	1.0	0.17367163	1.0
BEST1	5.015151515151516	1.0736043812980293e-62	0.42903417	4.0811082330706e-311
COL9A2	7.53030303030303	1.0	0.41271314	2.8132807192950013e-281
FABP4	4.575757575757576	1.9231756304013163e-114	0.2402005	9.295752714370087e-23
CSH2	4.03030303030303	2.1087738388507592e-190	0.2749737	2.025448389968977e-57
FEZ2	4.242424242424242	8.837767506374353e-160	0.4235868	3.7290692870371592e-301
MTPN	4.303030303030303	2.9329124127824168e-151	0.26394466	6.622549385462195e-45
PTPN7	3.9242424242424243	4.600422224434154e-206	0.49527532	0.0
PTH1R	5.53030303030303	1.4921710187680277e-19	0.41960385	7.199177893907537e-294
WBP5	5.424242424242424	1.4589219929881028e-26	0.19607219	0.11057664098468781
GGT1	6.621212121212121	1.0	0.34789124	9.497564895396541e-166
CS	15.0	1.0	0.23719989	1.813642759578525e-20
CAMLG	6.045454545454546	0.254656797901843	0.3226567	2.6498904234152234e-124
HIST3H3	4.2727272727272725	1.6441818492106707e-155	0.022222502	1.0
TMPO	4.818181818181818	1.6425866582786677e-84	0.25691536	1.2306100424334313e-37
CDH1	3.742424242424242	3.2359242627538247e-233	0.22151393	1.7626882414587265e-10
ATP5L	15.0	1.0	0.109917015	1.0
IKBKE	4.196969696969697	2.9882021010514624e-166	0.61185247	0.0
PCGF6	5.242424242424242	6.099209833098505e-41	0.3532398	6.796809033480593e-175
ENPEP	7.803030303030303	1.0	0.41687492	7.004879948805461e-289
RHO	5.015151515151516	1.0736043812980293e-62	0.36232623	1.1748670158256402e-190
PDE6H	6.121212121212121	0.8477923380061042	0.16062102	1.0
VEGFA	5.287878787878788	4.435475492969264e-37	0.28130433	3.5469823797907025e-65
RHOT2	4.893939393939394	7.917093618468979e-76	0.45843467	0.0
C5orf55	4.818181818181818	1.6425866582786677e-84	0.26207453	6.458312128996666e-43
ABRA	4.909090909090909	3.9245179205093584e-74	0.40953663	1.7742344548760994e-275
EIF2B2	4.863636363636363	2.926718135188438e-79	0.37529433	1.4577495318409401e-213
PNRC2	3.8333333333333335	1.3485832323205122e-219	0.23850638	1.8873170388632876e-21
PHYH	15.0	1.0	0.13179587	1.0
S100A9	4.136363636363637	5.955732217746212e-175	0.10553308	1.0
MCM6	5.303030303030303	7.887011253946248e-36	0.6026264	0.0
CNTN1	5.333333333333333	2.1706753254292354e-33	0.60753924	0.0
FBP1	5.4393939393939394	1.6925534327478274e-25	0.39971915	1.3787117558771021e-257
DBNL	4.7727272727272725	6.9489106635318485e-90	0.47416574	0.0
TCL1B	4.045454545454546	3.500482389273137e-188	0.21520668	1.9470497116016998e-07
TUBB	3.803030303030303	4.0245198343713096e-224	0.19112004	0.5179021399491154
RPS2	5.666666666666667	3.978664970448861e-12	0.19373578	0.25036756067474786
NUP50	4.181818181818182	2.0431422463121415e-168	0.46395743	0.0
GPSM1	6.803030303030303	1.0	0.5139284	0.0
KCNJ10	5.590909090909091	5.007830731219704e-16	0.44691873	0.0
C19orf25	5.46969696969697	1.979659785672327e-23	0.24683943	3.025883939846701e-28
PTAFR	5.075757575757576	1.6271107072498622e-56	0.3753579	1.1233121353381796e-213
SH3BP5L	4.333333333333333	4.8731389520965527e-147	0.44447032	0.0
GNAI3	6.242424242424242	1.0	0.19703841	0.07506260143887324
GADD45B	3.742424242424242	3.2359242627538247e-233	0.28430736	5.399916857308203e-69
PDZK1IP1	4.803030303030303	2.7367645399029442e-86	0.24859247	8.66281315721159e-30
ST3GAL3	6.5	1.0	0.16471964	1.0
ACTR8	5.757575757575758	3.3260698279418764e-08	0.4079649	1.3130493866420146e-272
ZNF488	5.151515151515151	3.59408870467608e-49	0.3881073	1.503516994408388e-236
PFN1	4.424242424242424	1.483232711503633e-134	0.122395515	1.0
PFDN1	4.590909090909091	1.7383763998462225e-112	0.2032304	0.003137606094672487
GLRX	4.712121212121212	3.1719869210396293e-97	0.17773074	1.0
H3F3A	4.363636363636363	7.512830586913155e-143	0.25340483	3.1801346572286706e-34
AHSA1	4.2272727272727275	6.257190620228874e-162	0.3607923	5.609561843253183e-188
LDHB	5.090909090909091	5.1713704161927095e-55	0.2878642	1.266985105456938e-73
RPL37A	5.045454545454546	1.4229306440703084e-59	0.22362223	1.2674747684502235e-11
RFC4	4.833333333333333	9.548106231121443e-83	0.44925687	0.0
DYNLRB1	5.515151515151516	1.7246853142774622e-20	0.19410439	0.22237434810782553
DAP	5.015151515151516	1.0736043812980293e-62	0.21965256	1.5965685908566958e-09
PIN4	3.9393939393939394	8.13036209830832e-204	0.26673478	6.025430256583555e-48
GDF9	4.2727272727272725	1.6441818492106707e-155	0.12515569	1.0
RAB40C	8.212121212121213	1.0	0.16434853	1.0
MNDA	3.8636363636363638	4.569907826037505e-215	0.49173096	0.0
RPA3	5.121212121212121	4.676730757762688e-52	0.24055636	4.8819042404719256e-23
KCNK1	4.409090909090909	1.2861037409784286e-136	0.39225936	4.7045452259099575e-244
PALB2	4.712121212121212	3.1719869210396293e-97	0.6474801	0.0
MPC1	7.621212121212121	1.0	0.07523206	1.0
DOM3Z	6.090909090909091	0.5901931783435886	0.44548127	0.0
TAC3	5.909090909090909	0.0015217723481678817	0.108891964	1.0
LNPEP	7.681818181818182	1.0	0.6232571	0.0
CCL3L3	7.212121212121212	1.0	0.12688836	1.0
ANTXR1	4.181818181818182	2.0431422463121415e-168	0.41094342	4.803398271984726e-278
ALOX5	4.96969696969697	1.6768237566517874e-67	0.33800474	3.806862730611628e-149
CXorf27	4.409090909090909	1.2861037409784286e-136	0.25614515	7.109159461183788e-37
PRPF38B	4.363636363636363	7.512830586913155e-143	0.4248404	1.9011407889762598e-303
MLX	5.4393939393939394	1.6925534327478274e-25	0.19141479	0.4825107071997843
FERMT2	6.015151515151516	0.11603843419891441	0.32324702	3.100159791787033e-125
SEL1L3	8.287878787878787	1.0	0.4770571	0.0
NEUROD1	4.575757575757576	1.9231756304013163e-114	0.37438065	6.173169518578745e-212
CYP11B2	6.348484848484849	1.0	0.21746069	1.84884638190988e-08
SCGN	7.2727272727272725	1.0	0.23088993	4.847609870798438e-16
KIAA0907	5.696969696969697	9.995055185491281e-11	0.462165	0.0
F13B	8.318181818181818	1.0	0.4626955	0.0
SS18	4.151515151515151	9.15888580977784e-173	0.44876274	0.0
CLK4	6.075757575757576	0.4654418176526208	0.20005342	0.01859346790285396
ACOX3	4.803030303030303	2.7367645399029442e-86	0.53031385	0.0
PTGES3	3.742424242424242	3.2359242627538247e-233	0.24977314	7.508818509652183e-31
KRT19	5.393939393939394	9.413594363001394e-29	0.4127166	2.77402132061262e-281
NKX2-5	4.409090909090909	1.2861037409784286e-136	0.22975379	2.65399988519212e-15
TRIM5	4.863636363636363	2.926718135188438e-79	0.24385747	1.0366282189838418e-25
DYX1C1	4.348484848484849	6.158238409806613e-145	0.4323078	4.2287736e-317
ARNT2	4.515151515151516	2.2372994385292133e-122	0.5779513	0.0
AHR	3.606060606060606	8.821660124325988e-254	0.42762464	1.544137042902726e-308
GPR17	6.318181818181818	1.0	0.26161784	1.9488021738107305e-42
SRPK2	5.136363636363637	1.329601873108839e-50	0.5837944	0.0
CD1E	7.606060606060606	1.0	0.20782113	0.00013382163076474792
TRAM1	5.0	2.784639304065503e-64	0.4345051	4.09e-321
NDUFA4L2	4.924242424242424	1.874969259881809e-72	0.09293872	1.0
DLGAP1	5.151515151515151	3.59408870467608e-49	0.541496	0.0
GAS6	5.181818181818182	2.3605024707753786e-46	0.48219174	0.0
TNFRSF12A	5.045454545454546	1.4229306440703084e-59	0.25469953	1.827423738242827e-35
NDUFS6	6.257575757575758	1.0	0.18074033	1.0
GNAI2	5.090909090909091	5.1713704161927095e-55	0.02631685	1.0
LOX	15.0	1.0	0.112918966	1.0
SSRP1	5.03030303030303	3.992657506387221e-61	0.5586529	0.0
LILRB1	6.787878787878788	1.0	0.4099798	2.7567334938579618e-276
AZU1	15.0	1.0	0.157442	1.0
PTGIR	6.333333333333333	1.0	0.43526813	1.53e-322
INTS9	6.136363636363637	0.9665881464844287	0.33616814	4.139533622622778e-146
ARHGAP1	4.090909090909091	1.5223184067744789e-181	0.3813236	2.4217576412671956e-224
POLR2J	4.681818181818182	5.689414961865554e-101	0.2516141	1.5332385655108121e-32
METTL9	15.0	1.0	0.15461868	1.0
ERCC1	5.242424242424242	6.099209833098505e-41	0.26872206	3.638788062116084e-50
YIPF5	7.363636363636363	1.0	0.13929264	1.0
HOXB13	6.045454545454546	0.254656797901843	0.25308183	6.438414840642033e-34
IFI27	4.575757575757576	1.9231756304013163e-114	0.24808574	2.4406226475044055e-29
ARMCX3	5.0	2.784639304065503e-64	0.4111499	2.0160966500088444e-278
SPTSSA	8.287878787878787	1.0	0.09823706	1.0
TGIF1	3.5757575757575757	2.18169446221551e-258	0.5014449	0.0
CDC25A	3.4393939393939394	4.255692881133359e-279	0.29795358	2.3022843057626257e-87
LAMTOR3	3.9696969696969697	2.4674890859968454e-199	0.2557245	1.8386042859722186e-36
IPO7	4.621212121212121	1.3207905061700894e-108	0.5941482	0.0
PDCD2	5.212121212121212	1.3139036660141977e-43	0.32514963	2.981452571100288e-128
ACTC1	4.454545454545454	1.8518644066753443e-130	0.23232938	5.284647780695323e-17
PPP2CB	4.5	2.201714823989054e-124	0.2998931	4.197538746002757e-90
POLI	4.303030303030303	2.9329124127824168e-151	0.6195983	0.0
ELK4	4.318181818181818	3.8075011752609048e-149	0.4798786	0.0
WDR77	6.015151515151516	0.11603843419891441	0.37374502	8.3410158045969e-211
RPN1	5.242424242424242	6.099209833098505e-41	0.40121937	2.5765987166910072e-260
HADH	6.5	1.0	0.22297806	2.877273995741444e-11
TADA3	3.8333333333333335	1.3485832323205122e-219	0.37472105	1.5315019790855244e-212
BPY2C	6.0606060606060606	0.35240497543927884	0.1210276	1.0
BCAM	5.318181818181818	1.3394031029632731e-34	0.5778246	0.0
GATA4	4.121212121212121	3.8192567646814513e-177	0.3670743	5.400449550555481e-199
LAX1	4.53030303030303	2.2306482421952033e-120	0.5039955	0.0
CCL16	7.212121212121212	1.0	0.14067979	1.0
SCG3	7.893939393939394	1.0	0.25994325	1.0666868976193937e-40
NXT1	4.7272727272727275	2.2662035039882355e-95	0.22698241	1.416715535850821e-13
MRPL42	4.984848484848484	6.973868836232615e-66	0.23482075	9.783027790008398e-19
LYAR	4.409090909090909	1.2861037409784286e-136	0.42777002	8.379453206786814e-309
LIMS2	4.651515151515151	9.179932486875994e-105	0.3683305	3.284439641358854e-201
FANCF	4.484848484848484	2.1281592221250877e-126	0.41435143	2.8640962132387294e-284
PIGY	15.0	1.0	0.0732648	1.0
GPANK1	5.5	1.8957199282862748e-21	0.39824116	6.698968346633314e-255
ZNF274	4.9393939393939394	8.666842423299595e-71	0.43764818	0.0
TRIM59	3.984848484848485	4.290407050829078e-197	0.45719546	0.0
BPY2	6.0606060606060606	0.35240497543927884	0.1210276	1.0
GCHFR	6.121212121212121	0.8477923380061042	0.07816389	1.0
FPR1	5.0	2.784639304065503e-64	0.40936145	3.7061184848869e-275
COMMD5	7.924242424242424	1.0	0.17466033	1.0
EIF4EBP3	5.393939393939394	9.413594363001394e-29	0.11049492	1.0
CNP	4.363636363636363	7.512830586913155e-143	0.418756	2.5553830196272493e-292
PIN1	3.409090909090909	1.0655625061781275e-283	-0.047850378	1.0
RFC1	3.9242424242424243	4.600422224434154e-206	0.5809283	0.0
TAF11	4.53030303030303	2.2306482421952033e-120	0.15402582	1.0
CAV1	3.5757575757575757	2.18169446221551e-258	-0.10173256	1.0
LCMT1	5.166666666666667	9.397055613032697e-48	0.36825418	4.4785021316082024e-201
ITGAE	4.409090909090909	1.2861037409784286e-136	0.6849765	0.0
SOX8	4.333333333333333	4.8731389520965527e-147	0.381238	3.44824732333147e-224
FBXO5	5.4393939393939394	1.6925534327478274e-25	0.22491446	2.3514193545725843e-12
FAM107A	5.0	2.784639304065503e-64	0.14890537	1.0
HECW1	5.363636363636363	4.9677529912471725e-31	0.6719943	0.0
PRR13	7.181818181818182	1.0	0.07113771	1.0
MRPS22	5.090909090909091	5.1713704161927095e-55	0.28963307	5.713407601032605e-76
MPHOSPH6	4.96969696969697	1.6768237566517874e-67	0.17361142	1.0
C18orf56	5.4393939393939394	1.6925534327478274e-25	0.2072195	0.00021043377477727602
IL18RAP	5.621212121212121	2.1281896348445874e-14	0.36815208	6.7787202228419e-201
NRG3	5.287878787878788	4.435475492969264e-37	0.508289	0.0
ARIH1	5.909090909090909	0.0015217723481678817	0.31266266	7.494118531180136e-109
KLHL17	5.454545454545454	1.875469319795333e-24	0.4123752	1.1651035908263742e-280
NDRG2	5.0606060606060606	4.89685641010256e-58	0.2218428	1.1796716444508497e-10
CEP135	4.757575757575758	1.0619875368314136e-91	0.6402504	0.0
HIST2H2BE	4.681818181818182	5.689414961865554e-101	0.16380046	1.0
TNNT3	8.393939393939394	1.0	0.16008934	1.0
NDUFB1	5.212121212121212	1.3139036660141977e-43	0.17212337	1.0
KLF5	4.03030303030303	2.1087738388507592e-190	0.507802	0.0
RLBP1	6.090909090909091	0.5901931783435886	0.23257625	3.5891400055534553e-17
C8B	9.393939393939394	1.0	0.3295192	2.9485777407569924e-135
RABGAP1	5.484848484848484	1.988067711542528e-22	0.53268975	0.0
TUSC3	4.515151515151516	2.2372994385292133e-122	0.36320975	3.3382948739041206e-192
RHOA	4.0606060606060606	5.7613808878307085e-186	-0.115501314	1.0
MBL2	11.757575757575758	1.0	0.17190346	1.0
SLC27A5	4.984848484848484	6.973868836232615e-66	0.37204438	8.750188352502266e-208
FAM86A	7.712121212121212	1.0	0.13919748	1.0
SGCA	15.0	1.0	0.15892823	1.0
TRIP13	4.757575757575758	1.0619875368314136e-91	0.057799216	1.0
FAM153A	6.318181818181818	1.0	0.20553218	0.0007023536166427955
SLC6A12	6.045454545454546	0.254656797901843	0.38598344	1.0173606158955717e-232
ASB8	6.696969696969697	1.0	0.16320403	1.0
HIST1H4F	5.363636363636363	4.9677529912471725e-31	0.13895129	1.0
ASGR2	7.4393939393939394	1.0	0.18053548	1.0
HOXA1	5.212121212121212	1.3139036660141977e-43	0.24843831	1.1878858776476306e-29
PCYT1B	4.848484848484849	5.380669780436885e-81	0.40187746	1.6324615768280961e-261
ZNF764	5.0606060606060606	4.89685641010256e-58	0.43664652	0.0
ZRANB1	5.0	2.784639304065503e-64	0.5521333	0.0
RABGGTB	6.212121212121212	1.0	0.17738287	1.0
RPL38	15.0	1.0	0.07920706	1.0
SLC3A2	15.0	1.0	0.2068913	0.0002678135784894025
LOXL4	7.833333333333333	1.0	0.4918528	0.0
PTK6	4.393939393939394	1.0948844848673155e-138	0.45737377	0.0
BAG4	4.287878787878788	2.2087249048920608e-153	0.46047044	0.0
MED21	4.090909090909091	1.5223184067744789e-181	0.25358352	2.1520044689565697e-34
RDBP	4.666666666666667	7.336184814303851e-103	0.43301746	2.13398e-318
NEUROG2	5.621212121212121	2.1281896348445874e-14	0.16516955	1.0
DUSP9	3.984848484848485	4.290407050829078e-197	0.4761961	0.0
BCAT1	5.015151515151516	1.0736043812980293e-62	0.31359774	2.8607392492932075e-110
LHX1	6.53030303030303	1.0	0.25118524	3.830508392908116e-32
DNPEP	6.166666666666667	1.0	0.35798442	4.318356381980441e-183
SIX1	4.893939393939394	7.917093618468979e-76	0.24695425	2.4045846881663363e-28
GNAO1	5.121212121212121	4.676730757762688e-52	0.05204714	1.0
BDKRB2	4.984848484848484	6.973868836232615e-66	0.38566217	3.8576786367993184e-232
COX5B	4.0606060606060606	5.7613808878307085e-186	0.26000115	9.300393895043806e-41
HBE1	15.0	1.0	0.13074869	1.0
MAPK10	3.727272727272727	1.706218311485279e-235	0.43388063	5.654e-320
KCNK18	4.484848484848484	2.1281592221250877e-126	0.4259462	1.8036969403236e-305
DNER	6.378787878787879	1.0	0.421407	3.614299690855376e-297
PPP1R3D	4.787878787878788	4.431250677636168e-88	0.26604643	3.4521330708948305e-47
POU3F4	5.2272727272727275	2.9052237252149825e-42	0.31565672	2.0501712742738474e-113
ID1	4.212121212121212	4.33582970150717e-164	0.15755326	1.0
AXIN1	3.5606060606060606	1.0767191768626267e-260	0.28032556	5.954307284236759e-64
FCN1	7.893939393939394	1.0	0.31998453	4.1357132950944186e-120
UQCRQ	5.742424242424242	8.455253740774733e-09	0.11993537	1.0
ATP6V1G2	6.53030303030303	1.0	0.07897234	1.0
EGR2	5.121212121212121	4.676730757762688e-52	0.4335889	1.92854e-319
WFDC2	5.121212121212121	4.676730757762688e-52	0.1851426	1.0
HIST2H2AC	4.378787878787879	9.114755093831552e-141	0.2528385	1.0938289187639438e-33
RRAS2	4.212121212121212	4.33582970150717e-164	0.10815345	1.0
GJA3	4.409090909090909	1.2861037409784286e-136	0.4319213	2.1497803e-316
HLA-F	7.606060606060606	1.0	0.29196826	4.1568793078857574e-79
ANKRD1	6.2272727272727275	1.0	0.30178255	8.435491878820146e-93
ULBP3	15.0	1.0	0.16315639	1.0
PDCD5	4.393939393939394	1.0948844848673155e-138	0.2460444	1.4685909072209815e-27
ATPAF2	5.181818181818182	2.3605024707753786e-46	0.18691394	1.0
NHEJ1	6.893939393939394	1.0	0.21128127	7.845480692256165e-06
TTF1	4.303030303030303	2.9329124127824168e-151	0.4684391	0.0
POLR2F	5.090909090909091	5.1713704161927095e-55	0.22132894	2.203726113417758e-10
NDUFV3	6.181818181818182	1.0	0.09743359	1.0
RASD1	5.606060606060606	3.3531991138491256e-15	0.22269167	4.1214708175683975e-11
WTAP	4.757575757575758	1.0619875368314136e-91	0.37235525	2.456633715219838e-208
BHLHE40	4.378787878787879	9.114755093831552e-141	0.45741406	0.0
TSC22D3	4.181818181818182	2.0431422463121415e-168	0.31775856	1.1898722576653264e-116
MRPS6	4.833333333333333	9.548106231121443e-83	0.26298717	6.987913964354922e-44
CDX4	6.151515151515151	1.0	0.19106944	0.5239700258455909
STX16	8.621212121212121	1.0	0.15139197	1.0
PSMD9	5.045454545454546	1.4229306440703084e-59	0.15372245	1.0
CXCL3	7.742424242424242	1.0	0.11917561	1.0
STMN1	3.6666666666666665	1.2657727916532822e-244	0.32420433	9.463702829724222e-127
CCL21	10.772727272727273	1.0	0.106932595	1.0
SMS	5.363636363636363	4.9677529912471725e-31	0.2598444	1.3475504576490418e-40
PPP2R5A	4.015151515151516	1.2499973933095756e-192	0.42291483	6.319574436144895e-300
CD101	4.863636363636363	2.926718135188438e-79	0.5605183	0.0
FAM208A	6.287878787878788	1.0	0.6851295	0.0
S100A2	5.53030303030303	1.4921710187680277e-19	0.09993277	1.0
TANK	4.136363636363637	5.955732217746212e-175	0.48035344	0.0
SLC25A6	5.878787878787879	0.00027450830962018466	0.18799141	0.9742566269774298
RHOG	4.454545454545454	1.8518644066753443e-130	0.17874438	1.0
RNF7	4.924242424242424	1.874969259881809e-72	0.14209329	1.0
FAM127A	5.878787878787879	0.00027450830962018466	0.13612247	1.0
ELOF1	6.075757575757576	0.4654418176526208	0.068859994	1.0
ATF7	4.484848484848484	2.1281592221250877e-126	0.20709647	0.00023049371891031213
PHYHIP	5.181818181818182	2.3605024707753786e-46	0.10915281	1.0
RNF11	4.106060606060606	2.4294474174401478e-179	-0.071846016	1.0
SERPINB8	8.727272727272727	1.0	0.2554524	3.390574637839283e-36
PLOD3	5.318181818181818	1.3394031029632731e-34	0.52526295	0.0
CCL23	9.151515151515152	1.0	0.11290143	1.0
FYB	4.212121212121212	4.33582970150717e-164	0.57417095	0.0
IGDCC3	15.0	1.0	0.2699944	1.3151477005608045e-51
KLF12	4.787878787878788	4.431250677636168e-88	0.36732236	1.9735012984921771e-199
BAD	3.5757575757575757	2.18169446221551e-258	0.060766596	1.0
GNRH1	8.0	1.0	0.111405775	1.0
MAS1	9.378787878787879	1.0	0.17072837	1.0
QTRT1	4.166666666666667	1.3774237346063119e-170	0.45067555	0.0
KIAA0020	5.424242424242424	1.4589219929881028e-26	0.32862133	8.261814566006601e-134
NKX2-3	4.696969696969697	4.296316092130633e-99	0.37778452	5.246198834479099e-218
DLX1	4.166666666666667	1.3774237346063119e-170	0.255936	1.1412759806092272e-36
RPS25	5.090909090909091	5.1713704161927095e-55	0.24056818	4.7808365954818655e-23
EXOSC9	6.954545454545454	1.0	0.41573402	8.54303728664255e-287
PAX9	4.757575757575758	1.0619875368314136e-91	0.35482505	1.266053451724662e-177
MCFD2	10.121212121212121	1.0	0.118289694	1.0
CAMK2A	4.0	7.386654389169344e-195	0.124339856	1.0
TCL1A	4.045454545454546	3.500482389273137e-188	0.22144173	1.9229240150619395e-10
GYPB	7.136363636363637	1.0	0.09957375	1.0
ID4	4.53030303030303	2.2306482421952033e-120	0.25618508	6.4951328342065395e-37
ADH5	4.545454545454546	2.1705639517453993e-118	0.39257383	1.2681616609361445e-244
GCKR	5.803030303030303	1.4705485992125324e-06	0.31535065	6.038273193145407e-113
SIVA1	6.045454545454546	0.254656797901843	0.1192645	1.0
MS4A7	7.393939393939394	1.0	0.14651091	1.0
VAMP1	6.166666666666667	1.0	0.116417885	1.0
SPOCK3	8.590909090909092	1.0	0.3164051	1.4548435959020569e-114
CD247	4.409090909090909	1.2861037409784286e-136	-0.041864425	1.0
OLFML3	4.893939393939394	7.917093618468979e-76	0.4083121	3.0524473468466624e-273
MRPS12	4.96969696969697	1.6768237566517874e-67	0.29643092	3.099189988441642e-85
WDR89	5.166666666666667	9.397055613032697e-48	0.2981812	1.1023012095122495e-87
PCIF1	5.015151515151516	1.0736043812980293e-62	0.5247475	0.0
KCNE1	4.4393939393939394	1.673299379658336e-132	0.24231234	1.9265851531619563e-24
KCNJ2	5.651515151515151	7.347178639562884e-13	0.48408702	0.0
ITLN1	11.045454545454545	1.0	0.1779363	1.0
CTGF	6.7727272727272725	1.0	0.3559797	1.2830441771466246e-179
SPRED2	4.878787878787879	1.5453967442950229e-77	0.44069406	0.0
BAX	4.454545454545454	1.8518644066753443e-130	0.14857277	1.0
POLE4	5.2727272727272725	2.3924807267209796e-38	0.14692228	1.0
NDUFA5	5.303030303030303	7.887011253946248e-36	0.20424917	0.0016527829987482848
RRM2	3.8636363636363638	4.569907826037505e-215	0.41674066	1.2328469491720517e-288
PDK3	7.818181818181818	1.0	0.2434347	2.3221093325340162e-25
CRLF2	4.818181818181818	1.6425866582786677e-84	0.24489096	1.4111065852454362e-26
VAV1	3.5606060606060606	1.0767191768626267e-260	0.047686886	1.0
IL13	4.848484848484849	5.380669780436885e-81	0.23393363	4.136076787631099e-18
MTERFD2	5.151515151515151	3.59408870467608e-49	0.39218998	6.278343886244753e-244
PPP2R2A	4.287878787878788	2.2087249048920608e-153	0.47160345	0.0
AJUBA	4.651515151515151	9.179932486875994e-105	0.16566226	1.0
HIST2H3C	4.606060606060606	1.5330310558122995e-110	0.24056742	4.7860862221003133e-23
CBY1	4.196969696969697	2.9882021010514624e-166	0.23403054	3.5383529911869124e-18
APBA2	5.515151515151516	1.7246853142774622e-20	0.50009584	0.0
PTK2B	3.742424242424242	3.2359242627538247e-233	0.0088892905	1.0
PREB	4.348484848484849	6.158238409806613e-145	0.44714034	0.0
FAM101B	4.318181818181818	3.8075011752609048e-149	0.23401393	3.63372397313693e-18
GPSM3	5.212121212121212	1.3139036660141977e-43	0.20723227	0.00020849034660023092
SKIV2L	6.166666666666667	1.0	0.6642406	0.0
CXCL9	8.833333333333334	1.0	0.14190269	1.0
IWS1	6.090909090909091	0.5901931783435886	0.3124136	1.783788362964483e-108
EID2B	4.318181818181818	3.8075011752609048e-149	0.26874372	3.4417018309630455e-50
NCOA5	5.484848484848484	1.988067711542528e-22	0.34165612	3.1450958707522387e-155
UBE2D2	4.621212121212121	1.3207905061700894e-108	0.21398596	6.503412312883096e-07
LIMS1	4.7272727272727275	2.2662035039882355e-95	0.26670542	6.487416361307685e-48
SYP	5.196969696969697	5.681854045967462e-45	0.28543755	1.8795128989726736e-70
ATP5C1	5.333333333333333	2.1706753254292354e-33	0.19751748	0.06131838583030664
CLGN	7.651515151515151	1.0	0.28324133	1.252767105610612e-67
SPINK7	7.984848484848484	1.0	0.039761815	1.0
SNAPC3	4.393939393939394	1.0948844848673155e-138	0.4327201	7.458514e-318
BATF3	4.575757575757576	1.9231756304013163e-114	0.22749525	6.909628746336648e-14
TBX4	6.636363636363637	1.0	0.23937409	4.0792231185306785e-22
PI3	9.030303030303031	1.0	0.10330439	1.0
CCL15	9.151515151515152	1.0	0.16908035	1.0
NXF5	6.151515151515151	1.0	0.24667032	4.238179910569695e-28
EIF4EBP2	5.393939393939394	9.413594363001394e-29	0.11077022	1.0
AURKB	4.984848484848484	6.973868836232615e-66	0.16674422	1.0
MT1H	8.984848484848484	1.0	0.05576687	1.0
GJC1	6.015151515151516	0.11603843419891441	0.4173121	1.1137824756346804e-289
CREBZF	5.212121212121212	1.3139036660141977e-43	0.3311382	7.044094622103504e-138
RPS19BP1	15.0	1.0	0.12987788	1.0
CCNG2	4.46969696969697	2.0157488759722106e-128	0.34337157	4.172358510266618e-158
DPH3	8.06060606060606	1.0	0.08561217	1.0
GATA5	4.106060606060606	2.4294474174401478e-179	0.45098817	0.0
BLOC1S2	7.5	1.0	0.05370869	1.0
WDR74	5.4393939393939394	1.6925534327478274e-25	0.18501686	1.0
KIF2B	5.666666666666667	3.978664970448861e-12	0.39368516	1.229870990452958e-246
NGFR	3.9393939393939394	8.13036209830832e-204	0.32805791	6.660849951892006e-133
CTSK	7.742424242424242	1.0	0.2600623	8.045930191847502e-41
CDYL	4.409090909090909	1.2861037409784286e-136	0.4520251	0.0
SDCCAG3	4.333333333333333	4.8731389520965527e-147	0.40674162	2.2359266577876667e-270
KAT2A	4.015151515151516	1.2499973933095756e-192	0.6228176	0.0
CUL7	5.553846153846154	3.856892878728512e-18	0.6775258	0.0
HN1	5.590909090909091	5.007830731219704e-16	0.114591815	1.0
RBAK	3.9545454545454546	1.4292587375731596e-201	0.5884513	0.0
HYPK	4.409090909090909	1.2861037409784286e-136	0.2558575	1.361815906417165e-36
ACIN1	6.2272727272727275	1.0	0.36475408	6.531623760944748e-195
PRMT6	4.833333333333333	9.548106231121443e-83	0.27463126	5.180855557804833e-57
SPAG5	5.287878787878788	4.435475492969264e-37	0.65541995	0.0
RRM1	4.045454545454546	3.500482389273137e-188	0.599188	0.0
CR1	9.181818181818182	1.0	0.69335467	0.0
SP4	4.318181818181818	3.8075011752609048e-149	0.6058707	0.0
PLEKHA5	4.363636363636363	7.512830586913155e-143	0.6492407	0.0
TUBB3	7.287878787878788	1.0	0.097677834	1.0
PEBP1	3.742424242424242	3.2359242627538247e-233	0.2927704	3.392847861731856e-80
IQGAP1	3.772727272727273	1.1509613505943056e-228	0.61072475	0.0
NHLH2	5.9393939393939394	0.006813995721858698	0.09658241	1.0
CCL20	15.0	1.0	0.063287474	1.0
IER3	4.0	7.386654389169344e-195	0.2714345	2.9162341757129235e-53
ASCC1	5.53030303030303	1.4921710187680277e-19	0.15754855	1.0
IAPP	15.0	1.0	0.0758374	1.0
CBX5	4.484848484848484	2.1281592221250877e-126	-0.0090625575	1.0
PDGFD	4.878787878787879	1.5453967442950229e-77	0.39689496	1.8597022264765843e-252
INHBE	8.242424242424242	1.0	0.17368871	1.0
TIMM8A	5.681818181818182	2.0488697101334917e-11	0.06121772	1.0
UCP1	5.484848484848484	1.988067711542528e-22	0.14599684	1.0
CALU	7.878787878787879	1.0	0.13852061	1.0
MIF	5.151515151515151	3.59408870467608e-49	0.10383982	1.0
ACOT7	5.151515151515151	3.59408870467608e-49	0.39218998	6.278343886244753e-244
PIP4K2A	4.666666666666667	7.336184814303851e-103	0.45111373	0.0
PECR	7.515151515151516	1.0	0.20059222	0.014065095091119993
COPS4	4.590909090909091	1.7383763998462225e-112	0.44038436	0.0
RDH5	7.090909090909091	1.0	0.13609058	1.0
RASGRF1	4.045454545454546	3.500482389273137e-188	0.6767432	0.0
AUP1	5.954545454545454	0.013318735761905466	0.47724804	0.0
REXO4	3.984848484848485	4.290407050829078e-197	0.45905843	0.0
MCTS1	5.924242424242424	0.0033040705224971884	0.13857003	1.0
DEFB4A	15.0	1.0	0.06919001	1.0
P2RY12	6.090909090909091	0.5901931783435886	0.31124067	1.0478106448151292e-106
S100A13	5.651515151515151	7.347178639562884e-13	0.1286141	1.0
GRM1	4.363636363636363	7.512830586913155e-143	0.70026255	0.0
BPY2B	6.0606060606060606	0.35240497543927884	0.1140473	1.0
ZNHIT3	4.484848484848484	2.1281592221250877e-126	0.2928433	2.6998634319578805e-80
ZCCHC8	5.424242424242424	1.4589219929881028e-26	0.5406219	0.0
CLCN5	4.9393939393939394	8.666842423299595e-71	0.6131528	0.0
CAMK4	4.0	7.386654389169344e-195	0.48001418	0.0
DEFB103A	15.0	1.0	0.06919001	1.0
FAIM2	4.9393939393939394	8.666842423299595e-71	0.2790713	2.1435658294207263e-62
MAFK	5.151515151515151	3.59408870467608e-49	0.08554696	1.0
AGA	7.575757575757576	1.0	0.2654723	1.4666848066637087e-46
PYGO1	4.196969696969697	2.9882021010514624e-166	0.4214195	3.430751591797123e-297
HCFC1R1	5.212121212121212	1.3139036660141977e-43	0.15873614	1.0
PSMD6	5.0	2.784639304065503e-64	0.40097722	7.100733069325564e-260
INS	5.7272727272727275	2.031818790138371e-09	0.09759122	1.0
COX7A2L	6.015151515151516	0.11603843419891441	0.13417022	1.0
PRMT8	4.5	2.201714823989054e-124	0.42219117	1.3296875068161193e-298
KXD1	5.181818181818182	2.3605024707753786e-46	5.866974e-05	1.0
LGALS7	6.848484848484849	1.0	0.07699494	1.0
HES5	4.2727272727272725	1.6441818492106707e-155	0.26996958	1.4034363181986288e-51
HIST1H2AL	4.863636363636363	2.926718135188438e-79	0.22031552	7.375012596190857e-10
P2RX2	15.0	1.0	0.18468861	1.0
NDUFB3	6.333333333333333	1.0	0.09467947	1.0
RBM17	5.121212121212121	4.676730757762688e-52	0.3697149	1.1731805824317152e-203
STRADB	4.46969696969697	2.0157488759722106e-128	0.45548424	0.0
IFITM1	6.863636363636363	1.0	0.11489263	1.0
FZD1	8.712121212121213	1.0	0.2575806	2.670958692434835e-38
PIP	4.712121212121212	3.1719869210396293e-97	0.197257	0.06850316629153481
BMPER	7.045454545454546	1.0	0.4211373	1.1251096638903298e-296
RPS20	5.954545454545454	0.013318735761905466	0.1835121	1.0
DNAL4	5.0606060606060606	4.89685641010256e-58	0.08802069	1.0
GCFC2	5.151515151515151	3.59408870467608e-49	0.54845566	0.0
ARL5A	4.681818181818182	5.689414961865554e-101	0.23867087	1.4148352788637073e-21
DHX34	5.757575757575758	3.3260698279418764e-08	0.61460316	0.0
HIST1H2AE	4.924242424242424	1.874969259881809e-72	0.09997908	1.0
TKTL2	8.742424242424242	1.0	0.31153107	3.832766172830939e-107
HOXA2	6.045454545454546	0.254656797901843	0.25569156	1.9798673677242462e-36
MIA	7.075757575757576	1.0	0.20715615	0.0002205498315211362
HTR4	6.303030303030303	1.0	0.22858852	1.4566813778927478e-14
GIPC3	6.863636363636363	1.0	0.15703368	1.0
TUBG1	4.287878787878788	2.2087249048920608e-153	0.3823013	4.2686658396655516e-226
LHB	6.075757575757576	0.4654418176526208	0.16560316	1.0
FABP5	5.954545454545454	0.013318735761905466	0.058047317	1.0
RBP4	6.166666666666667	1.0	0.13948736	1.0
DAD1	5.5	1.8957199282862748e-21	0.121297054	1.0
TCEB2	5.696969696969697	9.995055185491281e-11	0.06213692	1.0
BEND7	5.5	1.8957199282862748e-21	0.32451904	2.998542000416285e-127
FAM32A	7.454545454545454	1.0	0.07042593	1.0
LECT1	15.0	1.0	0.24628015	9.210047530174548e-28
PTGDR	6.4393939393939394	1.0	0.22975674	2.6431381067157758e-15
NGB	6.075757575757576	0.4654418176526208	0.18890469	0.8322054287740794
RPL35A	4.924242424242424	1.874969259881809e-72	0.14704095	1.0
RUNX3	3.9696969696969697	2.4674890859968454e-199	0.5138459	0.0
GHRL	15.0	1.0	0.08616766	1.0
CXCL6	7.742424242424242	1.0	0.117088445	1.0
PTN	4.121212121212121	3.8192567646814513e-177	-0.19557391	1.0
GUCA2B	15.0	1.0	0.16440928	1.0
HSPA5	5.0	2.784639304065503e-64	0.43117398	4.998236924e-315
RGCC	4.318181818181818	3.8075011752609048e-149	0.24021326	9.089020595653972e-23
HAMP	7.363636363636363	1.0	0.07188014	1.0
SGK3	4.106060606060606	2.4294474174401478e-179	0.4751695	0.0
CYTH1	4.303030303030303	2.9329124127824168e-151	0.35351875	2.2556429476188683e-175
FHIT	4.2272727272727275	6.257190620228874e-162	0.25408876	7.076207073992449e-35
PSORS1C2	11.030303030303031	1.0	0.12001288	1.0
APOC2	8.909090909090908	1.0	0.071268894	1.0
PLGRKT	4.378787878787879	9.114755093831552e-141	0.25879484	1.5912288667114164e-39
SCN3A	6.409090909090909	1.0	0.6909266	0.0
PHAX	4.893939393939394	7.917093618468979e-76	0.36098883	2.5496547710523995e-188
PSMC2	4.545454545454546	2.1705639517453993e-118	0.19360733	0.2604569402047813
COPS8	3.9242424242424243	4.600422224434154e-206	0.211836	4.803143343799838e-06
HOXD11	6.045454545454546	0.254656797901843	0.25466102	1.9899620747006726e-35
STAP2	3.9242424242424243	4.600422224434154e-206	0.512988	0.0
KCNE2	6.424242424242424	1.0	0.15982817	1.0
MED11	6.454545454545454	1.0	0.1799664	1.0
NR2C2AP	4.712121212121212	3.1719869210396293e-97	0.13813642	1.0
TAF12	4.878787878787879	1.5453967442950229e-77	0.13830237	1.0
RPL3	5.712121212121212	4.622182304966331e-10	0.2616814	1.6717395107122438e-42
UBE2V2	4.954545454545454	3.884182853552079e-69	0.18296447	1.0
POMP	6.166666666666667	1.0	0.06222274	1.0
CLEC4M	6.015151515151516	0.11603843419891441	0.3266495	1.206024862269477e-130
CD200R1	15.0	1.0	0.13404404	1.0
MTCH1	4.757575757575758	1.0619875368314136e-91	0.362822	1.594139729833547e-191
CXCL1	8.651515151515152	1.0	0.119639985	1.0
RAD51AP1	4.803030303030303	2.7367645399029442e-86	0.27678892	1.3275846046532424e-59
CRYAA	15.0	1.0	0.11019716	1.0
ARHGAP8	4.803030303030303	2.7367645399029442e-86	0.44840902	0.0
WNT3A	9.712121212121213	1.0	0.23320886	1.3203019425257987e-17
PIP5KL1	5.878787878787879	0.00027450830962018466	0.31014854	4.564292083516929e-105
PBXIP1	5.424242424242424	1.4589219929881028e-26	0.5625138	0.0
CEP57	6.136363636363637	0.9665881464844287	0.17976904	1.0
EIF4H	5.924242424242424	0.0033040705224971884	0.15108778	1.0
SYT5	6.636363636363637	1.0	0.2804215	4.522042253845562e-64
CNR2	6.742424242424242	1.0	0.2277065	5.127807135268521e-14
C17orf61	5.46969696969697	1.979659785672327e-23	0.11677443	1.0
NOTCH1	4.151515151515151	9.15888580977784e-173	0.518952	0.0
RUVBL2	4.045454545454546	3.500482389273137e-188	0.4670661	0.0
HIST3H2BB	4.606060606060606	1.5330310558122995e-110	0.19197947	0.4169041039440013
BRIP1	4.181818181818182	2.0431422463121415e-168	0.66314334	0.0
CITED1	3.712121212121212	8.857636845961859e-238	0.34915796	6.625880626330485e-168
PRKAR2B	5.0606060606060606	4.89685641010256e-58	0.3567996	4.889958115362279e-181
CDKN3	4.106060606060606	2.4294474174401478e-179	0.22795367	3.6144016967434655e-14
PAIP2B	5.9393939393939394	0.006813995721858698	0.035476193	1.0
LUC7L3	4.303030303030303	2.9329124127824168e-151	0.44024986	0.0
ISL2	7.515151515151516	1.0	0.23721866	1.7566246451659735e-20
WISP1	7.545454545454546	1.0	0.1788531	1.0
ATCAY	4.53030303030303	2.2306482421952033e-120	0.3254773	8.965917409262216e-129
RUNDC3A	5.287878787878788	4.435475492969264e-37	0.30122936	5.231859904073954e-92
FBXO18	5.166666666666667	9.397055613032697e-48	0.6440153	0.0
LHX2	4.7272727272727275	2.2662035039882355e-95	0.35709438	1.5092507452903088e-181
HSP90B1	5.621212121212121	2.1281896348445874e-14	0.51640105	0.0
CHTF8	4.863636363636363	2.926718135188438e-79	0.17871726	1.0
LGALS13	4.924242424242424	1.874969259881809e-72	0.21791326	1.1284974425445498e-08
SRSF3	4.848484848484849	5.380669780436885e-81	0.18729469	1.0
LDB3	5.484848484848484	1.988067711542528e-22	0.5349238	0.0
RPS14	4.015151515151516	1.2499973933095756e-192	0.23340699	9.628043750538887e-18
IGSF21	4.4393939393939394	1.673299379658336e-132	0.15185031	1.0
SRI	4.984848484848484	6.973868836232615e-66	0.16959883	1.0
CIRBP	4.378787878787879	9.114755093831552e-141	0.24114059	1.683992720176381e-23
ARFIP2	5.53030303030303	1.4921710187680277e-19	0.26114297	6.105805925173518e-42
BSDC1	6.863636363636363	1.0	0.19354641	0.2654269258836547
MED9	5.454545454545454	1.875469319795333e-24	-0.027645363	1.0
HSF2BP	5.151515151515151	3.59408870467608e-49	0.25252354	2.1663782430321548e-33
C9orf24	6.984848484848484	1.0	0.11769159	1.0
SDC3	4.666666666666667	7.336184814303851e-103	0.46809998	0.0
CALR	5.5	1.8957199282862748e-21	0.30880073	4.669928452305136e-103
INPP5A	4.378787878787879	9.114755093831552e-141	0.4254215	1.6454341642181789e-304
USH1C	9.121212121212121	1.0	0.2470345	2.0476036200462405e-28
UBE2J2	7.575757575757576	1.0	0.15307246	1.0
PEX5L	4.378787878787879	9.114755093831552e-141	0.41796133	7.239799283998464e-291
SGTA	5.833333333333333	1.4045368745137865e-05	0.19886994	0.033267841001022334
SGK2	4.545454545454546	2.1705639517453993e-118	0.37819958	9.511966481517657e-219
CXCL12	7.2272727272727275	1.0	0.21054713	1.4818315593679002e-05
EREG	4.424242424242424	1.483232711503633e-134	0.1633215	1.0
ACTR2	5.151515151515151	3.59408870467608e-49	0.32945132	3.7934326079138634e-135
WDR83	5.621212121212121	2.1281896348445874e-14	0.18550147	1.0
EIF1AY	5.015151515151516	1.0736043812980293e-62	0.22397734	8.022335233253141e-12
IRAK4	4.878787878787879	1.5453967442950229e-77	0.46364635	0.0
KISS1	7.166666666666667	1.0	0.15702231	1.0
CRABP2	5.015151515151516	1.0736043812980293e-62	0.11144586	1.0
ADRB2	5.303030303030303	7.887011253946248e-36	0.32058346	4.797021810928517e-121
CDKN1B	3.5606060606060606	1.0767191768626267e-260	-0.022200389	1.0
SAMD8	4.5	2.201714823989054e-124	0.41456616	1.1614900611329988e-284
GABARAPL1	4.590909090909091	1.7383763998462225e-112	0.1508519	1.0
SAP18	4.287878787878788	2.2087249048920608e-153	0.22851487	1.619354778867192e-14
ZBTB25	4.606060606060606	1.5330310558122995e-110	0.45809498	0.0
TRPC4	5.333333333333333	2.1706753254292354e-33	0.64614934	0.0
TSLP	4.303030303030303	2.9329124127824168e-151	0.2658976	5.026980244636221e-47
MUC1	4.045454545454546	3.500482389273137e-188	0.12910813	1.0
CALM3	4.348484848484849	6.158238409806613e-145	0.08284131	1.0
RAET1G	15.0	1.0	0.14059572	1.0
IRF8	4.4393939393939394	1.673299379658336e-132	0.46572384	0.0
TWF2	5.757575757575758	3.3260698279418764e-08	0.2127564	2.080589564530411e-06
ANAPC16	6.015151515151516	0.11603843419891441	0.10455459	1.0
BMF	4.212121212121212	4.33582970150717e-164	0.2610461	7.70319422712517e-42
SCN4B	15.0	1.0	0.09391631	1.0
EHHADH	8.5	1.0	0.243307	2.95914561154081e-25
GDA	5.666666666666667	3.978664970448861e-12	0.4727893	0.0
TRPM7	4.287878787878788	2.2087249048920608e-153	0.71129715	0.0
CRABP1	7.303030303030303	1.0	0.09107235	1.0
SNRNP40	5.575757575757576	7.098220602553354e-17	0.1836118	1.0
TAX1BP3	5.787878787878788	4.385663779892977e-07	0.10621071	1.0
RETN	5.9393939393939394	0.006813995721858698	0.09030586	1.0
POLR1D	5.0606060606060606	4.89685641010256e-58	0.13726562	1.0
NPTX1	15.0	1.0	0.16588807	1.0
LY6H	5.409090909090909	1.1965605630142752e-27	0.17526248	1.0
SCT	7.9393939393939394	1.0	0.12922001	1.0
MKNK1	3.9242424242424243	4.600422224434154e-206	0.4583324	0.0
CHRAC1	5.318181818181818	1.3394031029632731e-34	0.12541322	1.0
GLRA2	6.212121212121212	1.0	0.26664472	7.567613063978895e-48
POLR2D	5.090909090909091	5.1713704161927095e-55	0.149003	1.0
HSPB6	4.287878787878788	2.2087249048920608e-153	0.2619663	8.396030783181902e-43
CPSF2	5.090909090909091	5.1713704161927095e-55	0.5459173	0.0
H3F3B	4.9393939393939394	8.666842423299595e-71	0.2290056	7.967503680137839e-15
PLA2G10	8.015151515151516	1.0	0.22552967	1.0341747744559736e-12
DAZAP2	4.651515151515151	9.179932486875994e-105	0.043862347	1.0
ZCCHC10	3.8636363636363638	4.569907826037505e-215	0.21023154	1.9363557075239143e-05
MRPL20	4.833333333333333	9.548106231121443e-83	0.20912397	4.814393605393893e-05
CFL2	4.863636363636363	2.926718135188438e-79	0.2383336	2.552980752463972e-21
DSTN	4.803030303030303	2.7367645399029442e-86	0.24311048	4.295660418453666e-25
HIST1H2BD	6.893939393939394	1.0	0.15592925	1.0
BCL2	3.6818181818181817	2.3853005820836463e-242	-0.15740862	1.0
DUSP11	5.4393939393939394	1.6925534327478274e-25	0.29292363	2.099619574054119e-80
RORB	4.333333333333333	4.8731389520965527e-147	0.44679764	0.0
WNT2	10.712121212121213	1.0	0.22869334	1.2522978095985323e-14
MCM2	4.5	2.201714823989054e-124	0.27310288	3.31662188280989e-55
IGLL1	6.212121212121212	1.0	0.10415165	1.0
BET1	5.5606060606060606	9.57038049901898e-18	0.18117738	1.0
MED22	6.454545454545454	1.0	0.1154662	1.0
TBC1D25	5.4393939393939394	1.6925534327478274e-25	0.44977635	0.0
ARHGEF7	4.151515151515151	9.15888580977784e-173	0.521916	0.0
XIAP	3.8333333333333335	1.3485832323205122e-219	0.28241414	1.410972478564286e-66
CSTA	8.545454545454545	1.0	0.100910716	1.0
CSF2	4.984848484848484	6.973868836232615e-66	0.20196664	0.006622177421616846
UBE2G2	6.575757575757576	1.0	0.08643196	1.0
NME2	4.212121212121212	4.33582970150717e-164	0.22435413	4.912745057000621e-12
IL22	15.0	1.0	0.11560876	1.0
GRIA3	5.106060606060606	1.5872832289342982e-53	0.24357587	1.7745845857925447e-25
SLC6A8	7.393939393939394	1.0	0.25102806	5.348912790694388e-32
RSRC2	5.409090909090909	1.1965605630142752e-27	0.37767935	8.086295772164115e-218
PPBP	7.257575757575758	1.0	0.102658525	1.0
RPS15A	5.181818181818182	2.3605024707753786e-46	0.17496218	1.0
ETV1	3.8333333333333335	1.3485832323205122e-219	0.5002845	0.0
BIK	4.681818181818182	5.689414961865554e-101	0.229407	4.426622511112215e-15
MICB	15.0	1.0	0.13877271	1.0
FAM96A	7.242424242424242	1.0	0.07150718	1.0
CATSPER1	5.242424242424242	6.099209833098505e-41	0.61916745	0.0
GOLGA7	5.318181818181818	1.3394031029632731e-34	0.11764386	1.0
HERPUD1	5.984848484848484	0.04362517966007074	0.19426367	0.21107301024536776
MAGOHB	6.015151515151516	0.11603843419891441	0.13602045	1.0
MAFG	4.257575757575758	1.225183680326422e-157	0.21291085	1.8021673292140065e-06
FAM176A	4.954545454545454	3.884182853552079e-69	0.24687742	2.8047444637707473e-28
EFNA1	4.863636363636363	2.926718135188438e-79	0.14754763	1.0
TAC4	6.909090909090909	1.0	0.08599701	1.0
BDKRB1	6.818181818181818	1.0	0.27783498	7.076559713807566e-61
MYO10	7.151515151515151	1.0	0.53034556	0.0
SDHAF2	4.878787878787879	1.5453967442950229e-77	0.24139053	1.0638659839513132e-23
HRH2	7.621212121212121	1.0	0.26128057	4.3865414562430604e-42
HNF4G	4.53030303030303	2.2306482421952033e-120	0.44501638	0.0
SIGMAR1	6.166666666666667	1.0	0.19880803	0.03425140544831225
RPS10	4.212121212121212	4.33582970150717e-164	0.2279387	3.6913771426294204e-14
ZBTB6	4.636363636363637	1.1170269528111936e-106	0.42165467	1.274179056437473e-297
CCL24	9.151515151515152	1.0	0.11971862	1.0
FBXO7	5.090909090909091	5.1713704161927095e-55	0.38306203	1.8383162992234212e-227
UBE2B	5.0606060606060606	4.89685641010256e-58	0.19366434	0.25593101144628166
DUSP19	4.318181818181818	3.8075011752609048e-149	0.24415074	5.907018560520268e-26
NCBP2	5.303030303030303	7.887011253946248e-36	0.21643984	5.478820621563348e-08
EIF1AX	5.090909090909091	5.1713704161927095e-55	0.2702309	7.060169692146754e-52
F2RL1	6.757575757575758	1.0	0.3278672	1.349171913112485e-132
RNF115	6.303030303030303	1.0	0.18454339	1.0
TRIM63	7.106060606060606	1.0	0.1913258	0.49273741762879714
STOM	6.136363636363637	0.9665881464844287	0.09986108	1.0
CXXC4	5.106060606060606	1.5872832289342982e-53	0.2790894	2.0366678596513017e-62
SOD1	4.363636363636363	7.512830586913155e-143	0.19761956	0.05868559091979639
RPL23A	5.575757575757576	7.098220602553354e-17	0.20990995	2.5314011254989716e-05
S100Z	7.212121212121212	1.0	0.07912784	1.0
AP4E1	5.53030303030303	1.4921710187680277e-19	0.46397346	0.0
PDZD11	6.666666666666667	1.0	0.24855949	9.267660907674457e-30
CYCS	5.909090909090909	0.0015217723481678817	0.050415147	1.0
MAP1LC3B	6.878787878787879	1.0	0.0757147	1.0
TRIP11	4.318181818181818	3.8075011752609048e-149	0.70061266	0.0
PIGT	15.0	1.0	0.20703161	0.000241722433643424
CHIC2	5.348484848484849	3.361814908486116e-32	0.21197149	4.256619821653238e-06
UBE2L6	5.2272727272727275	2.9052237252149825e-42	0.08841388	1.0
CTSL1	6.96969696969697	1.0	0.10723065	1.0
RPS6KB2	4.303030303030303	2.9329124127824168e-151	0.452752	0.0
LSM11	12.242424242424242	1.0	0.13549754	1.0
CFLAR	4.2727272727272725	1.6441818492106707e-155	0.26955014	4.2128892308102795e-51
GET4	4.484848484848484	2.1281592221250877e-126	0.18751754	1.0
PLA2G1B	5.848484848484849	4.0048182067238415e-05	0.10252951	1.0
PRDM4	4.090909090909091	1.5223184067744789e-181	0.5770176	0.0
IL7	5.015151515151516	1.0736043812980293e-62	0.22294791	2.9882768076595425e-11
UBE2C	5.803030303030303	1.4705485992125324e-06	0.10188137	1.0
YWHAQ	3.4545454545454546	8.587356613216964e-277	-0.14246821	1.0
NPPC	7.333333333333333	1.0	0.099099554	1.0
VHLL	4.621212121212121	1.3207905061700894e-108	0.18303394	1.0
SRP19	5.545454545454546	1.2242493613827866e-18	0.18322393	1.0
VPS26B	7.4393939393939394	1.0	0.15859753	1.0
SYT4	6.196969696969697	1.0	0.3498595	4.212940528447286e-169
CSN1S1	4.863636363636363	2.926718135188438e-79	0.16369589	1.0
ABLIM3	5.454545454545454	1.875469319795333e-24	0.41816643	3.0530146295738862e-291
HHIP	15.0	1.0	0.34635147	3.89827170226464e-163
ROCK1	4.045454545454546	3.500482389273137e-188	0.60713583	0.0
ZNF821	5.46969696969697	1.979659785672327e-23	0.38998786	6.032969200385309e-240
KAT6B	4.4393939393939394	1.673299379658336e-132	0.708154	0.0
BCL2L1	4.212121212121212	4.33582970150717e-164	-0.11941365	1.0
HLA-DPA1	15.0	1.0	0.1340964	1.0
PRTFDC1	6.712121212121212	1.0	0.113416776	1.0
BSPRY	4.363636363636363	7.512830586913155e-143	0.377955	2.6030904929856236e-218
PARP11	15.0	1.0	0.18011867	1.0
CTSC	6.045454545454546	0.254656797901843	0.13158964	1.0
KIAA1598	6.2272727272727275	1.0	0.44415933	0.0
TGFB3	5.893939393939394	0.0006641214396199383	0.3801271	3.3821670178482754e-222
BECN1	4.681818181818182	5.689414961865554e-101	0.40389356	3.4762541609246885e-265
AKT3	3.878787878787879	8.171994366410397e-213	0.47621405	0.0
PCED1A	5.46969696969697	1.979659785672327e-23	0.35998964	1.40574177949646e-186
HRC	9.227272727272727	1.0	0.3086065	9.069611940186832e-103
CMTM8	4.4393939393939394	1.673299379658336e-132	0.027983198	1.0
ARFIP1	5.742424242424242	8.455253740774733e-09	0.22760326	5.933498981360504e-14
CTCF	3.878787878787879	8.171994366410397e-213	0.6293981	0.0
TLL1	9.727272727272727	1.0	0.1554223	1.0
ATP6V1G1	6.0	0.07311233693762956	0.109805934	1.0
GAL	15.0	1.0	0.044555258	1.0
CXCL13	10.06060606060606	1.0	0.06847017	1.0
SMAD9	3.757575757575758	6.114847680928736e-231	-0.11063021	1.0
C11orf1	5.015151515151516	1.0736043812980293e-62	0.21664397	4.420266916466559e-08
PLAC8	5.757575757575758	3.3260698279418764e-08	0.12539934	1.0
WDR18	7.090909090909091	1.0	0.1701651	1.0
ADAM28	6.090909090909091	0.5901931783435886	0.42807636	2.305621244081157e-309
BCAP31	15.0	1.0	0.11077833	1.0
KCNJ4	5.590909090909091	5.007830731219704e-16	0.460337	0.0
PGF	5.287878787878788	4.435475492969264e-37	0.21821035	8.132780991373686e-09
MFAP4	11.651515151515152	1.0	0.14177147	1.0
NHLH1	5.5	1.8957199282862748e-21	0.102058105	1.0
GRAP	4.393939393939394	1.0948844848673155e-138	0.33614546	4.510385598410024e-146
KIAA0513	6.393939393939394	1.0	0.40678436	1.869131849406694e-270
IL8	8.712121212121213	1.0	0.096069835	1.0
LILRA3	5.242424242424242	6.099209833098505e-41	0.35402808	2.9926575720569762e-176
LGALS2	4.787878787878788	4.431250677636168e-88	0.1768015	1.0
ZNF679	5.4393939393939394	1.6925534327478274e-25	0.3769263	1.7871907031332265e-216
ATF2	3.6363636363636362	3.245605426130343e-249	0.14104486	1.0
DNAJC14	5.96969696969697	0.024729877173714734	0.4026469	6.4886675823347e-263
LMX1A	6.863636363636363	1.0	0.25808224	8.372627258898187e-39
BET1L	6.363636363636363	1.0	0.11618489	1.0
TACR2	5.909090909090909	0.0015217723481678817	0.17161964	1.0
SMCR7L	4.363636363636363	7.512830586913155e-143	0.40697542	8.387382005419283e-271
RAD51AP2	4.803030303030303	2.7367645399029442e-86	0.6145995	0.0
HIST1H3A	5.575757575757576	7.098220602553354e-17	0.11425418	1.0
HINT1	5.848484848484849	4.0048182067238415e-05	0.1275376	1.0
CMKLR1	10.151515151515152	1.0	0.22891542	9.079449764361475e-15
LMO3	4.9393939393939394	8.666842423299595e-71	0.16860954	1.0
DRD1	6.0	0.07311233693762956	0.16624331	1.0
TMOD1	6.257575757575758	1.0	0.15434283	1.0
ARHGAP26	4.46969696969697	2.0157488759722106e-128	0.6213846	0.0
EEF1E1	4.7727272727272725	6.9489106635318485e-90	0.18657413	1.0
MTNR1B	6.045454545454546	0.254656797901843	0.21959533	1.7052864763309923e-09
WNT7B	12.712121212121213	1.0	0.14200337	1.0
PPP1R11	4.515151515151516	2.2372994385292133e-122	0.1887176	0.8603230861509603
CARD17	5.121212121212121	4.676730757762688e-52	0.08950483	1.0
RBM4	4.590909090909091	1.7383763998462225e-112	0.19728447	0.06772353448042975
SEPT2	6.5	1.0	0.2398352	1.7914005428422432e-22
MS4A2	4.242424242424242	8.837767506374353e-160	0.35056838	2.593395558552823e-170
UBR7	5.409090909090909	1.1965605630142752e-27	0.37747276	1.889754070304132e-217
SMARCD3	3.9242424242424243	4.600422224434154e-206	0.44105983	0.0
MAP6	4.863636363636363	2.926718135188438e-79	0.4377587	0.0
H2AFZ	15.0	1.0	0.10433924	1.0
CDC42EP5	4.757575757575758	1.0619875368314136e-91	0.22568823	8.355272864139818e-13
EBNA1BP2	6.242424242424242	1.0	0.18361267	1.0
RPP14	15.0	1.0	0.10740665	1.0
KRT31	5.287878787878788	4.435475492969264e-37	0.38452482	4.303819696575511e-230
TSHB	6.409090909090909	1.0	0.14444314	1.0
NEUROD2	4.96969696969697	1.6768237566517874e-67	0.3017812	8.47008853772012e-93
CAND1	4.681818181818182	5.689414961865554e-101	0.70105743	0.0
THY1	4.651515151515151	9.179932486875994e-105	0.29365686	2.093638920985917e-81
KLC3	4.0606060606060606	5.7613808878307085e-186	0.4968731	0.0
POLR1E	4.954545454545454	3.884182853552079e-69	0.3778412	4.1575293193744067e-218
RAB11A	6.015151515151516	0.11603843419891441	0.14496142	1.0
PAEP	4.681818181818182	5.689414961865554e-101	0.27024204	6.857893927812802e-52
EIF3M	6.196969696969697	1.0	0.30469036	5.257215780540952e-97
IFT57	5.0	2.784639304065503e-64	0.2636593	1.3393525924681855e-44
S100B	5.0	2.784639304065503e-64	0.05989443	1.0
TSC22D4	5.015151515151516	1.0736043812980293e-62	0.093562745	1.0
FAM195A	4.7727272727272725	6.9489106635318485e-90	0.25178298	1.0682502795120046e-32
SMAD4	3.1666666666666665	2.2327e-320	-0.15629311	1.0
COTL1	4.848484848484849	5.380669780436885e-81	0.20008992	0.01825721211907279
AIF1	4.757575757575758	1.0619875368314136e-91	0.22629659	3.6559389263437376e-13
CPLX1	6.378787878787879	1.0	0.16824378	1.0
EPM2A	15.0	1.0	0.12816006	1.0
ADCY5	4.4393939393939394	1.673299379658336e-132	0.6829066	0.0
CFL1	4.7272727272727275	2.2662035039882355e-95	0.121552914	1.0
GABRB3	4.333333333333333	4.8731389520965527e-147	0.45847082	0.0
CMTM3	3.9696969696969697	2.4674890859968454e-199	0.29387197	1.0632023776552378e-81
HIST1H3C	5.409090909090909	1.1965605630142752e-27	0.14065276	1.0
KRT27	4.621212121212121	1.3207905061700894e-108	0.44436318	0.0
NLRP2	6.121212121212121	0.8477923380061042	0.38203186	1.2997519113286886e-225
ATP6V0C	7.848484848484849	1.0	0.06314834	1.0
MYL6	5.015151515151516	1.0736043812980293e-62	0.14997998	1.0
HDAC8	4.924242424242424	1.874969259881809e-72	0.220861	3.8655357100446005e-10
DBF4B	5.424242424242424	1.4589219929881028e-26	0.41475123	5.339603234467558e-285
IL2	4.681818181818182	5.689414961865554e-101	0.17531097	1.0
TMEM66	5.2727272727272725	2.3924807267209796e-38	0.15601934	1.0
CCL28	9.151515151515152	1.0	0.15730882	1.0
RLN2	15.0	1.0	0.10031343	1.0
PHACTR3	4.4393939393939394	1.673299379658336e-132	0.42640337	2.638633134696091e-306
KCNAB2	6.0	0.07311233693762956	0.2227043	4.057663062769995e-11
ATP5G3	7.742424242424242	1.0	0.09349477	1.0
CTSS	8.545454545454545	1.0	0.0891686	1.0
EIF4A3	6.424242424242424	1.0	0.18340744	1.0
GPR26	8.227272727272727	1.0	0.17778972	1.0
STAMBPL1	3.984848484848485	4.290407050829078e-197	0.42895326	5.733747680025e-311
AAR2	5.318181818181818	1.3394031029632731e-34	0.17845772	1.0
DBI	15.0	1.0	0.054817557	1.0
AKR7A3	9.227272727272727	1.0	0.15773529	1.0
MAGED1	6.303030303030303	1.0	0.28858697	1.4049798402489254e-74
LSM4	5.242424242424242	6.099209833098505e-41	0.0804345	1.0
ARPC5	6.075757575757576	0.4654418176526208	0.09765137	1.0
VAMP2	6.0606060606060606	0.35240497543927884	0.05964453	1.0
EXOSC3	7.2272727272727275	1.0	0.21534237	1.6975598636614352e-07
NKX3-1	4.5	2.201714823989054e-124	0.2229444	3.000784314794954e-11
PRUNE	5.46969696969697	1.979659785672327e-23	0.16594407	1.0
SAA4	8.06060606060606	1.0	0.18484314	1.0
BTC	4.409090909090909	1.2861037409784286e-136	0.2299694	1.929974856120172e-15
FRS2	3.9696969696969697	2.4674890859968454e-199	0.36227462	1.4459787170628836e-190
MALL	4.5606060606060606	2.0701982173404105e-116	0.18198326	1.0
HIST3H2A	4.515151515151516	2.2372994385292133e-122	0.15889275	1.0
PHPT1	6.075757575757576	0.4654418176526208	0.08649818	1.0
TIAM2	4.924242424242424	1.874969259881809e-72	0.5153582	0.0
HIST1H2AI	6.5606060606060606	1.0	0.18624967	1.0
CCK	6.803030303030303	1.0	0.08055596	1.0
DPY30	6.2727272727272725	1.0	0.08593061	1.0
ATF6B	4.7727272727272725	6.9489106635318485e-90	0.42607832	1.0355819114734093e-305
GIF	7.045454545454546	1.0	0.300979	1.1927337272571141e-91
SCMH1	5.9393939393939394	0.006813995721858698	0.41036254	5.508350484765027e-277
BTAF1	4.53030303030303	2.2306482421952033e-120	0.69904923	0.0
METTL18	6.181818181818182	1.0	0.20140833	0.009069634671067035
CDK14	3.984848484848485	4.290407050829078e-197	0.4797086	0.0
PPP1R3A	4.4393939393939394	1.673299379658336e-132	0.5921939	0.0
TWIST1	4.151515151515151	9.15888580977784e-173	0.2938516	1.1334152148855943e-81
ORC1	4.606060606060606	1.5330310558122995e-110	0.6035894	0.0
SNRPC	4.696969696969697	4.296316092130633e-99	0.23033024	1.1259778149486562e-15
UBXN6	6.257575757575758	1.0	0.21625346	6.65525289950313e-08
LMO1	4.984848484848484	6.973868836232615e-66	0.111192375	1.0
COX5A	4.818181818181818	1.6425866582786677e-84	0.17563967	1.0
SOCS6	4.075757575757576	9.425084823205431e-184	0.48653638	0.0
ETV6	4.348484848484849	6.158238409806613e-145	0.47720733	0.0
HIST1H3E	6.121212121212121	0.8477923380061042	0.14346914	1.0
REG1B	6.212121212121212	1.0	0.09614983	1.0
DNAJB3	5.242424242424242	6.099209833098505e-41	0.18995027	0.6752852041632147
PRMT3	6.712121212121212	1.0	0.16284524	1.0
CARD18	6.121212121212121	0.8477923380061042	0.09291613	1.0
DNAI1	5.075757575757576	1.6271107072498622e-56	0.41836354	1.3315099570713877e-291
NDUFB9	4.7727272727272725	6.9489106635318485e-90	0.22465679	3.3036305663047393e-12
SSBP2	6.863636363636363	1.0	0.16962971	1.0
RGS10	6.075757575757576	0.4654418176526208	0.17558943	1.0
SKA2	8.5	1.0	0.065655924	1.0
FMN1	5.424242424242424	1.4589219929881028e-26	0.6496187	0.0
PDE6D	4.393939393939394	1.0948844848673155e-138	0.050407693	1.0
KCNE4	4.424242424242424	1.483232711503633e-134	0.23263596	3.269168579724052e-17
MCRS1	5.045454545454546	1.4229306440703084e-59	0.45380783	0.0
METTL1	3.984848484848485	4.290407050829078e-197	0.22980018	2.4795189361064392e-15
TROAP	6.090909090909091	0.5901931783435886	0.073386095	1.0
CALML3	6.151515151515151	1.0	0.13298203	1.0
CDAN1	4.545454545454546	2.1705639517453993e-118	0.6528161	0.0
CD79A	4.651515151515151	9.179932486875994e-105	0.20360489	0.002488453934065041
WIPI1	3.8484848484848486	2.5229778063339486e-217	0.489452	0.0
CHGA	6.893939393939394	1.0	0.21866032	4.9272579590476804e-09
MAP7	5.2727272727272725	2.3924807267209796e-38	0.45424318	0.0
RAB38	3.8181818181818183	7.38036129473198e-222	0.3678241	2.570461683753445e-200
S100P	6.212121212121212	1.0	0.048315216	1.0
CTR9	5.606060606060606	3.3531991138491256e-15	0.6195857	0.0
GOPC	6.848484848484849	1.0	0.19794965	0.05075198009749561
MGP	7.045454545454546	1.0	0.101051375	1.0
AGR2	5.0606060606060606	4.89685641010256e-58	0.24232885	1.8685014383741675e-24
OPCML	5.666666666666667	3.978664970448861e-12	0.20357469	0.002535411876402468
GRHPR	7.0606060606060606	1.0	0.2069695	0.0002528836465421977
AHSP	15.0	1.0	0.054981373	1.0
VGLL2	4.712121212121212	3.1719869210396293e-97	0.19968323	0.02241174662124376
SAV1	5.0606060606060606	4.89685641010256e-58	0.33987024	3.016344353758595e-152
PITPNM1	3.9545454545454546	1.4292587375731596e-201	0.6857335	0.0
TNIK	4.696969696969697	4.296316092130633e-99	0.68823653	0.0
RANBP10	15.0	1.0	0.20362955	0.002451435434516075
KIRREL	5.287878787878788	4.435475492969264e-37	0.57904536	0.0
ACADM	5.090909090909091	5.1713704161927095e-55	0.2942187	3.553586789762298e-82
PPP1R2	3.9696969696969697	2.4674890859968454e-199	0.22281244	3.5425300763678004e-11
TGFA	4.954545454545454	3.884182853552079e-69	0.16566558	1.0
TWIST2	4.484848484848484	2.1281592221250877e-126	0.24177456	5.2353715049195056e-24
EZH2	4.363636363636363	7.512830586913155e-143	0.44943586	0.0
AP3B1	5.863636363636363	0.0001074974518139196	0.5378318	0.0
VAMP4	8.621212121212121	1.0	0.09264578	1.0
AP2S1	5.590909090909091	5.007830731219704e-16	0.17536335	1.0
TSACC	7.863636363636363	1.0	0.070521235	1.0
CETN3	4.712121212121212	3.1719869210396293e-97	0.24668223	4.139638273485196e-28
TUBB4A	4.348484848484849	6.158238409806613e-145	0.4105429	2.583423314715119e-277
DEFA5	15.0	1.0	0.07031705	1.0
MRFAP1	5.196969696969697	5.681854045967462e-45	0.10182735	1.0
RPS6KC1	5.878787878787879	0.00027450830962018466	0.4269707	2.4235405971336206e-307
CNR1	6.075757575757576	0.4654418176526208	0.41362244	6.149762701263668e-283
ARL2BP	5.696969696969697	9.995055185491281e-11	0.08085525	1.0
NUCB2	4.924242424242424	1.874969259881809e-72	0.24811815	2.2856769050953716e-29
TCEAL1	4.924242424242424	1.874969259881809e-72	0.12542628	1.0
IL5	5.787878787878788	4.385663779892977e-07	0.08729063	1.0
SLC1A5	15.0	1.0	0.16921401	1.0
BEND5	5.03030303030303	3.992657506387221e-61	0.31765342	1.7289605971671008e-116
RPL10	4.393939393939394	1.0948844848673155e-138	0.267113	2.2973396295612335e-48
MLN	15.0	1.0	0.077579126	1.0
TIA1	6.106060606060606	0.7203309180246135	0.19718418	0.07061637737567703
NEK3	4.5606060606060606	2.0701982173404105e-116	0.45093432	0.0
EMP3	15.0	1.0	0.0784242	1.0
RPL15	4.818181818181818	1.6425866582786677e-84	0.19338584	0.2787508845296117
CCDC136	4.757575757575758	1.0619875368314136e-91	0.43369687	1.22513e-319
ZDHHC6	15.0	1.0	0.16712287	1.0
DLGAP5	4.696969696969697	4.296316092130633e-99	0.60862684	0.0
SEPT5	5.878787878787879	0.00027450830962018466	0.20595875	0.0005225917383503471
CD19	4.2272727272727275	6.257190620228874e-162	0.426968	2.449761433188651e-307
TPH1	4.136363636363637	5.955732217746212e-175	0.47402534	0.0
SEC14L2	5.393939393939394	9.413594363001394e-29	0.29224202	1.770604543722629e-79
SHF	5.015151515151516	1.0736043812980293e-62	0.34991702	3.360962729025623e-169
CAMK1D	4.833333333333333	9.548106231121443e-83	0.22997582	1.912120790995492e-15
PPIL1	4.7727272727272725	6.9489106635318485e-90	0.15977904	1.0
RRAS	4.4393939393939394	1.673299379658336e-132	0.23670466	4.218157797410245e-20
BFAR	4.393939393939394	1.0948844848673155e-138	0.45469552	0.0
CCNDBP1	7.606060606060606	1.0	0.20341347	0.00280239296336239
SSBP1	6.863636363636363	1.0	0.0993606	1.0
ATP6V1F	5.015151515151516	1.0736043812980293e-62	0.21362433	9.199035805486737e-07
DYRK1A	3.757575757575758	6.114847680928736e-231	0.49525735	0.0
AGXT	6.166666666666667	1.0	0.24768691	5.491673620121293e-29
EEF1G	4.090909090909091	1.5223184067744789e-181	-0.086134516	1.0
RAB7L1	7.4393939393939394	1.0	0.08123761	1.0
SIT1	4.515151515151516	2.2372994385292133e-122	0.37926596	1.177301054759101e-220
PRRC2A	6.181818181818182	1.0	0.6391771	0.0
FAM86C1	5.121212121212121	4.676730757762688e-52	0.18654622	1.0
MYC	3.3333333333333335	3.5057232681679496e-295	-0.05776183	1.0
SRP68	5.2272727272727275	2.9052237252149825e-42	0.3472744	1.061071883482554e-164
MAOA	5.712121212121212	4.622182304966331e-10	0.26305914	5.860477253718095e-44
ACE	5.984848484848484	0.04362517966007074	0.39895168	3.424616974704875e-256
NAP1L5	4.393939393939394	1.0948844848673155e-138	0.25700402	1.0049796031086193e-37
PTP4A3	5.696969696969697	9.995055185491281e-11	0.10755859	1.0
ZCCHC13	5.151515151515151	3.59408870467608e-49	0.22114682	2.745497773699445e-10
IQUB	5.4393939393939394	1.6925534327478274e-25	0.5359302	0.0
ATAD5	5.378787878787879	7.002849665867642e-30	0.68674415	0.0
C19orf10	5.348484848484849	3.361814908486116e-32	0.18679112	1.0
GNB5	7.954545454545454	1.0	0.13084145	1.0
BMP3	7.681818181818182	1.0	0.45719856	0.0
PIGC	15.0	1.0	0.13869093	1.0
CBLC	4.151515151515151	9.15888580977784e-173	0.51248497	0.0
RAP1A	4.151515151515151	9.15888580977784e-173	-0.006525091	1.0
DDIT3	3.8484848484848486	2.5229778063339486e-217	0.17258947	1.0
FATE1	5.03030303030303	3.992657506387221e-61	0.22839704	1.918642443732685e-14
ARHGAP10	4.454545454545454	1.8518644066753443e-130	0.59865904	0.0
COG4	15.0	1.0	0.35350516	2.3795800544552296e-175
FRS3	3.8181818181818183	7.38036129473198e-222	0.5038684	0.0
TNNC2	8.393939393939394	1.0	0.06287301	1.0
OPRL1	8.742424242424242	1.0	0.11999639	1.0
TEAD2	4.424242424242424	1.483232711503633e-134	0.43693587	0.0
PPP3R1	4.363636363636363	7.512830586913155e-143	0.22679687	1.8335694771172199e-13
DAPK3	3.878787878787879	8.171994366410397e-213	0.47320044	0.0
IL1RN	6.621212121212121	1.0	0.101578265	1.0
HS1BP3	5.666666666666667	3.978664970448861e-12	0.23629417	8.44711321314739e-20
HBZ	6.575757575757576	1.0	0.079806805	1.0
GABPA	4.166666666666667	1.3774237346063119e-170	0.49828985	0.0
RGS4	5.242424242424242	6.099209833098505e-41	0.18348457	1.0
DSCC1	4.863636363636363	2.926718135188438e-79	0.34321356	7.69237680721208e-158
RCOR3	5.257575757575758	1.2355595419735018e-39	0.48722434	0.0
CDA	4.681818181818182	5.689414961865554e-101	0.16565871	1.0
ARFRP1	4.075757575757576	9.425084823205431e-184	0.22793308	3.7200326342364825e-14
MGST2	15.0	1.0	0.06480269	1.0
HHLA3	5.181818181818182	2.3605024707753786e-46	0.108312406	1.0
TST	15.0	1.0	0.14808704	1.0
AP1S2	6.378787878787879	1.0	0.1854317	1.0
HIST1H2BB	7.575757575757576	1.0	0.0672615	1.0
GRP	15.0	1.0	0.050474573	1.0
HSPA4	3.772727272727273	1.1509613505943056e-228	0.5315293	0.0
LIPC	6.409090909090909	1.0	0.39944023	4.433603522142738e-257
PRKG2	4.712121212121212	3.1719869210396293e-97	0.41365695	5.320447501273027e-283
CXCL5	8.651515151515152	1.0	0.11753446	1.0
CSNK1G2	4.7272727272727275	2.2662035039882355e-95	0.40477076	8.766503778164166e-267
INTS1	6.545454545454546	1.0	0.65492517	0.0
PTH	15.0	1.0	0.0775216	1.0
RHOD	3.893939393939394	1.469768442176506e-210	0.29739738	1.3869980159096061e-86
VTN	5.4393939393939394	1.6925534327478274e-25	0.42914426	2.568630617479e-311
GDF11	6.378787878787879	1.0	0.23036666	1.0663381603113007e-15
OCM2	7.863636363636363	1.0	0.0609086	1.0
KPTN	5.454545454545454	1.875469319795333e-24	0.25013626	3.5119251633796935e-31
PDHB	7.666666666666667	1.0	0.17706573	1.0
FABP3	5.2272727272727275	2.9052237252149825e-42	0.10761404	1.0
VDR	3.772727272727273	1.1509613505943056e-228	0.17619537	1.0
EID1	4.075757575757576	9.425084823205431e-184	0.30838257	1.949297491277981e-102
HIST1H2BG	4.863636363636363	2.926718135188438e-79	0.1497751	1.0
NFYB	3.787878787878788	2.115340487863969e-226	0.21050376	1.537455996599646e-05
ACP6	7.212121212121212	1.0	0.18661769	1.0
FAM46D	5.984848484848484	0.04362517966007074	0.2810921	6.5479650771475305e-65
MRPL17	7.621212121212121	1.0	0.13399322	1.0
SSBP4	6.863636363636363	1.0	0.16722792	1.0
GCSH	4.2727272727272725	1.6441818492106707e-155	0.22256571	4.823964365750809e-11
FGF1	4.666666666666667	7.336184814303851e-103	0.07479458	1.0
CDH23	8.121212121212121	1.0	0.6975077	0.0
GTPBP10	6.363636363636363	1.0	0.27699086	7.556560736122183e-60
KIAA0664	6.666666666666667	1.0	0.6325548	0.0
CDC20	4.515151515151516	2.2372994385292133e-122	0.30459738	7.177950533492812e-97
BYSL	5.090909090909091	5.1713704161927095e-55	0.37812746	1.279760321632197e-218
WDR91	5.53030303030303	1.4921710187680277e-19	0.43705243	0.0
SLC4A4	5.257575757575758	1.2355595419735018e-39	0.54112047	0.0
NXT2	5.666666666666667	3.978664970448861e-12	0.17602485	1.0
XK	3.9393939393939394	8.13036209830832e-204	0.44422364	0.0
PTPLB	15.0	1.0	0.12871751	1.0
ACR	15.0	1.0	0.2368372	3.367896684657538e-20
PLA2G2A	6.848484848484849	1.0	0.19079006	0.560039296791009
B3GNTL1	7.303030303030303	1.0	0.19940495	0.02571618584201198
SOCS3	4.181818181818182	2.0431422463121415e-168	0.08124255	1.0
SMO	15.0	1.0	0.46710336	0.0
PTRF	4.590909090909091	1.7383763998462225e-112	0.27692443	9.096524576787068e-60
PARK7	4.2727272727272725	1.6441818492106707e-155	0.24191521	4.032972774463854e-24
PTH2	15.0	1.0	0.080720216	1.0
SNX7	5.7272727272727275	2.031818790138371e-09	0.32882944	3.8222907706750065e-134
TIMM13	6.681818181818182	1.0	0.052912258	1.0
C5orf25	4.818181818181818	1.6425866582786677e-84	0.35030448	7.326065526532346e-170
EPDR1	5.409090909090909	1.1965605630142752e-27	0.20929964	4.17649078514036e-05
CEND1	5.409090909090909	1.1965605630142752e-27	0.21255903	2.4939145326925165e-06
PAN3	5.181818181818182	2.3605024707753786e-46	0.6027534	0.0
TMPRSS11A	4.742424242424242	1.5808109845269243e-93	0.33619085	3.798722492042843e-146
UBE2N	4.46969696969697	2.0157488759722106e-128	0.21188742	4.588365722346841e-06
HIST1H2AC	6.03030303030303	0.17626248537921577	0.07791691	1.0
IL9	5.333333333333333	2.1706753254292354e-33	0.07904419	1.0
F2RL2	6.893939393939394	1.0	0.16980857	1.0
CLDN11	5.878787878787879	0.00027450830962018466	0.082382455	1.0
GLI1	5.924242424242424	0.0033040705224971884	0.53847873	0.0
HTR6	6.363636363636363	1.0	0.3248955	7.562002291917079e-128
DUSP22	4.151515151515151	9.15888580977784e-173	0.2767837	1.3466327498641108e-59
ESR2	3.757575757575758	6.114847680928736e-231	-0.00281645	1.0
ITGB6	5.924242424242424	0.0033040705224971884	0.6055508	0.0
TBX19	4.9393939393939394	8.666842423299595e-71	0.3480674	4.7665376698891864e-166
CDKN2B	5.287878787878788	4.435475492969264e-37	0.13418305	1.0
FXN	4.954545454545454	3.884182853552079e-69	0.22202712	9.404158156362891e-11
UBD	4.5	2.201714823989054e-124	0.20812728	0.00010578819444062912
AP1M1	4.7727272727272725	6.9489106635318485e-90	0.2803647	5.3226312514235446e-64
ST8SIA4	6.924242424242424	1.0	0.20200811	0.0064693097882370975
HAT1	4.878787878787879	1.5453967442950229e-77	0.36273298	2.2818723820300434e-191
TRAPPC2	15.0	1.0	0.10954175	1.0
APOA2	7.984848484848484	1.0	0.03749452	1.0
RPS16	5.712121212121212	4.622182304966331e-10	0.121571004	1.0
PPARG	3.984848484848485	4.290407050829078e-197	0.043319248	1.0
APOC1	8.984848484848484	1.0	0.06904046	1.0
CBX3	4.621212121212121	1.3207905061700894e-108	0.1418048	1.0
DCTN3	4.696969696969697	4.296316092130633e-99	0.19921671	0.02817058221481738
SHH	15.0	1.0	0.27122152	5.137002677429655e-53
TSPYL1	5.090909090909091	5.1713704161927095e-55	0.36624837	1.5405802079147102e-197
HSPB8	3.8484848484848486	2.5229778063339486e-217	0.24017015	9.817109158219746e-23
HIST2H2AA3	5.5	1.8957199282862748e-21	0.08363198	1.0
RIT1	3.8636363636363638	4.569907826037505e-215	0.24551801	4.147860903572762e-27
RPS21	9.787878787878787	1.0	0.072361626	1.0
HIST1H3G	15.0	1.0	0.057885543	1.0
ASCL4	5.2727272727272725	2.3924807267209796e-38	0.11400737	1.0
CDKN2D	4.606060606060606	1.5330310558122995e-110	0.22316949	2.2588737281988e-11
LGALS1	15.0	1.0	0.04929119	1.0
LITAF	5.166666666666667	9.397055613032697e-48	0.116406225	1.0
DCTPP1	5.924242424242424	0.0033040705224971884	0.1191487	1.0
TIFA	4.833333333333333	9.548106231121443e-83	0.20413671	0.0017770633186767334
ZNF33B	5.090909090909091	5.1713704161927095e-55	0.5329683	0.0
TFB2M	15.0	1.0	0.30798388	7.605063859939185e-102
NKIRAS1	4.303030303030303	2.9329124127824168e-151	0.29423302	3.397087428939155e-82
PER2	5.333333333333333	2.1706753254292354e-33	0.7049281	0.0
EXOSC1	6.909090909090909	1.0	0.168073	1.0
C7orf34	6.196969696969697	1.0	0.11344497	1.0
SYT7	6.287878787878788	1.0	0.35074836	1.2768347880737675e-170
PLA2G5	4.9393939393939394	8.666842423299595e-71	0.12022213	1.0
AP1S1	5.757575757575758	3.3260698279418764e-08	0.16222216	1.0
GLIPR2	5.242424242424242	6.099209833098505e-41	0.17574273	1.0
ERCC8	5.333333333333333	2.1706753254292354e-33	0.16098224	1.0
LIN7C	5.454545454545454	1.875469319795333e-24	0.20251904	0.004809538206906059
GEMIN6	5.878787878787879	0.00027450830962018466	0.1582893	1.0
PYY	15.0	1.0	0.050294805	1.0
PRKAG1	15.0	1.0	0.13954265	1.0
RPS15	7.090909090909091	1.0	0.13559356	1.0
PDXDC1	15.0	1.0	0.2207311	4.5105048119295184e-10
ZBTB44	4.484848484848484	2.1281592221250877e-126	0.45728606	0.0
KCNG3	15.0	1.0	0.2659208	4.74229377824579e-47
NRAS	4.2727272727272725	1.6441818492106707e-155	0.24059352	4.5680041373208504e-23
ADAM33	5.409090909090909	1.1965605630142752e-27	0.53241396	0.0
OVGP1	15.0	1.0	0.27625823	5.816490020658581e-59
UHRF2	4.090909090909091	1.5223184067744789e-181	0.5696412	0.0
ARF4	4.4393939393939394	1.673299379658336e-132	0.08578319	1.0
B3GALT4	6.621212121212121	1.0	0.1772883	1.0
RBP1	4.318181818181818	3.8075011752609048e-149	0.23486523	9.096081112080155e-19
FKBP2	6.984848484848484	1.0	0.10361436	1.0
PPY	15.0	1.0	0.069687374	1.0
C11orf16	5.242424242424242	6.099209833098505e-41	0.35467508	2.2970781518072696e-177
UBE2D4	5.803030303030303	1.4705485992125324e-06	0.12210914	1.0
TAC1	6.893939393939394	1.0	0.07708587	1.0
G3BP1	4.833333333333333	9.548106231121443e-83	0.4435746	0.0
RBP2	6.318181818181818	1.0	0.052498784	1.0
NME3	4.9393939393939394	8.666842423299595e-71	0.14904775	1.0
AP3D1	7.7727272727272725	1.0	0.37037224	8.066360748912735e-205
MRFAP1L1	6.106060606060606	0.7203309180246135	0.076365285	1.0
RAP2A	4.045454545454546	3.500482389273137e-188	0.1662912	1.0
HMGB1	3.621212121212121	1.6813079197000762e-251	-0.081271626	1.0
ELAVL4	7.242424242424242	1.0	0.16715261	1.0
TARS	5.621212121212121	2.1281896348445874e-14	0.45704558	0.0
PHF23	6.242424242424242	1.0	0.2982013	1.0331795568859185e-87
UPF3B	6.742424242424242	1.0	0.4282531	1.095540506389896e-309
HDDC3	5.181818181818182	2.3605024707753786e-46	0.10293514	1.0
ATP5H	5.484848484848484	1.988067711542528e-22	0.080485284	1.0
CYTH3	6.196969696969697	1.0	0.33435825	3.9147076407556128e-143
MAFF	5.0606060606060606	4.89685641010256e-58	0.09484925	1.0
GABRA1	4.333333333333333	4.8731389520965527e-147	0.45974925	0.0
PKNOX1	4.878787878787879	1.5453967442950229e-77	0.22472486	3.020424078792868e-12
MGST3	8.727272727272727	1.0	0.114416085	1.0
SIRT7	7.303030303030303	1.0	0.19437215	0.20361724104398576
PTTG1	3.772727272727273	1.1509613505943056e-228	0.1695604	1.0
CETN1	4.590909090909091	1.7383763998462225e-112	0.22993912	2.018448855893338e-15
PTP4A1	4.742424242424242	1.5808109845269243e-93	0.13892458	1.0
PORCN	11.712121212121213	1.0	0.14261436	1.0
RAB5B	4.9393939393939394	8.666842423299595e-71	0.14458345	1.0
RARRES3	4.863636363636363	2.926718135188438e-79	0.19212726	0.4006430153368468
POLR2H	5.787878787878788	4.385663779892977e-07	0.0645345	1.0
SEC23A	6.454545454545454	1.0	0.47738004	0.0
PIPOX	7.242424242424242	1.0	0.20745575	0.00017639032529740616
H1F0	4.636363636363637	1.1170269528111936e-106	0.20704675	0.00023908904344895017
RAP1B	4.318181818181818	3.8075011752609048e-149	0.24612497	1.2528207092544698e-27
SH2D1B	5.651515151515151	7.347178639562884e-13	0.07711815	1.0
TTR	5.2272727272727275	2.9052237252149825e-42	0.105634846	1.0
LLPH	8.742424242424242	1.0	0.083702415	1.0
LSM10	13.242424242424242	1.0	0.054672632	1.0
TNKS1BP1	7.681818181818182	1.0	0.69142485	0.0
ALDOA	15.0	1.0	0.21643391	5.511622600668774e-08
TRAF4	4.5606060606060606	2.0701982173404105e-116	0.40246364	1.3988685239570422e-262
CITED4	4.121212121212121	3.8192567646814513e-177	0.22493859	2.277879434343034e-12
CETN2	5.5	1.8957199282862748e-21	0.14992817	1.0
SOCS2	4.515151515151516	2.2372994385292133e-122	0.3013847	3.135742500930306e-92
CTNNA1	4.0	7.386654389169344e-195	0.43349606	2.85e-319
RNF128	6.181818181818182	1.0	0.19386488	0.24032704678514394
RPL23	6.136363636363637	0.9665881464844287	0.115783796	1.0
PKP2	5.106060606060606	1.5872832289342982e-53	0.6482696	0.0
RGMA	6.03030303030303	0.17626248537921577	0.34977525	5.866342426403334e-169
PRKRIP1	4.5606060606060606	2.0701982173404105e-116	0.19854143	0.03879828326724766
NCALD	4.46969696969697	2.0157488759722106e-128	0.2359247	1.571390772113236e-19
GFRA2	5.924242424242424	0.0033040705224971884	0.16003145	1.0
FADD	3.9393939393939394	8.13036209830832e-204	-0.06913409	1.0
OLR1	4.7727272727272725	6.9489106635318485e-90	0.12594339	1.0
SAP30L	5.4393939393939394	1.6925534327478274e-25	0.12704997	1.0
CBFB	4.515151515151516	2.2372994385292133e-122	0.21827531	7.568913003855784e-09
TIMM17B	15.0	1.0	0.14470738	1.0
ARF5	5.106060606060606	1.5872832289342982e-53	0.19994885	0.01961015686614116
PRDX2	4.803030303030303	2.7367645399029442e-86	0.21011008	2.1431104750592794e-05
ATP5J2	5.318181818181818	1.3394031029632731e-34	0.0500293	1.0
EID2	3.8333333333333335	1.3485832323205122e-219	0.36199424	4.4695882508354007e-190
LRR1	6.045454545454546	0.254656797901843	0.08372756	1.0
VAMP7	6.2272727272727275	1.0	0.120327376	1.0
BHLHA15	4.681818181818182	5.689414961865554e-101	0.23964353	2.524942914879245e-22
PTHLH	5.833333333333333	1.4045368745137865e-05	0.072891645	1.0
CFHR1	11.787878787878787	1.0	0.13471925	1.0
TXNL4B	4.803030303030303	2.7367645399029442e-86	0.16608025	1.0
RASSF7	9.424242424242424	1.0	0.19095826	0.5381455855981798
MICA	15.0	1.0	0.14403948	1.0
BGLAP	8.545454545454545	1.0	0.0982413	1.0
MXD1	4.136363636363637	5.955732217746212e-175	0.17125578	1.0
KIAA1609	5.757575757575758	3.3260698279418764e-08	0.2559283	1.1609602893121044e-36
PDK2	5.863636363636363	0.0001074974518139196	0.19569819	0.1273560914717154
SPG7	5.2272727272727275	2.9052237252149825e-42	0.39866653	1.1298605396145913e-255
POU5F1	3.9242424242424243	4.600422224434154e-206	0.2270569	1.277169976802058e-13
C16orf80	4.363636363636363	7.512830586913155e-143	0.25866315	2.1646865711433855e-39
CSRP2	4.484848484848484	2.1281592221250877e-126	0.21021315	1.9661871098841745e-05
C14orf119	5.9393939393939394	0.006813995721858698	0.09186674	1.0
C9orf9	5.909090909090909	0.0015217723481678817	0.14207676	1.0
KCNJ16	6.575757575757576	1.0	0.26221263	4.622679259940952e-43
CNOT3	5.378787878787879	7.002849665867642e-30	0.52605927	0.0
CYP11A1	6.348484848484849	1.0	0.1482089	1.0
MC4R	15.0	1.0	0.123977065	1.0
INSRR	4.666666666666667	7.336184814303851e-103	0.67310846	0.0
PAFAH1B2	4.924242424242424	1.874969259881809e-72	0.10196867	1.0
C1orf61	4.712121212121212	3.1719869210396293e-97	0.17720312	1.0
NEU1	15.0	1.0	0.152516	1.0
TIMM23	15.0	1.0	0.114090316	1.0
HNRNPH1	4.924242424242424	1.874969259881809e-72	0.41251802	6.391784907049352e-281
ZNF107	4.7272727272727275	2.2662035039882355e-95	0.5808516	0.0
RBBP9	4.378787878787879	9.114755093831552e-141	0.24638566	7.469783725342293e-28
LALBA	5.621212121212121	2.1281896348445874e-14	0.088238835	1.0
CPSF7	4.333333333333333	4.8731389520965527e-147	0.41739982	7.702907730263567e-290
RGS13	6.818181818181818	1.0	0.12720813	1.0
LIN7B	5.045454545454546	1.4229306440703084e-59	0.17715254	1.0
SIGLEC7	4.575757575757576	1.9231756304013163e-114	0.47200328	0.0
EVI5	6.4393939393939394	1.0	0.2776796	1.0953144733087796e-60
MYCN	4.045454545454546	3.500482389273137e-188	0.46022844	0.0
PSMC3IP	3.8636363636363638	4.569907826037505e-215	0.3157935	1.2659067358951906e-113
UBE2M	5.303030303030303	7.887011253946248e-36	0.19141014	0.4829621581186665
ERBB2IP	3.757575757575758	6.114847680928736e-231	0.6615452	0.0
ARL5B	4.166666666666667	1.3774237346063119e-170	0.248091	2.4152615751143228e-29
F9	8.227272727272727	1.0	0.403582	1.2849484826718474e-264
ATP6V0E1	6.53030303030303	1.0	0.07812889	1.0
SLC9A1	3.878787878787879	8.171994366410397e-213	0.6108701	0.0
TIFAB	5.833333333333333	1.4045368745137865e-05	0.082072444	1.0
DDB1	4.7727272727272725	6.9489106635318485e-90	0.586874	0.0
CDH3	4.181818181818182	2.0431422463121415e-168	0.6119999	0.0
KEL	4.9393939393939394	8.666842423299595e-71	0.2626814	1.4768434241071553e-43
NPM3	5.015151515151516	1.0736043812980293e-62	0.21005638	2.2403744704393226e-05
CSNK2A1	3.212121212121212	1.44837610856e-313	-0.17931585	1.0
IL32	8.757575757575758	1.0	0.06805007	1.0
ITPKA	4.303030303030303	2.9329124127824168e-151	0.49556148	0.0
INSR	3.6666666666666665	1.2657727916532822e-244	0.045647852	1.0
GLRX2	15.0	1.0	0.08652577	1.0
FANCA	3.606060606060606	8.821660124325988e-254	0.6290031	0.0
CHMP3	5.409090909090909	1.1965605630142752e-27	0.104260944	1.0
ZBTB12	4.833333333333333	9.548106231121443e-83	0.4368617	0.0
TM4SF1	4.348484848484849	6.158238409806613e-145	0.1564555	1.0
FAM178B	8.242424242424242	1.0	0.10222728	1.0
PDAP1	4.848484848484849	5.380669780436885e-81	0.17650147	1.0
GREM2	7.045454545454546	1.0	0.12208329	1.0
RELT	15.0	1.0	0.19606951	0.11066480323893953
MEIS1	5.045454545454546	1.4229306440703084e-59	0.014284827	1.0
UTP3	4.621212121212121	1.3207905061700894e-108	0.43337962	4.64723e-319
TNFSF4	5.045454545454546	1.4229306440703084e-59	0.23547801	3.309159752403246e-19
SDC4	4.257575757575758	1.225183680326422e-157	0.24675776	3.559808964769758e-28
ZNF398	3.984848484848485	4.290407050829078e-197	0.43802527	0.0
MED4	15.0	1.0	0.108954586	1.0
PACSIN2	5.03030303030303	3.992657506387221e-61	0.46528846	0.0
CD40	4.46969696969697	2.0157488759722106e-128	0.10808531	1.0
KCNA1	5.2727272727272725	2.3924807267209796e-38	0.45644885	0.0
ISG15	5.863636363636363	0.0001074974518139196	0.070635766	1.0
STAT6	3.6666666666666665	1.2657727916532822e-244	0.5878125	0.0
SSTR1	9.333333333333334	1.0	0.1468223	1.0
ILK	3.8484848484848486	2.5229778063339486e-217	0.3313205	3.561534112721609e-138
GSTO1	4.393939393939394	1.0948844848673155e-138	0.28488123	9.846900234284656e-70
AGRP	15.0	1.0	0.059896532	1.0
GTF2F1	3.9696969696969697	2.4674890859968454e-199	0.44795206	0.0
ATG12	7.909090909090909	1.0	0.060552463	1.0
SRF	3.696969696969697	4.6359708472492094e-240	-0.044096492	1.0
CYBA	4.484848484848484	2.1281592221250877e-126	0.19657975	0.09055596092683915
SLC12A4	5.075757575757576	1.6271107072498622e-56	0.5306147	0.0
SNAPIN	7.5	1.0	0.049257286	1.0
RBMXL2	5.681818181818182	2.0488697101334917e-11	0.19740804	0.06426781188580989
EDN2	5.7727272727272725	1.240247868738064e-07	0.058546465	1.0
METTL17	5.075757575757576	1.6271107072498622e-56	0.40596017	5.944908078224707e-269
GRM3	4.606060606060606	1.5330310558122995e-110	0.63064504	0.0
NR1H4	3.9545454545454546	1.4292587375731596e-201	0.5094756	0.0
FSHB	8.045454545454545	1.0	0.069777235	1.0
CCR9	10.151515151515152	1.0	0.15970449	1.0
POP5	15.0	1.0	0.120433316	1.0
C3AR1	10.151515151515152	1.0	0.45769617	0.0
ITFG2	4.96969696969697	1.6768237566517874e-67	0.40248176	1.2970541825438927e-262
MALT1	4.46969696969697	2.0157488759722106e-128	0.6167168	0.0
PTPN1	3.484848484848485	3.5900297766434764e-272	0.22798333	3.465686378688126e-14
SLPI	7.863636363636363	1.0	0.102689266	1.0
CRADD	4.333333333333333	4.8731389520965527e-147	0.23210305	7.517682779549636e-17
ARPC3	5.151515151515151	3.59408870467608e-49	0.068700895	1.0
EIF1AD	4.575757575757576	1.9231756304013163e-114	0.20487864	0.001094032410740207
ARL3	5.015151515151516	1.0736043812980293e-62	0.16167848	1.0
CCT7	4.393939393939394	1.0948844848673155e-138	0.47165465	0.0
CDK18	5.454545454545454	1.875469319795333e-24	0.4239701	7.443275576567025e-302
FGG	7.318181818181818	1.0	0.36741075	1.3786423814260772e-199
ANG	6.878787878787879	1.0	0.043685477	1.0
AVPR1A	6.484848484848484	1.0	0.21932401	2.3267832214471057e-09
NLRP1	4.5	2.201714823989054e-124	0.68795276	0.0
SSFA2	5.333333333333333	2.1706753254292354e-33	0.6307493	0.0
CST7	7.863636363636363	1.0	0.105882384	1.0
SERTAD3	4.242424242424242	8.837767506374353e-160	0.27009836	1.0007149241206442e-51
SH3GLB2	6.0606060606060606	0.35240497543927884	0.21910894	2.9723541479520555e-09
GRIN1	3.878787878787879	8.171994366410397e-213	0.14254253	1.0
NOC4L	5.46969696969697	1.979659785672327e-23	0.4490497	0.0
ARPC1B	6.151515151515151	1.0	0.191792	0.43791732957589263
RAB13	4.045454545454546	3.500482389273137e-188	0.27946714	6.944264237970302e-63
EFNA4	5.242424242424242	6.099209833098505e-41	0.19905291	0.030486859389840238
RPS7	5.575757575757576	7.098220602553354e-17	0.19638237	0.09794595249438448
BCL2L2	4.5	2.201714823989054e-124	0.14556989	1.0
ATXN7L2	5.833333333333333	1.4045368745137865e-05	0.2831865	1.4712722455219309e-67
MYOT	4.863636363636363	2.926718135188438e-79	0.47721872	0.0
SEMA3A	7.106060606060606	1.0	0.5449513	0.0
RPL29	4.515151515151516	2.2372994385292133e-122	0.17195697	1.0
PTTG1IP	4.7727272727272725	6.9489106635318485e-90	0.080523476	1.0
TDGF1	5.2727272727272725	2.3924807267209796e-38	0.116477676	1.0
AGR3	7.696969696969697	1.0	0.100164	1.0
RPL21	6.0606060606060606	0.35240497543927884	0.06888882	1.0
RHOC	4.787878787878788	4.431250677636168e-88	0.20529763	0.0008245165300554465
NDUFB10	8.045454545454545	1.0	0.057280608	1.0
AXL	4.196969696969697	2.9882021010514624e-166	0.48746705	0.0
CENPBD1	6.348484848484849	1.0	0.14044175	1.0
ASCL2	4.818181818181818	1.6425866582786677e-84	0.21919751	2.688265007824977e-09
ABCC9	15.0	1.0	0.52609676	0.0
ARHGAP17	4.090909090909091	1.5223184067744789e-181	0.5887172	0.0
ZNF580	5.984848484848484	0.04362517966007074	0.14836892	1.0
PTRH2	5.5606060606060606	9.57038049901898e-18	0.07488611	1.0
CAMK2D	4.46969696969697	2.0157488759722106e-128	0.40799838	1.1410598836518435e-272
RASSF1	4.090909090909091	1.5223184067744789e-181	0.19567712	0.12827747930967145
VWF	6.424242424242424	1.0	0.6813163	0.0
FBXL3	5.863636363636363	0.0001074974518139196	0.27327067	2.1069168589550843e-55
ZNF193	8.242424242424242	1.0	0.20067954	0.013430299146196058
FGF18	5.242424242424242	6.099209833098505e-41	0.15941685	1.0
EHMT2	5.333333333333333	2.1706753254292354e-33	0.39480844	1.1323290728587899e-248
BAG2	4.287878787878788	2.2087249048920608e-153	0.23845945	2.0481949699130417e-21
AP5Z1	5.4393939393939394	1.6925534327478274e-25	0.5375631	0.0
CCR6	15.0	1.0	0.05309136	1.0
CERS2	6.848484848484849	1.0	0.11088562	1.0
MNS1	5.242424242424242	6.099209833098505e-41	0.3545471	3.813714799108629e-177
MOCS3	6.5606060606060606	1.0	0.22990468	2.1240154764042475e-15
CCDC85B	4.5	2.201714823989054e-124	-0.22973487	1.0
TSPAN4	5.636363636363637	1.2851410704542627e-13	0.10858751	1.0
TAGLN	4.318181818181818	3.8075011752609048e-149	0.26432824	2.5581461734141338e-45
CDK2AP2	5.606060606060606	3.3531991138491256e-15	0.06386955	1.0
MTHFS	6.015151515151516	0.11603843419891441	0.12651378	1.0
RPL12	5.5606060606060606	9.57038049901898e-18	0.14440131	1.0
IMP3	15.0	1.0	0.0521074	1.0
TOM1L2	5.106060606060606	1.5872832289342982e-53	0.41219643	2.4698030769621336e-280
POGZ	4.424242424242424	1.483232711503633e-134	0.6687276	0.0
TPD52L1	8.303030303030303	1.0	0.047976248	1.0
TESC	4.818181818181818	1.6425866582786677e-84	0.13057524	1.0
GIT2	3.9545454545454546	1.4292587375731596e-201	0.5030086	0.0
LIF	5.090909090909091	5.1713704161927095e-55	0.2031052	0.0033855566467987253
JTB	5.7272727272727275	2.031818790138371e-09	0.10028536	1.0
NPY1R	15.0	1.0	0.1401219	1.0
CSF3	5.4393939393939394	1.6925534327478274e-25	0.2023326	0.00536418159267322
GPX1	4.484848484848484	2.1281592221250877e-126	0.23953591	3.057560862428906e-22
PLA2G15	5.287878787878788	4.435475492969264e-37	0.24157193	7.615148015904151e-24
POLR2G	5.090909090909091	5.1713704161927095e-55	0.16811247	1.0
GDF5	6.0	0.07311233693762956	0.3963387	1.9005891790847913e-251
GP1BB	4.287878787878788	2.2087249048920608e-153	0.22984335	2.326176999980189e-15
GABARAP	6.621212121212121	1.0	0.023401665	1.0
MLC1	5.318181818181818	1.3394031029632731e-34	0.15951598	1.0
SRY	3.909090909090909	2.64348710704926e-208	0.2473085	1.1806842635854675e-28
TAF10	4.53030303030303	2.2306482421952033e-120	0.06386435	1.0
TNFAIP8L1	5.424242424242424	1.4589219929881028e-26	0.14328243	1.0
MKNK2	3.727272727272727	1.706218311485279e-235	0.5012149	0.0
MEAF6	5.2272727272727275	2.9052237252149825e-42	0.260917	1.0494069135883259e-41
BRD2	4.590909090909091	1.7383763998462225e-112	0.5706793	0.0
CD59	6.393939393939394	1.0	0.054458786	1.0
CLSPN	4.121212121212121	3.8192567646814513e-177	0.7032283	0.0
SYT1	5.53030303030303	1.4921710187680277e-19	0.24375615	1.258000419792444e-25
CNBP	5.424242424242424	1.4589219929881028e-26	0.097975425	1.0
ZMYND10	6.015151515151516	0.11603843419891441	0.27791986	5.572885289212197e-61
RAC2	4.651515151515151	9.179932486875994e-105	0.117623575	1.0
ZNF593	5.954545454545454	0.013318735761905466	0.08480098	1.0
MC5R	15.0	1.0	0.14629106	1.0
ARHGDIA	4.378787878787879	9.114755093831552e-141	0.25892842	1.1640066756917543e-39
FUNDC2	5.121212121212121	4.676730757762688e-52	0.18118468	1.0
HNRNPUL1	3.9545454545454546	1.4292587375731596e-201	0.6433675	0.0
ING1	3.590909090909091	4.490108049188853e-256	0.12332188	1.0
RGS16	6.0	0.07311233693762956	0.16623162	1.0
GRB10	3.5606060606060606	1.0767191768626267e-260	0.32499212	5.309283418663585e-128
SCTR	9.833333333333334	1.0	0.2409073	2.5815491233988247e-23
PNOC	9.742424242424242	1.0	0.043089088	1.0
AGPAT6	6.196969696969697	1.0	0.33432722	4.400065515851219e-143
EDARADD	5.96969696969697	0.024729877173714734	0.091713116	1.0
RGL4	4.848484848484849	5.380669780436885e-81	0.44662383	0.0
TEX37	5.166666666666667	9.397055613032697e-48	0.17320573	1.0
SCOC	5.4393939393939394	1.6925534327478274e-25	0.10888185	1.0
BNIP3	4.681818181818182	5.689414961865554e-101	0.19340749	0.27695905960493633
FERD3L	5.045454545454546	1.4229306440703084e-59	0.17466444	1.0
ZNF295	4.363636363636363	7.512830586913155e-143	0.6609843	0.0
C10orf82	5.924242424242424	0.0033040705224971884	0.11586434	1.0
CCDC91	5.7727272727272725	1.240247868738064e-07	0.38146257	1.3651886202145524e-224
CHST4	5.378787878787879	7.002849665867642e-30	0.16708283	1.0
FBXO15	5.863636363636363	0.0001074974518139196	0.27340245	1.475265672714682e-55
DRAP1	4.393939393939394	1.0948844848673155e-138	0.16964367	1.0
IL36RN	7.863636363636363	1.0	0.04780834	1.0
GCOM1	5.090909090909091	5.1713704161927095e-55	0.11664814	1.0
CHMP7	4.848484848484849	5.380669780436885e-81	0.32722273	1.4575667442741377e-131
STIL	4.409090909090909	1.2861037409784286e-136	0.65081877	0.0
RNASEL	15.0	1.0	0.24394639	8.745487240168683e-26
ATG7	7.7384615384615385	1.0	0.21544161	1.535490478572482e-07
POLR2E	5.090909090909091	5.1713704161927095e-55	0.06926355	1.0
MAGEH1	4.2727272727272725	1.6441818492106707e-155	0.21136981	7.26177001809372e-06
FBXO2	15.0	1.0	0.12755397	1.0
PMF1	4.5606060606060606	2.0701982173404105e-116	0.2244993	4.062902628053927e-12
KRT16	5.666666666666667	3.978664970448861e-12	0.22545832	1.1375389483568736e-12
MYL12A	5.242424242424242	6.099209833098505e-41	0.1728444	1.0
CTAG1B	15.0	1.0	0.08662221	1.0
FOXO4	3.4242424242424243	2.2487550267309993e-281	0.51215816	0.0
SOCS1	4.151515151515151	9.15888580977784e-173	-0.0062192325	1.0
CSN3	4.484848484848484	2.1281592221250877e-126	0.10489728	1.0
ANGPTL3	5.484848484848484	1.988067711542528e-22	0.47017956	0.0
KAT6A	4.363636363636363	7.512830586913155e-143	0.70249236	0.0
VEGFB	5.287878787878788	4.435475492969264e-37	0.32090256	1.518880969779554e-121
LPP	6.045454545454546	0.254656797901843	0.20842113	8.415719029369026e-05
FHL3	4.636363636363637	1.1170269528111936e-106	0.07826478	1.0
PI4K2A	7.696969696969697	1.0	0.14238203	1.0
TRPV4	4.2727272727272725	1.6441818492106707e-155	0.61426693	0.0
NDUFB8	4.878787878787879	1.5453967442950229e-77	0.09728466	1.0
CHRDL2	6.954545454545454	1.0	0.2534652	2.788092153875251e-34
DNMT3A	4.106060606060606	2.4294474174401478e-179	0.5173116	0.0
RGS7	6.075757575757576	0.4654418176526208	0.4152845	5.657362936021298e-286
NCAM2	5.666666666666667	3.978664970448861e-12	0.35343006	3.2023918033923735e-175
MAGOH	6.151515151515151	1.0	0.07010017	1.0
LYPD3	8.242424242424242	1.0	0.14160809	1.0
IP6K1	7.2272727272727275	1.0	0.2694316	5.742362458137379e-51
PRPS1	6.878787878787879	1.0	0.15462925	1.0
SCIN	5.136363636363637	1.329601873108839e-50	0.38257578	1.373199966335236e-226
C16orf70	5.954545454545454	0.013318735761905466	0.18080689	1.0
CGA	7.045454545454546	1.0	0.031172033	1.0
NRXN1	5.636363636363637	1.2851410704542627e-13	0.49149784	0.0
FTH1	5.212121212121212	1.3139036660141977e-43	0.18418775	1.0
PI4K2B	5.181818181818182	2.3605024707753786e-46	0.3970786	8.638950817213115e-253
TRIM21	5.2272727272727275	2.9052237252149825e-42	0.21951272	1.8747594699246345e-09
MRGPRX2	11.333333333333334	1.0	0.14170913	1.0
ZNF581	4.96969696969697	1.6768237566517874e-67	0.2195759	1.7435058388550573e-09
SLC50A1	10.333333333333334	1.0	0.11580955	1.0
PLCD4	6.181818181818182	1.0	0.38931087	1.0088096729591701e-238
CD3D	5.5	1.8957199282862748e-21	0.066722445	1.0
UQCRB	5.696969696969697	9.995055185491281e-11	0.07620364	1.0
TUBGCP3	5.075757575757576	1.6271107072498622e-56	0.60887766	0.0
CABP1	5.363636363636363	4.9677529912471725e-31	0.2063154	0.0004062095617418494
ASF1A	5.242424242424242	6.099209833098505e-41	0.038440462	1.0
RUSC1	4.833333333333333	9.548106231121443e-83	0.35603088	1.0467868348669482e-179
RAD51C	6.863636363636363	1.0	0.07569114	1.0
RPL26	15.0	1.0	0.08121817	1.0
CST3	7.545454545454546	1.0	0.103764445	1.0
IGJ	5.651515151515151	7.347178639562884e-13	0.11439206	1.0
LCN2	7.515151515151516	1.0	0.20962082	3.214147988327562e-05
SYT17	5.303030303030303	7.887011253946248e-36	0.4297905	1.694334827193e-312
FKBP3	3.9393939393939394	8.13036209830832e-204	0.3318946	4.1468560996348895e-139
CLTA	4.0606060606060606	5.7613808878307085e-186	0.20247182	0.004944573426342056
RALA	4.909090909090909	3.9245179205093584e-74	0.1666411	1.0
AFG3L2	6.863636363636363	1.0	0.33443794	2.898675453638674e-143
AEBP2	5.166666666666667	9.397055613032697e-48	0.34059957	1.8343900347787672e-153
SEMA4G	5.348484848484849	3.361814908486116e-32	0.5486755	0.0
TCAP	4.666666666666667	7.336184814303851e-103	0.1330777	1.0
BMP8B	7.075757575757576	1.0	0.21900997	3.3255412349638298e-09
MEIS3	5.545454545454546	1.2242493613827866e-18	0.20138824	0.0091692464771662
RHOJ	3.6666666666666665	1.2657727916532822e-244	0.27264813	1.1317516905257287e-54
RIMS1	6.348484848484849	1.0	0.45265526	0.0
SEPT8	4.984848484848484	6.973868836232615e-66	0.21653484	4.958832550539792e-08
CSRP1	5.151515151515151	3.59408870467608e-49	0.17135544	1.0
UQCRC2	6.803030303030303	1.0	0.29235134	1.258336320569683e-79
SPRR3	11.030303030303031	1.0	0.12021156	1.0
PPIL3	6.5	1.0	0.064561844	1.0
DRD5	5.2727272727272725	2.3924807267209796e-38	0.3620018	4.337125028979525e-190
VSNL1	6.075757575757576	0.4654418176526208	0.06280917	1.0
MPP6	6.015151515151516	0.11603843419891441	0.24713221	1.6831093490200223e-28
RAB30	4.545454545454546	2.1705639517453993e-118	0.22574694	7.72106369076714e-13
GPBP1	4.2727272727272725	1.6441818492106707e-155	0.43653446	0.0
TRIM11	4.803030303030303	2.7367645399029442e-86	0.4097965	5.955821842071665e-276
PAX3	4.590909090909091	1.7383763998462225e-112	0.43201527	1.4484286e-316
PFDN2	5.242424242424242	6.099209833098505e-41	0.07242282	1.0
CLIC5	4.454545454545454	1.8518644066753443e-130	0.25051737	1.575818439044104e-31
CAMKK1	3.8333333333333335	1.3485832323205122e-219	0.45802796	0.0
ARMC7	5.96969696969697	0.024729877173714734	0.083095714	1.0
OTC	6.651515151515151	1.0	0.13157214	1.0
IFNG	5.409090909090909	1.1965605630142752e-27	0.10536048	1.0
FGF9	5.242424242424242	6.099209833098505e-41	0.15696263	1.0
CTF1	5.090909090909091	5.1713704161927095e-55	0.2031052	0.0033855566467987253
RCVRN	4.545454545454546	2.1705639517453993e-118	0.21006404	2.226578088894539e-05
PRIMA1	15.0	1.0	0.08231843	1.0
PPP1R1A	5.0606060606060606	4.89685641010256e-58	0.0872283	1.0
TSEN2	15.0	1.0	0.116413794	1.0
GOSR2	5.954545454545454	0.013318735761905466	0.16832829	1.0
RABIF	6.545454545454546	1.0	0.060624752	1.0
ADAM9	5.484848484848484	1.988067711542528e-22	0.570119	0.0
AKIRIN2	5.393939393939394	9.413594363001394e-29	0.20196114	0.006641468056200558
DYNLT1	6.984848484848484	1.0	0.044341706	1.0
UCN2	15.0	1.0	0.061289325	1.0
APH1A	4.742424242424242	1.5808109845269243e-93	0.17301275	1.0
YAF2	4.7272727272727275	2.2662035039882355e-95	0.16231936	1.0
PSMA5	5.166666666666667	9.397055613032697e-48	0.1707649	1.0
ASIP	15.0	1.0	0.03776276	1.0
FGF8	5.242424242424242	6.099209833098505e-41	0.15941685	1.0
TSNAXIP1	7.03030303030303	1.0	0.15006085	1.0
GSTM4	3.878787878787879	8.171994366410397e-213	0.25549763	3.063285949890055e-36
RPS18	5.46969696969697	1.979659785672327e-23	0.084307015	1.0
DUSP10	4.03030303030303	2.1087738388507592e-190	0.48843163	0.0
TMEM216	15.0	1.0	0.087450296	1.0
FAM82A2	4.212121212121212	4.33582970150717e-164	0.4727185	0.0
AFAP1L2	4.287878787878788	2.2087249048920608e-153	0.5963124	0.0
GMFG	8.212121212121213	1.0	0.091319546	1.0
SNX22	5.424242424242424	1.4589219929881028e-26	0.14151733	1.0
RNASE6	6.7727272727272725	1.0	0.081183426	1.0
OSTF1	4.9393939393939394	8.666842423299595e-71	0.2399989	1.335930830323048e-22
DHFR	5.287878787878788	4.435475492969264e-37	0.07147697	1.0
PPP3CA	4.212121212121212	4.33582970150717e-164	0.23364952	6.530007519215533e-18
NCR3	5.409090909090909	1.1965605630142752e-27	0.11966765	1.0
NTSR1	5.984848484848484	0.04362517966007074	0.20737839	0.00018692100912626647
ANXA7	4.257575757575758	1.225183680326422e-157	0.44360733	0.0
BHLHE41	4.606060606060606	1.5330310558122995e-110	0.4077841	2.807177215267312e-272
GADD45GIP1	4.136363636363637	5.955732217746212e-175	0.23020571	1.356745093172251e-15
CD5L	6.4393939393939394	1.0	0.15275817	1.0
CHN2	4.2272727272727275	6.257190620228874e-162	0.4612231	0.0
CIB1	4.454545454545454	1.8518644066753443e-130	0.0729512	1.0
HCLS1	4.666666666666667	7.336184814303851e-103	0.47691524	0.0
ZFAND6	4.424242424242424	1.483232711503633e-134	0.24963154	1.0086124281885734e-30
SLC9A3	5.863636363636363	0.0001074974518139196	0.5779831	0.0
COL8A2	15.0	1.0	0.24175279	5.449540475265146e-24
DPM1	15.0	1.0	0.116359614	1.0
AES	4.5606060606060606	2.0701982173404105e-116	0.075730994	1.0
KIF15	4.333333333333333	4.8731389520965527e-147	0.70578384	0.0
FOXN3	7.2272727272727275	1.0	0.26151207	2.512853032915926e-42
FAM13C	5.5	1.8957199282862748e-21	0.41046467	3.587279314989795e-277
DEFA1	15.0	1.0	0.039464798	1.0
MED19	6.454545454545454	1.0	0.050725162	1.0
SCAMP2	7.5	1.0	0.14994246	1.0
SIRPB1	15.0	1.0	0.15315844	1.0
C19orf60	5.4393939393939394	1.6925534327478274e-25	0.19586432	0.11965583486986806
MED30	6.454545454545454	1.0	0.1295032	1.0
IFNGR1	4.46969696969697	2.0157488759722106e-128	0.4858607	0.0
VLDLR	5.151515151515151	3.59408870467608e-49	0.6351661	0.0
PGRMC1	5.515151515151516	1.7246853142774622e-20	0.20220806	0.005767711638702701
PISD	15.0	1.0	0.14277253	1.0
ASH2L	4.484848484848484	2.1281592221250877e-126	0.4689691	0.0
USP40	5.4393939393939394	1.6925534327478274e-25	0.6394322	0.0
SLC7A8	15.0	1.0	0.15812944	1.0
HBA2	15.0	1.0	0.035478868	1.0
MYL3	4.348484848484849	6.158238409806613e-145	0.23194477	9.612663435887087e-17
HIST1H2BN	6.7272727272727275	1.0	0.063234836	1.0
SUPV3L1	4.954545454545454	3.884182853552079e-69	0.42104942	1.6288877129386138e-296
SSPN	15.0	1.0	0.062122677	1.0
FGF4	5.242424242424242	6.099209833098505e-41	0.15365317	1.0
PSMC1	5.545454545454546	1.2242493613827866e-18	0.16795698	1.0
THAP1	4.621212121212121	1.3207905061700894e-108	0.1492101	1.0
CIB2	4.696969696969697	4.296316092130633e-99	0.18880965	0.8464732043179151
MYOG	4.2727272727272725	1.6441818492106707e-155	0.17853785	1.0
KCNN4	15.0	1.0	0.16420574	1.0
RILP	4.863636363636363	2.926718135188438e-79	0.17707902	1.0
GPHN	4.909090909090909	3.9245179205093584e-74	0.41732657	1.048370300254758e-289
IGF1	6.53030303030303	1.0	0.04221405	1.0
HAND1	4.363636363636363	7.512830586913155e-143	0.19239385	0.3724281146117424
HAND2	4.121212121212121	3.8192567646814513e-177	0.15202646	1.0
TRIM3	4.484848484848484	2.1281592221250877e-126	0.59106743	0.0
RPL24	7.878787878787879	1.0	0.08570641	1.0
CLEC4A	5.015151515151516	1.0736043812980293e-62	0.22804281	3.1852788791212513e-14
GLTSCR2	5.090909090909091	5.1713704161927095e-55	0.3698157	7.787544382649653e-204
RAB6A	6.2727272727272725	1.0	0.011532128	1.0
COPZ1	7.742424242424242	1.0	0.08827822	1.0
CCHCR1	5.424242424242424	1.4589219929881028e-26	0.38793743	3.046225346274413e-236
HINFP	4.863636363636363	2.926718135188438e-79	0.44069162	0.0
IGSF1	5.333333333333333	2.1706753254292354e-33	0.6985775	0.0
ARL14	4.787878787878788	4.431250677636168e-88	0.20902602	5.207972953482367e-05
ZMYND11	3.787878787878788	2.115340487863969e-226	0.46447724	0.0
NPFF	15.0	1.0	0.048574902	1.0
INPP5D	4.46969696969697	2.0157488759722106e-128	0.009130508	1.0
IQCB1	5.409090909090909	1.1965605630142752e-27	0.24932078	1.92539918923053e-30
HMGB2	3.9242424242424243	4.600422224434154e-206	0.20753016	0.00016679386568046998
TPRKB	4.954545454545454	3.884182853552079e-69	0.0536553	1.0
YWHAZ	3.393939393939394	5.532868029307353e-286	-0.1739789	1.0
WWP2	4.803030303030303	2.7367645399029442e-86	0.6121648	0.0
RAB5C	6.136363636363637	0.9665881464844287	0.07640188	1.0
SAR1A	5.151515151515151	3.59408870467608e-49	0.21296065	1.7206074746973977e-06
HIST1H2AB	7.575757575757576	1.0	0.06632868	1.0
C19orf43	5.742424242424242	8.455253740774733e-09	0.07352875	1.0
ORM1	6.96969696969697	1.0	0.1057381	1.0
UBE2G1	5.378787878787879	7.002849665867642e-30	0.12723632	1.0
TLR4	5.03030303030303	3.992657506387221e-61	0.50352395	0.0
NUP62CL	4.954545454545454	3.884182853552079e-69	0.10285513	1.0
DCTN2	5.257575757575758	1.2355595419735018e-39	0.16011399	1.0
RASD2	3.8181818181818183	7.38036129473198e-222	0.33225197	1.0853302445357083e-139
PYGM	6.2272727272727275	1.0	0.3286618	7.112103792227526e-134
GREM1	7.045454545454546	1.0	0.09152423	1.0
PWP1	4.787878787878788	4.431250677636168e-88	0.4047703	8.778713225339505e-267
CCL25	9.151515151515152	1.0	0.086147964	1.0
SPINK1	15.0	1.0	0.053810764	1.0
NDRG1	4.712121212121212	3.1719869210396293e-97	-0.008910644	1.0
UBB	3.484848484848485	3.5900297766434764e-272	-0.08517447	1.0
RPP25	15.0	1.0	0.095672406	1.0
EDNRB	5.454545454545454	1.875469319795333e-24	0.32589966	1.9024191970816292e-129
ARL4C	5.409090909090909	1.1965605630142752e-27	0.20197444	0.006594233307440993
GPRC5C	7.742424242424242	1.0	0.20354466	0.0025828902593887683
CCDC112	5.46969696969697	1.979659785672327e-23	0.32557225	6.33131529556144e-129
CLEC3B	6.742424242424242	1.0	0.17985064	1.0
GABARAPL2	5.96969696969697	0.024729877173714734	0.03459275	1.0
CORO2A	4.636363636363637	1.1170269528111936e-106	0.43822646	0.0
COG7	15.0	1.0	0.3112623	9.724479751318063e-107
TIRAP	5.0	2.784639304065503e-64	0.17911573	1.0
HESX1	4.7272727272727275	2.2662035039882355e-95	0.14911394	1.0
MBD6	5.878787878787879	0.00027450830962018466	0.32296076	8.778200952079246e-125
ELP2	4.212121212121212	4.33582970150717e-164	0.6325257	0.0
UCHL1	3.8636363636363638	4.569907826037505e-215	0.25181416	9.996626920651136e-33
PARP1	3.772727272727273	1.1509613505943056e-228	0.12969024	1.0
APBB3	4.7272727272727275	2.2662035039882355e-95	0.402779	3.728453331546133e-263
ZG16B	5.409090909090909	1.1965605630142752e-27	0.19690548	0.07931397125140818
ARL15	4.7727272727272725	6.9489106635318485e-90	0.17832235	1.0
FAM173A	4.212121212121212	4.33582970150717e-164	0.19645734	0.09510413355161486
RPL13	6.242424242424242	1.0	0.12102829	1.0
FGF17	5.242424242424242	6.099209833098505e-41	0.15185308	1.0
TMED2	4.924242424242424	1.874969259881809e-72	0.12133346	1.0
RAB25	4.454545454545454	1.8518644066753443e-130	0.15842998	1.0
BAK1	4.621212121212121	1.3207905061700894e-108	0.13630126	1.0
PDK1	6.863636363636363	1.0	0.24087979	2.7139455599779183e-23
DEFA3	15.0	1.0	0.039464798	1.0
MEP1B	6.9393939393939394	1.0	0.26551065	1.3325313775770395e-46
SORBS2	4.136363636363637	5.955732217746212e-175	0.5481823	0.0
CBX2	5.393939393939394	9.413594363001394e-29	0.22179267	1.254192767462584e-10
MGMT	3.6818181818181817	2.3853005820836463e-242	0.34919745	5.678189116339036e-168
KRT7	5.575757575757576	7.098220602553354e-17	0.13600008	1.0
DNAJC5	6.2272727272727275	1.0	0.1284391	1.0
TNFRSF13C	5.545454545454546	1.2242493613827866e-18	0.14963184	1.0
PAFAH1B3	3.8484848484848486	2.5229778063339486e-217	-0.01411893	1.0
SSX4	4.621212121212121	1.3207905061700894e-108	0.17500253	1.0
MMP20	8.590909090909092	1.0	0.3156976	1.774943190449769e-113
GLP1R	5.803030303030303	1.4705485992125324e-06	0.2398727	1.6756310800470475e-22
IQCG	6.212121212121212	1.0	0.22582005	6.994315617445738e-13
IFNA2	5.03030303030303	3.992657506387221e-61	0.19594873	0.11592815735566328
CDC7	4.5606060606060606	2.0701982173404105e-116	0.34316248	9.371558549054228e-158
CD200	15.0	1.0	0.09668696	1.0
F7	8.712121212121213	1.0	0.2925678	6.394371083689887e-80
NCS1	5.136363636363637	1.329601873108839e-50	0.118568435	1.0
EXOSC4	6.2272727272727275	1.0	-0.036799416	1.0
BLOC1S6	6.5	1.0	0.032306172	1.0
COPA	5.409090909090909	1.1965605630142752e-27	0.5294222	0.0
NKD2	5.954545454545454	0.013318735761905466	0.17358273	1.0
DLX4	7.303030303030303	1.0	0.07836207	1.0
SIKE1	5.121212121212121	4.676730757762688e-52	0.20988822	2.5770666394075076e-05
AP1G2	6.318181818181818	1.0	0.48176616	0.0
HSPB7	4.848484848484849	5.380669780436885e-81	0.08140119	1.0
RAB27A	5.121212121212121	4.676730757762688e-52	0.039402816	1.0
CCDC50	4.803030303030303	2.7367645399029442e-86	0.3980216	1.676146755830115e-254
PDGFA	5.696969696969697	9.995055185491281e-11	0.18240637	1.0
OIP5	4.378787878787879	9.114755093831552e-141	0.2407957	3.16187394333613e-23
MCC	5.0606060606060606	4.89685641010256e-58	0.5053384	0.0
EFNA5	5.106060606060606	1.5872832289342982e-53	0.18668686	1.0
CLDN1	6.0	0.07311233693762956	0.17941424	1.0
KLF11	3.742424242424242	3.2359242627538247e-233	0.49497002	0.0
RIT2	4.212121212121212	4.33582970150717e-164	0.20805338	0.0001119661828592706
SFTPD	10.651515151515152	1.0	0.14859477	1.0
PARD3	3.9242424242424243	4.600422224434154e-206	0.3950196	4.69095880662652e-249
AVP	6.5606060606060606	1.0	0.03175681	1.0
PRDX6	4.666666666666667	7.336184814303851e-103	0.2131316	1.466988576655446e-06
NACA	4.696969696969697	4.296316092130633e-99	0.21911383	2.956639962238159e-09
GFER	4.363636363636363	7.512830586913155e-143	0.19848725	0.03977697731275994
PDCD6IP	5.166666666666667	9.397055613032697e-48	0.59722346	0.0
POLE2	4.363636363636363	7.512830586913155e-143	0.46109322	0.0
FAM96B	7.242424242424242	1.0	0.058157727	1.0
FGF12	5.090909090909091	5.1713704161927095e-55	0.12499262	1.0
KPNA1	4.46969696969697	2.0157488759722106e-128	0.45967358	0.0
PYGB	5.151515151515151	3.59408870467608e-49	0.55447495	0.0
TM2D1	5.545454545454546	1.2242493613827866e-18	0.14118302	1.0
C10orf10	5.409090909090909	1.1965605630142752e-27	0.23148894	1.9419960990547257e-16
ERO1L	8.712121212121213	1.0	0.15244241	1.0
ACVR2A	5.7727272727272725	1.240247868738064e-07	0.36120045	1.0893440693037447e-188
CDH19	15.0	1.0	0.47017556	0.0
NAA38	6.878787878787879	1.0	0.02337811	1.0
ACVR2B	5.378787878787879	7.002849665867642e-30	0.25983632	1.3731665767011025e-40
PHKB	5.287878787878788	4.435475492969264e-37	0.43532512	1.3e-322
POLE3	5.363636363636363	4.9677529912471725e-31	0.052006338	1.0
BTF3	4.287878787878788	2.2087249048920608e-153	0.18655121	1.0
MXI1	4.181818181818182	2.0431422463121415e-168	0.21887194	3.886541089619173e-09
BLOC1S1	7.5	1.0	0.050489876	1.0
UBE2E3	4.606060606060606	1.5330310558122995e-110	0.08136247	1.0
CCDC53	5.212121212121212	1.3139036660141977e-43	0.10651741	1.0
GSC2	4.954545454545454	3.884182853552079e-69	0.07436408	1.0
ABCD3	10.166666666666666	1.0	0.5086274	0.0
EFNA2	5.257575757575758	1.2355595419735018e-39	0.18756217	1.0
TELO2	4.484848484848484	2.1281592221250877e-126	0.5679443	0.0
DAO	6.636363636363637	1.0	0.11937854	1.0
PMS2	6.090909090909091	0.5901931783435886	0.4429912	0.0
KPNA2	3.6818181818181817	2.3853005820836463e-242	0.069140986	1.0
TPI1	15.0	1.0	0.12955795	1.0
EHBP1	6.090909090909091	0.5901931783435886	0.54767716	0.0
TICAM2	4.651515151515151	9.179932486875994e-105	0.06624323	1.0
XCR1	15.0	1.0	0.07663678	1.0
RPL13A	6.045454545454546	0.254656797901843	0.1113446	1.0
RNF5	5.575757575757576	7.098220602553354e-17	0.09964786	1.0
MXD3	4.848484848484849	5.380669780436885e-81	0.16494533	1.0
CAV3	6.136363636363637	0.9665881464844287	0.06278093	1.0
HYAL2	4.651515151515151	9.179932486875994e-105	0.3413049	1.2170171221065816e-154
HSPBAP1	5.121212121212121	4.676730757762688e-52	0.3730966	1.1842704112645293e-209
C20orf20	4.363636363636363	7.512830586913155e-143	0.15723635	1.0
LTF	10.045454545454545	1.0	0.19931093	0.026917920682105693
CSNK2B	3.3181818181818183	1.932245318554673e-297	-0.0937202	1.0
SMARCD1	3.787878787878788	2.115340487863969e-226	0.50199187	0.0
CNOT2	5.454545454545454	1.875469319795333e-24	0.32844976	1.560333413957461e-133
JPH2	7.136363636363637	1.0	0.059568428	1.0
ZMYM6	4.651515151515151	9.179932486875994e-105	0.6537507	0.0
PSMC6	5.954545454545454	0.013318735761905466	0.14120054	1.0
CIT	4.621212121212121	1.3207905061700894e-108	0.6968584	0.0
ARL4A	4.681818181818182	5.689414961865554e-101	0.15500854	1.0
CYB5A	15.0	1.0	0.048743878	1.0
HPCA	5.121212121212121	4.676730757762688e-52	0.19421658	0.2143114271699799
PLIN2	5.9393939393939394	0.006813995721858698	0.21367404	8.773165115370522e-07
GUCA1A	15.0	1.0	0.15106076	1.0
HOXB7	3.909090909090909	2.64348710704926e-208	0.27233362	2.636676393549181e-54
CTSH	8.545454545454545	1.0	0.10706832	1.0
DPCD	5.045454545454546	1.4229306440703084e-59	0.08311755	1.0
EEF1A2	5.181818181818182	2.3605024707753786e-46	0.20659786	0.0003315984796470557
RABEP1	5.409090909090909	1.1965605630142752e-27	0.6037596	0.0
REG1A	15.0	1.0	0.041053668	1.0
MET	3.923076923076923	3.313445949706896e-206	0.42215815	1.5275131679195741e-298
MATK	4.136363636363637	5.955732217746212e-175	0.51341534	0.0
ZNF622	4.863636363636363	2.926718135188438e-79	0.39089808	1.3646141451952966e-241
EPO	5.166666666666667	9.397055613032697e-48	0.18508129	1.0
TK1	3.8484848484848486	2.5229778063339486e-217	0.17727841	1.0
BMP5	7.954545454545454	1.0	0.21257985	2.4470852406683086e-06
TMEM11	5.681818181818182	2.0488697101334917e-11	0.07882277	1.0
BCAR3	5.03030303030303	3.992657506387221e-61	0.52304655	0.0
CREG1	4.303030303030303	2.9329124127824168e-151	0.3080951	5.2041819701937285e-102
FRK	4.393939393939394	1.0948844848673155e-138	0.43784386	0.0
SPTLC1	6.196969696969697	1.0	0.28291303	3.2801377967727674e-67
NUP98	4.409090909090909	1.2861037409784286e-136	0.6309636	0.0
IL10	15.0	1.0	0.065852284	1.0
JAKMIP2	5.848484848484849	4.0048182067238415e-05	0.4724837	0.0
TIMP3	7.590909090909091	1.0	0.17571321	1.0
SUMF2	4.7727272727272725	6.9489106635318485e-90	0.18440287	1.0
SIRPA	4.712121212121212	3.1719869210396293e-97	0.47059888	0.0
DGCR6L	5.515151515151516	1.7246853142774622e-20	0.18088312	1.0
MAD2L2	5.575757575757576	7.098220602553354e-17	0.20866069	6.966609046086354e-05
STXBP6	6.257575757575758	1.0	0.18227136	1.0
WIZ	6.333333333333333	1.0	0.57528245	0.0
MRPS34	5.893939393939394	0.0006641214396199383	0.2159512	9.105754064542438e-08
TLR5	5.606060606060606	3.3531991138491256e-15	0.6128769	0.0
RPL17	10.393939393939394	1.0	0.04791621	1.0
OXT	6.878787878787879	1.0	0.060611673	1.0
SRPX2	7.015151515151516	1.0	0.31973404	1.0170059507576163e-119
IFIT1	15.0	1.0	0.1758247	1.0
CDC42EP2	4.757575757575758	1.0619875368314136e-91	0.19530998	0.1467509865566037
TAF4B	4.363636363636363	7.512830586913155e-143	0.58190626	0.0
CDC34	4.03030303030303	2.1087738388507592e-190	0.10852452	1.0
TNNC1	6.787878787878788	1.0	0.040976517	1.0
RNF183	5.9393939393939394	0.006813995721858698	0.09671172	1.0
BACE2	5.545454545454546	1.2242493613827866e-18	0.33583736	1.4506777804520335e-145
CLU	6.151515151515151	1.0	0.22230971	6.631935256616806e-11
RYBP	4.803030303030303	2.7367645399029442e-86	0.20589444	0.0005466491844671141
PPP3CC	4.4393939393939394	1.673299379658336e-132	0.44795647	0.0
LAMP2	15.0	1.0	0.14897364	1.0
LAT	4.363636363636363	7.512830586913155e-143	0.061533365	1.0
GCGR	6.378787878787879	1.0	0.20318507	0.0032254677046542634
GMNN	4.909090909090909	3.9245179205093584e-74	0.0385536	1.0
BMPR1B	4.196969696969697	2.9882021010514624e-166	-0.028445506	1.0
FAM100A	6.181818181818182	1.0	0.09154211	1.0
RPS9	4.954545454545454	3.884182853552079e-69	0.09317885	1.0
HES6	4.121212121212121	3.8192567646814513e-177	0.25336853	3.4425378658389922e-34
HPCAL4	5.090909090909091	5.1713704161927095e-55	0.11579459	1.0
PI4KB	4.181818181818182	2.0431422463121415e-168	0.48385417	0.0
XCL2	15.0	1.0	0.05238765	1.0
CNTF	4.9393939393939394	8.666842423299595e-71	0.18783043	0.9997884956632478
RSL24D1	6.075757575757576	0.4654418176526208	0.102378085	1.0
RIPK2	4.378787878787879	9.114755093831552e-141	0.23480305	1.0065983371040224e-18
MON1A	6.196969696969697	1.0	0.33738512	4.048014520799198e-148
KRT5	5.393939393939394	9.413594363001394e-29	0.4343385	8.246e-321
KCNMB1	5.954545454545454	0.013318735761905466	0.18622702	1.0
MBD3L1	5.393939393939394	9.413594363001394e-29	0.14977917	1.0
ZNF594	6.0606060606060606	0.35240497543927884	0.37105134	5.053874881164826e-206
POLM	4.863636363636363	2.926718135188438e-79	0.40029958	1.213887712641082e-258
LYZ	10.045454545454545	1.0	0.06993705	1.0
IFI6	5.454545454545454	1.875469319795333e-24	0.07931707	1.0
ADCK1	5.954545454545454	0.013318735761905466	0.17943949	1.0
MEA1	6.196969696969697	1.0	0.095959604	1.0
RAB2B	4.106060606060606	2.4294474174401478e-179	0.28071386	1.9500105825221454e-64
RFK	5.621212121212121	2.1281896348445874e-14	0.08318958	1.0
TFEB	4.7272727272727275	2.2662035039882355e-95	0.34493637	9.620358685116734e-161
NCOR1	3.727272727272727	1.706218311485279e-235	0.11787351	1.0
TCTEX1D4	6.7272727272727275	1.0	0.19347088	0.2716966609081181
EEF1B2	5.075757575757576	1.6271107072498622e-56	0.21867345	4.857643108062203e-09
PPIF	4.878787878787879	1.5453967442950229e-77	0.11013975	1.0
EDNRA	6.363636363636363	1.0	0.09365942	1.0
SNRPB2	5.287878787878788	4.435475492969264e-37	0.15267205	1.0
SOBP	6.0606060606060606	0.35240497543927884	0.31242722	1.701709868772523e-108
FLT3	4.5606060606060606	2.0701982173404105e-116	0.5945463	0.0
VPS29	5.4393939393939394	1.6925534327478274e-25	0.07049275	1.0
WNK1	3.909090909090909	2.64348710704926e-208	0.6810591	0.0
TRAPPC2L	15.0	1.0	0.044090316	1.0
GCG	5.96969696969697	0.024729877173714734	0.045964055	1.0
ADAR	4.893939393939394	7.917093618468979e-76	0.6731655	0.0
YES1	4.242424242424242	8.837767506374353e-160	0.16871443	1.0
ITGB3BP	3.893939393939394	1.469768442176506e-210	0.28842017	2.3361463970761963e-74
RPS8	5.712121212121212	4.622182304966331e-10	0.10585431	1.0
PDIA5	5.409090909090909	1.1965605630142752e-27	0.37739062	2.648869549698197e-217
ARL11	5.757575757575758	3.3260698279418764e-08	0.106572635	1.0
IFNW1	5.0606060606060606	4.89685641010256e-58	0.12760107	1.0
NUDT5	15.0	1.0	0.06702944	1.0
DDIT4	4.606060606060606	1.5330310558122995e-110	0.21867537	4.848438306509574e-09
CLTB	3.9242424242424243	4.600422224434154e-206	0.21731496	2.163530950014904e-08
CDK5RAP1	4.606060606060606	1.5330310558122995e-110	0.42340538	8.000117860666947e-301
TMCO6	5.878787878787879	0.00027450830962018466	0.2863469	1.2359881732276926e-71
GORASP2	6.045454545454546	0.254656797901843	0.10006874	1.0
NBEA	5.863636363636363	0.0001074974518139196	0.5004622	0.0
ARHGDIG	4.590909090909091	1.7383763998462225e-112	0.21346524	1.0706155704521184e-06
CCDC11	5.348484848484849	3.361814908486116e-32	0.40023598	1.5833159891893497e-258
NCF2	4.4393939393939394	1.673299379658336e-132	0.47156295	0.0
TPD52L3	9.303030303030303	1.0	0.06793064	1.0
CHCHD3	5.424242424242424	1.4589219929881028e-26	0.23215964	6.885018212210303e-17
RUFY3	5.257575757575758	1.2355595419735018e-39	0.39702624	1.0750727989629041e-252
CORO1B	5.954545454545454	0.013318735761905466	0.24227743	2.0560266128862923e-24
CD79B	4.590909090909091	1.7383763998462225e-112	0.29130366	3.285394569667201e-78
COPZ2	7.196969696969697	1.0	0.0910065	1.0
VGLL4	4.712121212121212	3.1719869210396293e-97	0.18386188	1.0
NRTN	4.924242424242424	1.874969259881809e-72	0.15775706	1.0
CDK1	3.3181818181818183	1.932245318554673e-297	-0.17528072	1.0
ASL	7.242424242424242	1.0	0.2618405	1.138576792439691e-42
IDH3G	15.0	1.0	0.13340378	1.0
LIN7A	5.045454545454546	1.4229306440703084e-59	0.14843298	1.0
DLST	6.2727272727272725	1.0	0.050025508	1.0
RGS19	6.0606060606060606	0.35240497543927884	0.13575964	1.0
C7	11.151515151515152	1.0	0.45090786	0.0
GPX7	5.409090909090909	1.1965605630142752e-27	0.16906953	1.0
SLC12A2	15.0	1.0	0.5335272	0.0
PIWIL1	8.0	1.0	0.47176242	0.0
ELP3	4.484848484848484	2.1281592221250877e-126	0.4462352	0.0
PDP2	4.378787878787879	9.114755093831552e-141	0.42386514	1.1568426321549129e-301
NOL3	4.454545454545454	1.8518644066753443e-130	0.20220295	0.005783454685488378
CPSF3L	5.136363636363637	1.329601873108839e-50	0.3110705	1.8887070102702562e-106
NME1	4.46969696969697	2.0157488759722106e-128	0.034849502	1.0
TSEN15	6.636363636363637	1.0	0.051558834	1.0
GSTP1	4.166666666666667	1.3774237346063119e-170	0.19371915	0.2516366514838696
ACD	6.318181818181818	1.0	0.16726916	1.0
CTLA4	4.393939393939394	1.0948844848673155e-138	0.28516552	4.229792377597958e-70
ADAM23	5.666666666666667	3.978664970448861e-12	0.3531427	9.982281496665507e-175
IFNAR1	4.0606060606060606	5.7613808878307085e-186	0.27776426	8.633433973443936e-61
CAMP	7.242424242424242	1.0	0.08787134	1.0
AK1	4.848484848484849	5.380669780436885e-81	0.08383825	1.0
CALCR	15.0	1.0	0.10168856	1.0
PLEKHG2	4.590909090909091	1.7383763998462225e-112	0.6815058	0.0
DIABLO	4.5	2.201714823989054e-124	0.10943109	1.0
TXNDC9	4.318181818181818	3.8075011752609048e-149	0.23037009	1.0611534208204714e-15
MSH6	4.121212121212121	3.8192567646814513e-177	0.68958694	0.0
CALB2	4.818181818181818	1.6425866582786677e-84	0.102426864	1.0
CHMP4B	7.424242424242424	1.0	0.073283434	1.0
SYNC	7.2272727272727275	1.0	0.30567035	1.944200933157626e-98
DFNA5	5.121212121212121	4.676730757762688e-52	0.37370774	9.705663817561468e-211
FNDC5	6.045454545454546	0.254656797901843	0.04712404	1.0
TOMM7	15.0	1.0	0.04870067	1.0
DR1	5.378787878787879	7.002849665867642e-30	0.074818976	1.0
PVRL2	4.954545454545454	3.884182853552079e-69	0.40031022	1.1614818831853528e-258
RAB11B	6.075757575757576	0.4654418176526208	0.11016715	1.0
RAPGEF3	5.106060606060606	1.5872832289342982e-53	0.6015558	0.0
PRRG2	5.166666666666667	9.397055613032697e-48	0.16079427	1.0
DCC	3.9393939393939394	8.13036209830832e-204	0.6705978	0.0
SRRT	4.318181818181818	3.8075011752609048e-149	0.6219739	0.0
MUTYH	4.515151515151516	2.2372994385292133e-122	0.46291152	0.0
RNF141	4.787878787878788	4.431250677636168e-88	0.19960566	0.023292522849377065
RAB3C	6.545454545454546	1.0	0.1225022	1.0
RAB33B	4.46969696969697	2.0157488759722106e-128	0.21370491	8.51913319399666e-07
ZC4H2	6.181818181818182	1.0	0.1053053	1.0
EIF3K	6.303030303030303	1.0	0.0936335	1.0
UBXN11	5.787878787878788	4.385663779892977e-07	0.14587086	1.0
SYCP3	5.9393939393939394	0.006813995721858698	0.018452063	1.0
MUC20	4.863636363636363	2.926718135188438e-79	0.37031224	1.0299109986368462e-204
DUSP14	5.5	1.8957199282862748e-21	0.1069807	1.0
ALS2CR12	6.606060606060606	1.0	0.1480578	1.0
GALR1	15.0	1.0	0.11460489	1.0
CSH1	3.727272727272727	1.706218311485279e-235	0.3176999	1.4654966104209738e-116
RANBP1	4.878787878787879	1.5453967442950229e-77	0.11025624	1.0
RHOH	5.378787878787879	7.002849665867642e-30	0.07702676	1.0
CLDN3	5.984848484848484	0.04362517966007074	0.12497454	1.0
YAE1D1	4.424242424242424	1.483232711503633e-134	0.25601107	9.631647320147926e-37
CD55	15.0	1.0	0.1375945	1.0
CCNL2	4.363636363636363	7.512830586913155e-143	0.18220626	1.0
TMEM139	4.803030303030303	2.7367645399029442e-86	0.17280059	1.0
TRIT1	6.696969696969697	1.0	0.19111602	0.5182881977456532
NUDT14	4.378787878787879	9.114755093831552e-141	0.24020714	9.187602335443203e-23
PRND	9.787878787878787	1.0	0.055371948	1.0
RAX2	7.303030303030303	1.0	0.055910468	1.0
ECM1	5.181818181818182	2.3605024707753786e-46	0.46428594	0.0
PDHA1	6.863636363636363	1.0	0.13423048	1.0
C20orf27	6.03030303030303	0.17626248537921577	0.09439053	1.0
GRK1	4.46969696969697	2.0157488759722106e-128	0.19109312	0.5210758367918499
PSMB2	5.166666666666667	9.397055613032697e-48	0.15927625	1.0
CREB3L1	4.53030303030303	2.2306482421952033e-120	0.29553166	5.492402626584834e-84
RAB3B	6.545454545454546	1.0	0.11189906	1.0
SOSTDC1	7.0	1.0	0.110409126	1.0
CSE1L	4.454545454545454	1.8518644066753443e-130	0.5745394	0.0
SMNDC1	4.606060606060606	1.5330310558122995e-110	0.20780988	0.00013494531573835037
TBPL1	5.954545454545454	0.013318735761905466	0.05434001	1.0
MAP4K3	5.121212121212121	4.676730757762688e-52	0.5746149	0.0
RAB27B	6.818181818181818	1.0	0.12288553	1.0
TINAG	5.681818181818182	2.0488697101334917e-11	0.1958991	0.1181019708640515
VSTM2L	5.151515151515151	3.59408870467608e-49	0.17265114	1.0
SIGLEC14	15.0	1.0	0.15349138	1.0
ORAI2	4.681818181818182	5.689414961865554e-101	0.24681251	3.192781248388325e-28
CHRNB2	8.878787878787879	1.0	0.13181232	1.0
WDYHV1	5.2727272727272725	2.3924807267209796e-38	0.07317859	1.0
TP53BP1	3.757575757575758	6.114847680928736e-231	0.51210946	0.0
MEF2D	4.015151515151516	1.2499973933095756e-192	0.48290887	0.0
TMEM9B	7.0	1.0	0.09029586	1.0
INSL3	15.0	1.0	0.09267108	1.0
SSR2	15.0	1.0	0.10376117	1.0
NXF3	4.742424242424242	1.5808109845269243e-93	0.33719552	8.330112578897826e-148
RCAN2	5.212121212121212	1.3139036660141977e-43	0.10941208	1.0
TSC2	3.3692307692307693	1.0021234235554573e-289	0.47168276	0.0
RNMT	4.681818181818182	5.689414961865554e-101	0.3479613	7.220652663927123e-166
UMPS	5.757575757575758	3.3260698279418764e-08	0.15506482	1.0
NRF1	6.0606060606060606	0.35240497543927884	0.19460072	0.18848795073478872
ATPAF1	7.181818181818182	1.0	0.046619922	1.0
DNAJC30	7.136363636363637	1.0	0.11274968	1.0
TPT1	5.863636363636363	0.0001074974518139196	0.05069304	1.0
ACAN	7.590909090909091	1.0	0.61837137	0.0
KDELR1	5.924242424242424	0.0033040705224971884	0.11615218	1.0
DDX6	4.909090909090909	3.9245179205093584e-74	0.3315216	1.677565658558702e-138
CLIC3	4.848484848484849	5.380669780436885e-81	0.18695469	1.0
SHOX	4.212121212121212	4.33582970150717e-164	0.23261127	3.3977557263034635e-17
IL2RB	4.0	7.386654389169344e-195	0.22483353	2.617203040079536e-12
DOK3	4.318181818181818	3.8075011752609048e-149	0.3483204	1.7695039459758368e-166
RAB14	5.681818181818182	2.0488697101334917e-11	0.13885233	1.0
ZNF91	15.0	1.0	0.39877453	7.189994560023329e-256
HTR7	7.621212121212121	1.0	0.26544744	1.5608598915138594e-46
CGB5	8.045454545454545	1.0	0.06268092	1.0
TIMP2	7.590909090909091	1.0	0.14494552	1.0
PSMD10	4.151515151515151	9.15888580977784e-173	0.21455872	3.7122343984224355e-07
NRSN2	6.333333333333333	1.0	0.123762235	1.0
CARHSP1	6.666666666666667	1.0	0.039739173	1.0
LOXL3	15.0	1.0	0.29285708	2.586549103503799e-80
PSMB9	4.484848484848484	2.1281592221250877e-126	0.24211836	2.7649617793769916e-24
TYROBP	15.0	1.0	0.0022138318	1.0
TOMM22	15.0	1.0	0.039250657	1.0
ZSWIM7	7.863636363636363	1.0	0.07715224	1.0
NME4	5.348484848484849	3.361814908486116e-32	0.1121171	1.0
ADRA1A	6.666666666666667	1.0	0.20960347	3.2596502189494976e-05
CLDN7	15.0	1.0	0.124462634	1.0
RP9	6.136363636363637	0.9665881464844287	0.078830354	1.0
NSL1	5.484848484848484	1.988067711542528e-22	0.1395408	1.0
MT2A	15.0	1.0	0.04837081	1.0
KCNG4	15.0	1.0	0.34135556	1.0015051410192014e-154
PKM	6.106060606060606	0.7203309180246135	0.37896633	4.0493662038450156e-220
C8orf33	4.7272727272727275	2.2662035039882355e-95	0.19453388	0.1927695293411892
C16orf45	7.9393939393939394	1.0	0.05778396	1.0
TXNRD2	4.7272727272727275	2.2662035039882355e-95	0.41742966	6.796339328793195e-290
RPL14	6.242424242424242	1.0	0.07774532	1.0
WASF3	4.621212121212121	1.3207905061700894e-108	0.46780816	0.0
CORT	10.333333333333334	1.0	0.03927484	1.0
TIMP4	7.590909090909091	1.0	0.16599429	1.0
STAM	4.681818181818182	5.689414961865554e-101	0.4438448	0.0
SNTG1	6.787878787878788	1.0	0.36306542	5.972526572458776e-192
TOP3B	5.196969696969697	5.681854045967462e-45	0.53940964	0.0
AKT1S1	3.878787878787879	8.171994366410397e-213	0.2731097	3.2569668571563677e-55
RORA	4.2272727272727275	6.257190620228874e-162	0.41357732	7.433206483993487e-283
VANGL2	5.03030303030303	3.992657506387221e-61	0.38623527	3.580145703605115e-233
STAU1	4.666666666666667	7.336184814303851e-103	0.19555338	0.13433393191876689
NQO1	3.909090909090909	2.64348710704926e-208	0.20874485	6.518946382192664e-05
BLOC1S3	8.5	1.0	0.06789982	1.0
C11orf58	8.181818181818182	1.0	0.08618295	1.0
BICD2	4.984848484848484	6.973868836232615e-66	0.46321538	0.0
GP9	5.2727272727272725	2.3924807267209796e-38	0.084168464	1.0
CDK5	3.712121212121212	8.857636845961859e-238	-0.12264333	1.0
BMP2	6.045454545454546	0.254656797901843	0.10344413	1.0
MATN1	7.651515151515151	1.0	0.36660773	3.588149074239362e-198
CDT1	4.4393939393939394	1.673299379658336e-132	0.46988058	0.0
NBL1	5.742424242424242	8.455253740774733e-09	0.14390188	1.0
SRP14	7.454545454545454	1.0	0.039467897	1.0
HIST1H1E	5.46969696969697	1.979659785672327e-23	0.18801078	0.9713650461251322
PSMD2	5.545454545454546	1.2242493613827866e-18	0.3131988	1.1539179192775962e-109
APOBEC3C	6.984848484848484	1.0	0.103202306	1.0
CD70	6.045454545454546	0.254656797901843	0.0651304	1.0
SNTG2	5.909090909090909	0.0015217723481678817	0.40622476	1.957956589181219e-269
SLC9A3R2	4.9393939393939394	8.666842423299595e-71	-0.057431467	1.0
MYF5	4.015151515151516	1.2499973933095756e-192	0.21637695	5.8497592910442324e-08
CYP19A1	5.5606060606060606	9.57038049901898e-18	0.1902979	0.6263140464112141
SCNM1	5.454545454545454	1.875469319795333e-24	0.21667068	4.299385204582909e-08
RAB17	4.803030303030303	2.7367645399029442e-86	0.11623717	1.0
DPYSL2	4.075757575757576	9.425084823205431e-184	0.48028234	0.0
KATNA1	4.893939393939394	7.917093618468979e-76	0.33467513	1.1837871611657975e-143
MID1	6.46969696969697	1.0	0.17395891	1.0
IL23A	6.924242424242424	1.0	0.06538806	1.0
PTGER2	15.0	1.0	0.10833825	1.0
BBS4	6.5	1.0	0.30911207	1.6084897752468415e-103
TAF1L	4.53030303030303	2.2306482421952033e-120	0.6683295	0.0
FLT3LG	5.515151515151516	1.7246853142774622e-20	0.120854564	1.0
CCBP2	8.181818181818182	1.0	0.060533762	1.0
IL37	6.621212121212121	1.0	0.051366698	1.0
HIP1	4.015151515151516	1.2499973933095756e-192	0.51161677	0.0
PPP1R12B	5.606060606060606	3.3531991138491256e-15	0.109633856	1.0
SKP1	4.863636363636363	2.926718135188438e-79	-0.09734797	1.0
EDC3	4.181818181818182	2.0431422463121415e-168	0.44877145	0.0
COX4I2	6.909090909090909	1.0	0.06217455	1.0
NMRK2	4.803030303030303	2.7367645399029442e-86	0.17293626	1.0
CEACAM1	4.106060606060606	2.4294474174401478e-179	0.46507484	0.0
UACA	4.909090909090909	3.9245179205093584e-74	0.6650525	0.0
SARNP	7.121212121212121	1.0	0.07151287	1.0
CST5	9.545454545454545	1.0	0.07121221	1.0
CDK5RAP3	4.0	7.386654389169344e-195	0.4398496	0.0
PDCL2	4.318181818181818	3.8075011752609048e-149	0.22422065	5.8480436668250494e-12
PIGK	15.0	1.0	0.14200795	1.0
AZI2	5.03030303030303	3.992657506387221e-61	0.20212804	0.006039203683768578
NMBR	15.0	1.0	0.11305317	1.0
DDX11	4.681818181818182	5.689414961865554e-101	0.5683983	0.0
POR	15.0	1.0	0.16682133	1.0
POT1	5.681818181818182	2.0488697101334917e-11	0.2396144	2.658614316577033e-22
SPA17	15.0	1.0	0.064387314	1.0
HCFC1	4.212121212121212	4.33582970150717e-164	0.5636494	0.0
TMED10	5.621212121212121	2.1281896348445874e-14	0.06698161	1.0
RSF1	4.4393939393939394	1.673299379658336e-132	0.6809335	0.0
FTSJ3	5.121212121212121	4.676730757762688e-52	0.44250327	0.0
ANGPT4	5.409090909090909	1.1965605630142752e-27	0.3545762	3.4001516652300345e-177
IMPA1	6.212121212121212	1.0	0.047897954	1.0
NCR1	5.393939393939394	9.413594363001394e-29	0.12510686	1.0
PSMB3	5.166666666666667	9.397055613032697e-48	0.07412683	1.0
DET1	4.893939393939394	7.917093618468979e-76	0.3073874	5.796460139924405e-101
ORC2	5.2272727272727275	2.9052237252149825e-42	0.20946403	3.654011916178303e-05
HSPB1	4.9393939393939394	8.666842423299595e-71	0.07564918	1.0
PTPRM	4.03030303030303	2.1087738388507592e-190	0.6809622	0.0
VANGL1	4.818181818181818	1.6425866582786677e-84	0.4613378	0.0
UGP2	6.090909090909091	0.5901931783435886	0.24023896	8.678669414543754e-23
CYB561D2	5.257575757575758	1.2355595419735018e-39	0.1936686	0.25564776317401594
CCDC90B	4.409090909090909	1.2861037409784286e-136	-0.09752165	1.0
NEK11	5.378787878787879	7.002849665867642e-30	0.42009118	9.241097747155478e-295
CPNE1	4.7727272727272725	6.9489106635318485e-90	0.35393673	4.298691825410473e-176
HSPA4L	6.242424242424242	1.0	0.3900162	5.365968136913935e-240
MED12	6.015151515151516	0.11603843419891441	0.68745995	0.0
RAB35	7.090909090909091	1.0	0.09614426	1.0
HTR2A	7.045454545454546	1.0	0.0964066	1.0
MTA3	4.7272727272727275	2.2662035039882355e-95	0.43747485	0.0
ACVR1C	6.151515151515151	1.0	0.18908463	0.8046425275429707
SSTR4	10.333333333333334	1.0	0.1373859	1.0
PFKM	6.53030303030303	1.0	0.35590467	1.729507041246589e-179
UBR4	5.424242424242424	1.4589219929881028e-26	0.6158356	0.0
BOK	5.5	1.8957199282862748e-21	0.13511167	1.0
STMN4	5.393939393939394	9.413594363001394e-29	0.2236126	1.2825706865966495e-11
SERTAD1	4.666666666666667	7.336184814303851e-103	0.19533746	0.1453180274530945
CACNB1	4.909090909090909	3.9245179205093584e-74	0.3926667	8.610867872577573e-245
IDH3B	15.0	1.0	0.13275313	1.0
IL6	4.848484848484849	5.380669780436885e-81	0.14999083	1.0
TMED1	4.090909090909091	1.5223184067744789e-181	0.23480912	9.969019245705407e-19
PIGH	15.0	1.0	0.053727586	1.0
PCNP	5.090909090909091	5.1713704161927095e-55	0.07505576	1.0
SNAP25	5.863636363636363	0.0001074974518139196	0.009359219	1.0
GH1	5.4393939393939394	1.6925534327478274e-25	0.09641037	1.0
CDSN	5.409090909090909	1.1965605630142752e-27	0.377074	9.741239674420947e-217
RPRD2	6.9393939393939394	1.0	0.6340222	0.0
NPC2	15.0	1.0	0.052810583	1.0
CRYAB	15.0	1.0	0.038104255	1.0
SFN	3.606060606060606	8.821660124325988e-254	-0.011336586	1.0
SF3B2	4.03030303030303	2.1087738388507592e-190	0.6162812	0.0
SUCLG2	10.424242424242424	1.0	0.13150805	1.0
GABRG1	7.621212121212121	1.0	0.1507764	1.0
MPP2	5.893939393939394	0.0006641214396199383	0.41933215	2.2608848040664025e-293
TNFSF18	6.045454545454546	0.254656797901843	0.06514681	1.0
HBEGF	6.121212121212121	0.8477923380061042	0.095702484	1.0
UBE2E1	5.757575757575758	3.3260698279418764e-08	0.05593663	1.0
RGS11	8.954545454545455	1.0	0.16468596	1.0
THEM4	4.045454545454546	3.500482389273137e-188	0.22036406	6.966568791805136e-10
VBP1	6.2272727272727275	1.0	0.05983572	1.0
FDX1	5.348484848484849	3.361814908486116e-32	0.054363698	1.0
ADCYAP1	6.045454545454546	0.254656797901843	0.059541587	1.0
NTNG1	15.0	1.0	0.2011756	0.01029941290771532
SLC16A3	6.2272727272727275	1.0	0.13309255	1.0
OMP	5.848484848484849	4.0048182067238415e-05	0.046243068	1.0
GAL3ST1	15.0	1.0	0.14894779	1.0
PRL	5.424242424242424	1.4589219929881028e-26	0.08294888	1.0
VIP	5.787878787878788	4.385663779892977e-07	0.06800706	1.0
CYP2E1	15.0	1.0	0.18201008	1.0
BMP6	6.075757575757576	0.4654418176526208	0.2681585	1.5647851565752183e-49
CA2	6.196969696969697	1.0	0.05875909	1.0
GZMB	4.196969696969697	2.9882021010514624e-166	0.13552547	1.0
ERO1LB	8.712121212121213	1.0	0.19992714	0.019823340326528504
MAGI3	5.712121212121212	4.622182304966331e-10	0.6681711	0.0
PNKP	5.636363636363637	1.2851410704542627e-13	0.34298792	1.8393155859347983e-157
DUS2L	6.045454545454546	0.254656797901843	0.22205724	9.06333895445169e-11
FBXW11	4.106060606060606	2.4294474174401478e-179	0.48780096	0.0
BAG6	5.212121212121212	1.3139036660141977e-43	0.23051485	8.541317148221217e-16
DAOA	7.636363636363637	1.0	0.054534953	1.0
PRICKLE1	4.803030303030303	2.7367645399029442e-86	0.43767083	0.0
SSTR3	10.333333333333334	1.0	0.13396059	1.0
NUDT21	5.257575757575758	1.2355595419735018e-39	0.058398988	1.0
SSX3	6.121212121212121	0.8477923380061042	0.06897324	1.0
FGD6	4.333333333333333	4.8731389520965527e-147	0.67175037	0.0
HARS	5.0606060606060606	4.89685641010256e-58	0.34701437	2.9297435298802412e-164
CAT	4.757575757575758	1.0619875368314136e-91	0.4461084	0.0
CNDP1	6.712121212121212	1.0	0.17189234	1.0
WDR33	3.712121212121212	8.857636845961859e-238	0.14799815	1.0
PDDC1	6.242424242424242	1.0	0.085427165	1.0
PGS1	5.7727272727272725	1.240247868738064e-07	0.18270864	1.0
ASCL1	4.621212121212121	1.3207905061700894e-108	0.10793152	1.0
NRXN2	6.0	0.07311233693762956	0.6882466	0.0
CLDN6	6.015151515151516	0.11603843419891441	0.14402609	1.0
IMPDH2	3.787878787878788	2.115340487863969e-226	0.45473757	0.0
NASP	15.0	1.0	0.1372881	1.0
TREX2	4.984848484848484	6.973868836232615e-66	0.1398051	1.0
ARL6IP1	7.045454545454546	1.0	0.061626364	1.0
TFPI2	6.893939393939394	1.0	0.16272172	1.0
RHBDF1	5.954545454545454	0.013318735761905466	0.3166518	6.075344115767704e-115
CHMP2A	8.424242424242424	1.0	0.05271629	1.0
IL17B	7.9393939393939394	1.0	0.051154554	1.0
BNIP3L	4.681818181818182	5.689414961865554e-101	0.13956702	1.0
TRAF3	4.545454545454546	2.1705639517453993e-118	-0.023269884	1.0
STEAP3	5.136363636363637	1.329601873108839e-50	0.20698225	0.00025057717641697677
C2orf18	6.393939393939394	1.0	0.0885137	1.0
PRPF19	5.606060606060606	3.3531991138491256e-15	0.22598147	5.618979094327461e-13
ASF1B	6.045454545454546	0.254656797901843	0.0074601118	1.0
KCNIP3	4.03030303030303	2.1087738388507592e-190	0.19138922	0.4854056408348515
CABP2	4.818181818181818	1.6425866582786677e-84	0.18001948	1.0
RAB4A	5.46969696969697	1.979659785672327e-23	0.13049401	1.0
GRPEL2	4.7727272727272725	6.9489106635318485e-90	0.115183026	1.0
DGKZ	5.818181818181818	4.672299051935399e-06	0.55595887	0.0
CCDC134	5.409090909090909	1.1965605630142752e-27	0.18900964	0.8160645419665987
LURAP1	5.484848484848484	1.988067711542528e-22	0.06414917	1.0
PDCD10	5.2727272727272725	2.3924807267209796e-38	0.08411923	1.0
KBTBD4	7.303030303030303	1.0	0.19124547	0.502597684222167
RAB8A	5.545454545454546	1.2242493613827866e-18	0.059022542	1.0
KCNIP1	6.606060606060606	1.0	0.07084899	1.0
BCL9	4.196969696969697	2.9882021010514624e-166	0.6524423	0.0
REEP6	8.303030303030303	1.0	0.08290173	1.0
CALCA	15.0	1.0	0.048482534	1.0
CLNS1A	5.303030303030303	7.887011253946248e-36	0.100837424	1.0
VPREB3	15.0	1.0	0.04686095	1.0
MKL1	4.333333333333333	4.8731389520965527e-147	0.6416869	0.0
REG3A	15.0	1.0	0.031929173	1.0
PLXDC1	7.242424242424242	1.0	0.34761465	2.803302784666563e-165
RPL36	6.636363636363637	1.0	0.055438176	1.0
KLF6	3.9545454545454546	1.4292587375731596e-201	0.089175135	1.0
LMO2	4.893939393939394	7.917093618468979e-76	0.04919003	1.0
CHAC1	5.984848484848484	0.04362517966007074	0.111832276	1.0
RAI2	4.954545454545454	3.884182853552079e-69	0.39391845	4.643575202022663e-247
RPE	6.257575757575758	1.0	0.13268727	1.0
NUDT3	5.803030303030303	1.4705485992125324e-06	0.030615369	1.0
ZNF238	5.075757575757576	1.6271107072498622e-56	0.44087023	0.0
ENAH	4.303030303030303	2.9329124127824168e-151	0.29174882	8.232546983261878e-79
MLH1	5.257575757575758	1.2355595419735018e-39	0.1694516	1.0
TMEM222	6.181818181818182	1.0	0.11841073	1.0
FOLR1	5.015151515151516	1.0736043812980293e-62	0.21267554	2.2409454286001216e-06
GRM8	4.181818181818182	2.0431422463121415e-168	0.6255579	0.0
C6orf25	4.742424242424242	1.5808109845269243e-93	0.26691896	3.768817975595219e-48
NR4A1	3.4393939393939394	4.255692881133359e-279	0.24201272	3.3647004663986384e-24
CEP170	4.363636363636363	7.512830586913155e-143	0.66497016	0.0
AGTRAP	15.0	1.0	0.044380635	1.0
RWDD4	6.5	1.0	0.069267236	1.0
NPM1	3.712121212121212	8.857636845961859e-238	0.09497937	1.0
UCN3	15.0	1.0	0.05287265	1.0
CIDEA	4.484848484848484	2.1281592221250877e-126	0.09103656	1.0
PPIH	6.96969696969697	1.0	0.055341244	1.0
TOMM20	5.651515151515151	7.347178639562884e-13	0.041322146	1.0
FAM124A	6.151515151515151	1.0	0.1899714	0.6723947108896486
RAB37	6.454545454545454	1.0	0.09700847	1.0
HEBP2	6.106060606060606	0.7203309180246135	0.07602668	1.0
BACH2	5.818181818181818	4.672299051935399e-06	0.31602955	5.496288785225744e-114
PXMP4	10.166666666666666	1.0	0.082338125	1.0
VIPR1	15.0	1.0	0.111461595	1.0
MOB1A	6.181818181818182	1.0	0.10027264	1.0
NEUROG1	4.212121212121212	4.33582970150717e-164	0.28764558	2.4575108975271116e-73
PSMA7	5.166666666666667	9.397055613032697e-48	0.05782575	1.0
EGLN3	4.621212121212121	1.3207905061700894e-108	0.07698752	1.0
UNC5CL	4.333333333333333	4.8731389520965527e-147	0.4608778	0.0
GBA	9.606060606060606	1.0	0.15069081	1.0
ISOC2	7.878787878787879	1.0	0.07247443	1.0
INCA1	4.757575757575758	1.0619875368314136e-91	0.11811892	1.0
EPHX2	5.787878787878788	4.385663779892977e-07	0.19116135	0.5127960072767414
RND3	4.984848484848484	6.973868836232615e-66	0.12450309	1.0
ECT2	4.787878787878788	4.431250677636168e-88	0.5864741	0.0
ZNF136	5.4393939393939394	1.6925534327478274e-25	0.3818846	2.3889277062765037e-225
SCAND1	9.242424242424242	1.0	0.023678148	1.0
GJB2	4.575757575757576	1.9231756304013163e-114	0.096571915	1.0
BRI3	15.0	1.0	0.06959593	1.0
C1orf174	4.4393939393939394	1.673299379658336e-132	0.21014166	2.0879411404544883e-05
ORC6	5.318181818181818	1.3394031029632731e-34	0.13800514	1.0
DUSP23	8.5	1.0	0.054875605	1.0
CRYGC	15.0	1.0	0.042532247	1.0
CD84	5.5	1.8957199282862748e-21	0.07538631	1.0
TIMM22	6.106060606060606	0.7203309180246135	0.0564098	1.0
KRT6B	5.5606060606060606	9.57038049901898e-18	0.41055632	2.442853052778531e-277
ADCYAP1R1	5.045454545454546	1.4229306440703084e-59	0.2764173	3.7376162815475886e-59
NIPSNAP3A	4.787878787878788	4.431250677636168e-88	0.15547705	1.0
MPHOSPH8	5.0	2.784639304065503e-64	0.5054564	0.0
CHMP5	15.0	1.0	0.043489676	1.0
CNKSR3	6.151515151515151	1.0	0.22525601	1.492029814643001e-12
PSAP	8.606060606060606	1.0	0.15951885	1.0
MTTP	6.575757575757576	1.0	0.53210753	0.0
P4HA2	7.181818181818182	1.0	0.29973388	7.058901749617258e-90
IRX5	7.893939393939394	1.0	0.15165214	1.0
PLIN1	4.590909090909091	1.7383763998462225e-112	0.36079344	5.586357702100706e-188
CLEC1B	5.666666666666667	3.978664970448861e-12	0.16405451	1.0
MAPK15	4.166666666666667	1.3774237346063119e-170	0.47062337	0.0
RILPL2	7.924242424242424	1.0	0.0727775	1.0
SLC22A11	6.090909090909091	0.5901931783435886	0.40280086	3.406697484533025e-263
SLC8A2	4.121212121212121	3.8192567646814513e-177	0.6278232	0.0
U2AF1	5.136363636363637	1.329601873108839e-50	0.09567655	1.0
C22orf46	4.015151515151516	1.2499973933095756e-192	0.22719789	1.0491063258407816e-13
RGS20	6.242424242424242	1.0	0.13867782	1.0
HBA1	8.878787878787879	1.0	0.067747235	1.0
CNOT7	4.075757575757576	9.425084823205431e-184	0.10879167	1.0
TGIF2	3.9696969696969697	2.4674890859968454e-199	0.30163032	1.3941574182823135e-92
ABCF1	6.2272727272727275	1.0	0.35342282	3.294358641402594e-175
RPL10A	5.303030303030303	7.887011253946248e-36	0.10209081	1.0
RGS1	5.666666666666667	3.978664970448861e-12	0.070054434	1.0
LYPLA2	5.242424242424242	6.099209833098505e-41	0.15757604	1.0
MAL2	9.303030303030303	1.0	0.054829344	1.0
IKZF2	5.015151515151516	1.0736043812980293e-62	0.3968162	2.5846439931781854e-252
TSPAN3	5.181818181818182	2.3605024707753786e-46	0.11315515	1.0
PDE1A	5.045454545454546	1.4229306440703084e-59	0.36591822	5.868839272139164e-197
RNASE2	15.0	1.0	0.053297568	1.0
ZFP91	5.454545454545454	1.875469319795333e-24	0.32842395	1.7158233280784745e-133
SOD2	6.181818181818182	1.0	0.090351835	1.0
ZNF434	8.242424242424242	1.0	0.15538733	1.0
ITPRIPL1	5.409090909090909	1.1965605630142752e-27	0.37596983	9.101423290497252e-215
HOXA7	5.909090909090909	0.0015217723481678817	0.10031985	1.0
MGEA5	12.151515151515152	1.0	0.5072454	0.0
TOP2A	3.5	7.221070472427171e-270	0.5665963	0.0
RPGRIP1	5.954545454545454	0.013318735761905466	0.5941671	0.0
LAD1	5.318181818181818	1.3394031029632731e-34	0.4558909	0.0
ERAS	4.878787878787879	1.5453967442950229e-77	0.25689185	1.2982915329703067e-37
ARL6IP5	8.212121212121213	1.0	0.036157135	1.0
NOSTRIN	5.454545454545454	1.875469319795333e-24	0.23471805	1.1565682892599215e-18
TCOF1	4.136363636363637	5.955732217746212e-175	0.6914687	0.0
SAMM50	7.196969696969697	1.0	0.14671813	1.0
PDGFB	5.651515151515151	7.347178639562884e-13	0.14758246	1.0
FAM134A	4.5	2.201714823989054e-124	0.44034088	0.0
PPP2R3A	4.833333333333333	9.548106231121443e-83	0.3220966	2.022543911709446e-123
TUBGCP2	5.909090909090909	0.0015217723481678817	0.5046898	0.0
PPIL2	4.2272727272727275	6.257190620228874e-162	0.41437528	2.5917278448872763e-284
GM2A	15.0	1.0	0.045647744	1.0
AANAT	4.590909090909091	1.7383763998462225e-112	0.20457631	0.001336070661073213
PIGU	15.0	1.0	0.14217019	1.0
CD9	5.651515151515151	7.347178639562884e-13	0.06815891	1.0
INO80C	5.121212121212121	4.676730757762688e-52	0.17003858	1.0
CARD9	5.045454545454546	1.4229306440703084e-59	0.44619238	0.0
BTK	4.0606060606060606	5.7613808878307085e-186	-0.044600815	1.0
INSIG2	4.681818181818182	5.689414961865554e-101	0.23727642	1.591633724571688e-20
RAB34	3.8636363636363638	4.569907826037505e-215	0.2687278	3.5859217220307657e-50
PRKD2	5.196969696969697	5.681854045967462e-45	0.56506157	0.0
VPS37D	4.5606060606060606	2.0701982173404105e-116	0.1922147	0.3912484744583893
RPL9	5.318181818181818	1.3394031029632731e-34	0.030980688	1.0
UROS	5.409090909090909	1.1965605630142752e-27	0.17189506	1.0
BLOC1S5	8.5	1.0	0.05035821	1.0
PRPH	15.0	1.0	0.13503185	1.0
MARCKSL1	6.257575757575758	1.0	0.049522486	1.0
FAM156A	6.015151515151516	0.11603843419891441	0.111404516	1.0
KSR2	3.909090909090909	2.64348710704926e-208	0.62092286	0.0
ERBB2	4.0	7.386654389169344e-195	0.10365729	1.0
CREBBP	3.3230769230769233	1.0590862976411158e-296	-0.13924171	1.0
CISH	4.2727272727272725	1.6441818492106707e-155	0.1865885	1.0
NOTCH2NL	7.333333333333333	1.0	0.096629314	1.0
PSMA2	6.136363636363637	0.9665881464844287	0.057475165	1.0
FAM60A	15.0	1.0	0.058644928	1.0
MAPK1IP1L	4.333333333333333	4.8731389520965527e-147	0.19380037	0.24530734169116455
CALY	7.0	1.0	0.056859594	1.0
PZP	7.348484848484849	1.0	0.69064635	0.0
MED6	4.742424242424242	1.5808109845269243e-93	0.1883562	0.9168082876632074
LTB	4.803030303030303	2.7367645399029442e-86	0.11185172	1.0
RAB31	7.303030303030303	1.0	0.07657603	1.0
FRAT2	4.333333333333333	4.8731389520965527e-147	0.20053522	0.014492383161460369
GMCL1	4.7272727272727275	2.2662035039882355e-95	0.33271337	1.9194804295760771e-140
ZSCAN21	10.242424242424242	1.0	0.15145965	1.0
SSR3	6.803030303030303	1.0	0.07261755	1.0
SPINT2	8.530303030303031	1.0	0.08123665	1.0
ZNF174	5.333333333333333	2.1706753254292354e-33	0.09151792	1.0
TRIM24	3.742424242424242	3.2359242627538247e-233	0.2545671	2.4514522228052203e-35
ZMIZ2	4.378787878787879	9.114755093831552e-141	0.57970476	0.0
CDK17	4.0606060606060606	5.7613808878307085e-186	0.4738589	0.0
CEP70	4.878787878787879	1.5453967442950229e-77	0.34859592	6.007479163962173e-167
SAE1	4.787878787878788	4.431250677636168e-88	0.1529353	1.0
CLDN8	6.015151515151516	0.11603843419891441	0.14296494	1.0
CENPC1	4.287878787878788	2.2087249048920608e-153	0.6206866	0.0
VTI1B	7.4393939393939394	1.0	0.05210355	1.0
TSN	5.0606060606060606	4.89685641010256e-58	0.06708376	1.0
EFNA3	5.242424242424242	6.099209833098505e-41	0.21129039	7.784738295170014e-06
MCM3AP	15.0	1.0	0.33886173	1.438266000960944e-150
NFIA	4.2727272727272725	1.6441818492106707e-155	0.4392336	0.0
MTMR2	4.712121212121212	3.1719869210396293e-97	0.3960538	6.253273818531526e-251
IL34	5.151515151515151	3.59408870467608e-49	0.19567858	0.12823832628819265
CTDSP1	4.712121212121212	3.1719869210396293e-97	0.11033105	1.0
YARS	7.333333333333333	1.0	0.26693586	3.6118970645555185e-48
INPP5B	4.787878787878788	4.431250677636168e-88	0.5709381	0.0
ANP32A	4.196969696969697	2.9882021010514624e-166	0.14877506	1.0
HSPB9	7.984848484848484	1.0	0.053675532	1.0
SRSF10	4.0606060606060606	5.7613808878307085e-186	0.21683694	3.6067433234708684e-08
RAB32	5.863636363636363	0.0001074974518139196	0.10804316	1.0
PRKCSH	6.2272727272727275	1.0	0.3406577	1.4678165645396418e-153
SLA2	5.015151515151516	1.0736043812980293e-62	0.26027885	4.813654167533823e-41
CPSF1	5.53030303030303	1.4921710187680277e-19	0.6943145	0.0
PRPF40B	15.0	1.0	0.3104877	1.4165210196702401e-105
PQBP1	4.606060606060606	1.5330310558122995e-110	0.1772731	1.0
OSR1	4.484848484848484	2.1281592221250877e-126	0.19972867	0.021911752815756833
CCNL1	5.121212121212121	4.676730757762688e-52	0.39179996	3.1893598011339284e-243
GALNT1	4.7272727272727275	2.2662035039882355e-95	0.42974374	2.060054035194e-312
PMPCA	5.696969696969697	9.995055185491281e-11	0.2806607	2.2721693674599656e-64
MYOZ3	4.818181818181818	1.6425866582786677e-84	0.14244412	1.0
CDC45	4.424242424242424	1.483232711503633e-134	0.4467287	0.0
HTR3A	5.909090909090909	0.0015217723481678817	0.29219684	2.0384965598811516e-79
ING5	3.8636363636363638	4.569907826037505e-215	0.20257173	0.004662680192079683
SCN3B	6.257575757575758	1.0	0.06026861	1.0
POP4	15.0	1.0	0.10075839	1.0
LCP2	4.333333333333333	4.8731389520965527e-147	0.15388294	1.0
NDUFS7	5.984848484848484	0.04362517966007074	0.07849209	1.0
COMMD4	7.924242424242424	1.0	0.05924512	1.0
C14orf166	5.0	2.784639304065503e-64	0.14086542	1.0
TAF9	4.257575757575758	1.225183680326422e-157	0.009961745	1.0
TMEM147	6.090909090909091	0.5901931783435886	0.09601178	1.0
USB1	4.166666666666667	1.3774237346063119e-170	0.22450428	4.0374978517318485e-12
ADAMTS5	8.484848484848484	1.0	0.5453474	0.0
GLYCTK	5.757575757575758	3.3260698279418764e-08	0.25536868	4.090423391147654e-36
P4HA3	8.712121212121213	1.0	0.20532666	0.0008085217394944955
DYDC2	15.0	1.0	0.03796721	1.0
CRHBP	15.0	1.0	0.09544731	1.0
HLA-DQA1	4.863636363636363	2.926718135188438e-79	0.23057474	7.805847171041258e-16
TRPT1	5.045454545454546	1.4229306440703084e-59	0.21182682	4.84167401067236e-06
TAF9B	3.909090909090909	2.64348710704926e-208	0.14094387	1.0
ST7	4.7272727272727275	2.2662035039882355e-95	0.3991551	1.461625927280602e-256
TWSG1	7.7272727272727275	1.0	0.07406553	1.0
FASTK	5.106060606060606	1.5872832289342982e-53	0.36448398	1.945599173180322e-194
ZIK1	6.242424242424242	1.0	0.14015113	1.0
YKT6	6.363636363636363	1.0	0.081400864	1.0
DEAF1	5.545454545454546	1.2242493613827866e-18	0.3274082	7.353600314624297e-132
GYG2	4.924242424242424	1.874969259881809e-72	0.07607355	1.0
TNFRSF18	5.045454545454546	1.4229306440703084e-59	0.18113957	1.0
LMBR1L	8.045454545454545	1.0	0.11085398	1.0
BLOC1S4	7.5	1.0	0.04503471	1.0
SCARF1	6.5	1.0	0.33180872	5.720810662290798e-139
C2	10.151515151515152	1.0	0.4612409	0.0
TBC1D3F	4.606060606060606	1.5330310558122995e-110	0.4507922	0.0
KLF16	4.712121212121212	3.1719869210396293e-97	0.2000702	0.018438566735143644
CDKN2AIP	5.454545454545454	1.875469319795333e-24	0.3292189	8.999777889102946e-135
ARHGAP9	4.621212121212121	1.3207905061700894e-108	0.4161833	1.2898636567284018e-287
ITPRIP	5.575757575757576	7.098220602553354e-17	0.40279013	3.561908169168089e-263
ASIC3	5.712121212121212	4.622182304966331e-10	0.4307396	3.111435194e-314
MLLT1	5.090909090909091	5.1713704161927095e-55	0.30008227	2.261214798045659e-90
TRIP10	3.696969696969697	4.6359708472492094e-240	0.4959103	0.0
SCG5	15.0	1.0	0.046341117	1.0
CLCF1	6.9393939393939394	1.0	0.056403823	1.0
SNX13	6.4393939393939394	1.0	0.4107102	1.2808247089897242e-277
ZBTB7A	4.424242424242424	1.483232711503633e-134	0.47229433	0.0
ENO2	6.9393939393939394	1.0	0.06622381	1.0
LAPTM5	4.454545454545454	1.8518644066753443e-130	0.050524946	1.0
CYP17A1	15.0	1.0	0.1593367	1.0
HIST1H1B	5.378787878787879	7.002849665867642e-30	0.079018764	1.0
IL18	5.303030303030303	7.887011253946248e-36	0.04411029	1.0
ZNF155	5.712121212121212	4.622182304966331e-10	0.2651315	3.449415815907841e-46
KLRB1	5.015151515151516	1.0736043812980293e-62	0.10125652	1.0
ITM2C	7.181818181818182	1.0	0.053783532	1.0
HIRIP3	5.2727272727272725	2.3924807267209796e-38	0.3697472	1.0288456617370236e-203
BBC3	4.681818181818182	5.689414961865554e-101	0.16648097	1.0
IGFBP6	7.53030303030303	1.0	0.13945688	1.0
CRCP	15.0	1.0	0.050866984	1.0
MED29	6.454545454545454	1.0	0.10012845	1.0
UCP3	4.151515151515151	9.15888580977784e-173	0.3342698	5.464449664993438e-143
CDK19	5.924242424242424	0.0033040705224971884	0.18711331	1.0
CRYBA4	15.0	1.0	0.04538901	1.0
GRIK3	5.015151515151516	1.0736043812980293e-62	0.5279839	0.0
TNC	5.833333333333333	1.4045368745137865e-05	0.68631583	0.0
EGFL6	4.803030303030303	2.7367645399029442e-86	0.40434653	5.194198271906323e-266
RANGAP1	4.2727272727272725	1.6441818492106707e-155	0.46902072	0.0
SSX2	6.121212121212121	0.8477923380061042	0.07283746	1.0
ALOX5AP	5.96969696969697	0.024729877173714734	0.050792772	1.0
BIRC8	4.651515151515151	9.179932486875994e-105	0.15115167	1.0
ERCC6	4.53030303030303	2.2306482421952033e-120	0.6957561	0.0
FAM46A	5.636363636363637	1.2851410704542627e-13	0.13487333	1.0
YWHAH	3.3636363636363638	1.4066853998338107e-290	-0.08115567	1.0
LAIR1	4.681818181818182	5.689414961865554e-101	0.2651124	3.617556738767366e-46
PCMT1	4.545454545454546	2.1705639517453993e-118	0.18846625	0.8996965693789175
OSM	8.06060606060606	1.0	0.20757806	0.00016089190488197933
PSME1	4.363636363636363	7.512830586913155e-143	0.13806391	1.0
CTDP1	4.0606060606060606	5.7613808878307085e-186	0.44074774	0.0
VTI1A	9.621212121212121	1.0	0.044615306	1.0
HOXB8	6.045454545454546	0.254656797901843	0.11821486	1.0
CXorf26	6.151515151515151	1.0	0.1111469	1.0
ZNF426	5.0	2.784639304065503e-64	0.46274945	0.0
MAPRE1	4.590909090909091	1.7383763998462225e-112	0.17145245	1.0
CRHR2	15.0	1.0	0.06501531	1.0
IL11	6.015151515151516	0.11603843419891441	0.08790342	1.0
TJAP1	5.893939393939394	0.0006641214396199383	0.4192825	2.785806041307304e-293
GZMA	4.363636363636363	7.512830586913155e-143	0.18822573	0.93747349467532
HYI	5.924242424242424	0.0033040705224971884	0.089752525	1.0
KDM5B	4.303030303030303	2.9329124127824168e-151	0.68128574	0.0
GBP2	4.484848484848484	2.1281592221250877e-126	0.4293251	1.20043062408e-311
PTGS1	7.075757575757576	1.0	0.19037482	0.6157536961193364
C21orf7	4.7727272727272725	6.9489106635318485e-90	0.12355521	1.0
KRT6A	5.106060606060606	1.5872832289342982e-53	0.38670707	5.057576470611619e-234
HOXB9	4.166666666666667	1.3774237346063119e-170	0.26389334	7.517751341906587e-45
PRRX2	5.242424242424242	6.099209833098505e-41	0.13476141	1.0
RPS19	15.0	1.0	0.030359268	1.0
JAZF1	4.712121212121212	3.1719869210396293e-97	0.11088034	1.0
ZYX	4.378787878787879	9.114755093831552e-141	0.43606028	0.0
TRIM39	5.181818181818182	2.3605024707753786e-46	0.1522736	1.0
RAB1B	15.0	1.0	0.04361575	1.0
COMMD8	5.924242424242424	0.0033040705224971884	0.064162135	1.0
GLRB	5.909090909090909	0.0015217723481678817	0.18606985	1.0
GALNT2	5.045454545454546	1.4229306440703084e-59	0.29148588	1.8656306982193158e-78
NR0B2	3.8333333333333335	1.3485832323205122e-219	0.03850445	1.0
VPS18	7.712121212121212	1.0	0.5872888	0.0
EDN1	5.7727272727272725	1.240247868738064e-07	0.031914026	1.0
HDGF	4.166666666666667	1.3774237346063119e-170	0.22046207	6.206519822768728e-10
COPB2	5.924242424242424	0.0033040705224971884	0.5017179	0.0
NTS	6.96969696969697	1.0	0.0650464	1.0
LMNB1	3.909090909090909	2.64348710704926e-208	0.41451326	1.4499612834015738e-284
PSMB4	4.515151515151516	2.2372994385292133e-122	0.2150127	2.365862734317541e-07
TSSK3	4.166666666666667	1.3774237346063119e-170	0.21383987	7.484903681410268e-07
PGLS	4.9393939393939394	8.666842423299595e-71	0.19669534	0.08642587077190854
CIDEB	5.0	2.784639304065503e-64	0.057973642	1.0
RFXANK	4.818181818181818	1.6425866582786677e-84	0.20014359	0.017763734875697906
GRK5	5.5	1.8957199282862748e-21	0.13727497	1.0
PLP1	5.803030303030303	1.4705485992125324e-06	0.1836607	1.0
TGFBR2	4.123076923076923	7.131159570945104e-177	0.39477506	1.3012531610177305e-248
SYN3	4.7272727272727275	2.2662035039882355e-95	0.40764648	5.00275794676694e-272
PTBP2	5.515151515151516	1.7246853142774622e-20	0.33403388	1.3306386091186613e-142
TRIM8	5.151515151515151	3.59408870467608e-49	0.3737857	7.063070393333747e-211
UCN	15.0	1.0	0.041655354	1.0
TNNI2	7.393939393939394	1.0	0.019134516	1.0
MARS	5.242424242424242	6.099209833098505e-41	0.4150183	1.735038755057771e-285
KCNIP4	5.106060606060606	1.5872832289342982e-53	0.08707604	1.0
NOG	7.0	1.0	0.085223645	1.0
BORA	4.590909090909091	1.7383763998462225e-112	0.4043569	4.975193526586134e-266
LIM2	15.0	1.0	0.041532986	1.0
SCN1B	6.257575757575758	1.0	0.08268188	1.0
BSG	5.2272727272727275	2.9052237252149825e-42	0.03764453	1.0
SLC22A12	7.848484848484849	1.0	0.28433916	4.916139338756334e-69
SH3BP2	4.196969696969697	2.9882021010514624e-166	0.35350147	2.4137447783542098e-175
CPSF6	5.0606060606060606	4.89685641010256e-58	0.30644408	1.4239612234760593e-99
ARL4D	4.848484848484849	5.380669780436885e-81	0.030915488	1.0
C1QTNF5	6.5	1.0	0.045702044	1.0
RAMP2	15.0	1.0	0.059182793	1.0
ROPN1L	15.0	1.0	0.06147936	1.0
MAPK4	4.2727272727272725	1.6441818492106707e-155	0.46379364	0.0
IL29	15.0	1.0	0.05266173	1.0
SHC2	4.454545454545454	1.8518644066753443e-130	0.48290533	0.0
PHACTR1	4.212121212121212	4.33582970150717e-164	0.43524444	1.8e-322
EHD1	7.0606060606060606	1.0	0.23060569	7.451598477277128e-16
ZNF76	4.121212121212121	3.8192567646814513e-177	0.5091787	0.0
CCDC106	3.909090909090909	2.64348710704926e-208	0.21011394	2.136709253911471e-05
RALGPS1	4.7272727272727275	2.2662035039882355e-95	0.4491549	0.0
KALRN	5.348484848484849	3.361814908486116e-32	0.67418677	0.0
EPN1	4.606060606060606	1.5330310558122995e-110	0.4645097	0.0
COMMD2	7.924242424242424	1.0	0.05924512	1.0
UBOX5	5.46969696969697	1.979659785672327e-23	0.20658259	0.00033520856536180027
CD8B	6.2272727272727275	1.0	0.04740723	1.0
MLH3	6.242424242424242	1.0	0.5750572	0.0
AGT	8.378787878787879	1.0	0.1139909	1.0
BAAT	15.0	1.0	0.13867292	1.0
RTKN	5.045454545454546	1.4229306440703084e-59	0.30072314	2.764530754537193e-91
IPO13	5.166666666666667	9.397055613032697e-48	0.30462354	6.576773142180649e-97
SCAMP5	9.5	1.0	0.048247375	1.0
P2RX3	15.0	1.0	0.12886274	1.0
LIN37	5.924242424242424	0.0033040705224971884	0.089752525	1.0
OCLN	4.106060606060606	2.4294474174401478e-179	0.21755545	1.6684728186226453e-08
TNFSF12	5.666666666666667	3.978664970448861e-12	0.073306456	1.0
HAUS2	5.909090909090909	0.0015217723481678817	0.054296855	1.0
TPD52	9.303030303030303	1.0	0.035013456	1.0
CYFIP1	4.5606060606060606	2.0701982173404105e-116	0.6128794	0.0
DNAJB9	4.818181818181818	1.6425866582786677e-84	0.04028808	1.0
CDC42EP3	4.757575757575758	1.0619875368314136e-91	0.12993671	1.0
DUSP13	4.454545454545454	1.8518644066753443e-130	0.2602668	4.95212221553382e-41
ZNF20	5.090909090909091	5.1713704161927095e-55	0.28374228	2.8677945697193752e-68
PDE4B	4.590909090909091	1.7383763998462225e-112	0.5817397	0.0
EP400	4.287878787878788	2.2087249048920608e-153	0.65185165	0.0
IL27	5.121212121212121	4.676730757762688e-52	0.053327184	1.0
EBI3	5.121212121212121	4.676730757762688e-52	0.05751524	1.0
SYNDIG1	5.590909090909091	5.007830731219704e-16	0.061208785	1.0
USH1G	10.121212121212121	1.0	0.15192743	1.0
FGF23	6.53030303030303	1.0	0.14100255	1.0
LRAT	5.318181818181818	1.3394031029632731e-34	0.03439659	1.0
SLC5A7	5.424242424242424	1.4589219929881028e-26	0.17443922	1.0
BTG3	4.53030303030303	2.2306482421952033e-120	0.1901832	0.6422881043817072
KLRC4	15.0	1.0	0.035763428	1.0
LMAN1	10.121212121212121	1.0	0.17423701	1.0
APOB	6.454545454545454	1.0	0.65113276	0.0
COMMD7	7.924242424242424	1.0	0.05924512	1.0
DBNDD2	5.651515151515151	7.347178639562884e-13	0.15386279	1.0
CD63	6.696969696969697	1.0	0.046918247	1.0
RAB9A	5.166666666666667	9.397055613032697e-48	0.055964217	1.0
CAPNS2	6.196969696969697	1.0	0.07629382	1.0
MITD1	9.424242424242424	1.0	0.032776825	1.0
TNFSF13	6.045454545454546	0.254656797901843	0.05397742	1.0
CD48	4.696969696969697	4.296316092130633e-99	0.1656692	1.0
USP21	6.257575757575758	1.0	0.34137797	9.189669730774827e-155
FBXO44	5.863636363636363	0.0001074974518139196	0.107994094	1.0
TMEM9	6.742424242424242	1.0	0.04494845	1.0
RPS6	5.0606060606060606	4.89685641010256e-58	0.13086772	1.0
ETHE1	5.03030303030303	3.992657506387221e-61	0.17478238	1.0
WISP2	7.53030303030303	1.0	0.087943725	1.0
CRH	15.0	1.0	0.04358486	1.0
VPS11	7.257575757575758	1.0	0.56178087	0.0
PRF1	5.196969696969697	5.681854045967462e-45	0.30950707	4.146309361401524e-104
TP53RK	3.9545454545454546	1.4292587375731596e-201	0.058498684	1.0
ZFAND3	6.363636363636363	1.0	0.07265049	1.0
MYO5B	5.454545454545454	1.875469319795333e-24	0.6568799	0.0
RASL11B	5.242424242424242	6.099209833098505e-41	0.16145067	1.0
EMD	4.484848484848484	2.1281592221250877e-126	0.05562353	1.0
CASP3	3.3484848484848486	7.473489191439268e-293	-0.16574284	1.0
MEX3B	4.106060606060606	2.4294474174401478e-179	0.46005046	0.0
TYR	7.151515151515151	1.0	0.13298717	1.0
TAF15	4.848484848484849	5.380669780436885e-81	0.4248478	1.8435707313016228e-303
TSPO	15.0	1.0	0.03566823	1.0
XBP1	3.9696969696969697	2.4674890859968454e-199	0.27405137	2.5279420568376066e-56
RCOR2	6.7727272727272725	1.0	0.18072905	1.0
PATZ1	4.909090909090909	3.9245179205093584e-74	0.18525648	1.0
HLA-DRA	15.0	1.0	0.014616844	1.0
PCID2	5.712121212121212	4.622182304966331e-10	0.11670625	1.0
POM121	4.909090909090909	3.9245179205093584e-74	0.6045003	0.0
NR2C2	3.712121212121212	8.857636845961859e-238	0.28198007	4.996953871103172e-66
CCDC127	5.106060606060606	1.5872832289342982e-53	0.13615172	1.0
ATXN7	4.651515151515151	9.179932486875994e-105	0.622095	0.0
CTSG	7.045454545454546	1.0	-0.027092176	1.0
SH3BP4	4.363636363636363	7.512830586913155e-143	0.58583605	0.0
TRIM29	4.848484848484849	5.380669780436885e-81	0.27354896	9.914440633797025e-56
RCBTB2	5.590909090909091	5.007830731219704e-16	0.22254087	4.9749266475960144e-11
BEND2	5.151515151515151	3.59408870467608e-49	0.5603662	0.0
MED24	3.9696969696969697	2.4674890859968454e-199	0.6214985	0.0
SET	4.075757575757576	9.425084823205431e-184	-0.032549083	1.0
DPM3	15.0	1.0	0.04207338	1.0
MAF1	4.696969696969697	4.296316092130633e-99	0.153468	1.0
HOMEZ	5.106060606060606	1.5872832289342982e-53	0.17816055	1.0
CLIC4	4.196969696969697	2.9882021010514624e-166	0.2679281	2.835641911527328e-49
IGF2BP2	5.484848484848484	1.988067711542528e-22	0.21108186	9.342699956930922e-06
TNPO2	5.045454545454546	1.4229306440703084e-59	0.2666718	7.065296450063225e-48
CEBPE	3.9393939393939394	8.13036209830832e-204	0.10297539	1.0
PPP2R1A	4.2727272727272725	1.6441818492106707e-155	0.14516668	1.0
ETV7	5.378787878787879	7.002849665867642e-30	0.06784609	1.0
RHOU	4.196969696969697	2.9882021010514624e-166	0.33230132	9.020470129391664e-140
CHMP4C	7.424242424242424	1.0	0.06777769	1.0
ASIC1	5.212121212121212	1.3139036660141977e-43	0.2950032	2.9539300264052636e-83
SPIN1	5.121212121212121	4.676730757762688e-52	0.1527325	1.0
TYRP1	6.151515151515151	1.0	0.14322378	1.0
ZNF417	5.106060606060606	1.5872832289342982e-53	0.45151812	0.0
CEBPD	3.9393939393939394	8.13036209830832e-204	0.3201544	2.246865557367675e-120
HSD17B10	5.545454545454546	1.2242493613827866e-18	0.12855601	1.0
PITPNM3	4.742424242424242	1.5808109845269243e-93	0.5842695	0.0
GSR	6.863636363636363	1.0	0.102696806	1.0
SDC2	7.242424242424242	1.0	0.0342282	1.0
AP1AR	6.378787878787879	1.0	0.11169192	1.0
ASNS	6.7727272727272725	1.0	0.25675726	1.7658313193394537e-37
MMP26	7.5606060606060606	1.0	0.116717376	1.0
CPNE3	7.242424242424242	1.0	0.2636254	1.4557969598618723e-44
DCUN1D1	5.0	2.784639304065503e-64	0.15481944	1.0
PSMB6	5.166666666666667	9.397055613032697e-48	0.09432909	1.0
PTPRN	7.121212121212121	1.0	0.5563671	0.0
MYL12B	15.0	1.0	0.04930189	1.0
NRIP2	4.7272727272727275	2.2662035039882355e-95	0.17799109	1.0
SIM2	4.5	2.201714823989054e-124	0.38928953	1.1020406167213676e-238
PHB	3.787878787878788	2.115340487863969e-226	0.24217343	2.495603251657896e-24
TRAF3IP2	4.257575757575758	1.225183680326422e-157	0.48184013	0.0
NQO2	7.045454545454546	1.0	0.053012356	1.0
SORL1	6.484848484848484	1.0	0.68135315	0.0
FCER1A	5.242424242424242	6.099209833098505e-41	0.06496018	1.0
SLC30A9	3.9545454545454546	1.4292587375731596e-201	0.46804512	0.0
COPS7B	5.5606060606060606	9.57038049901898e-18	0.05843886	1.0
RWDD3	4.4393939393939394	1.673299379658336e-132	0.20394553	0.0020070963406244825
SMN1	4.818181818181818	1.6425866582786677e-84	-0.14664559	1.0
CYP1A1	15.0	1.0	0.13137032	1.0
EPHB4	4.742424242424242	1.5808109845269243e-93	0.61311656	0.0
NAA15	15.0	1.0	0.20996137	2.4255086022976842e-05
NRBP1	5.015151515151516	1.0736043812980293e-62	0.27956083	5.31751238859434e-63
MYOZ2	4.96969696969697	1.6768237566517874e-67	0.16614743	1.0
ZBTB3	4.803030303030303	2.7367645399029442e-86	0.38184834	2.7743599362602387e-225
CCDC107	5.409090909090909	1.1965605630142752e-27	0.17651546	1.0
JMY	4.151515151515151	9.15888580977784e-173	0.60395825	0.0
MPDU1	6.984848484848484	1.0	0.08617995	1.0
SPR	5.075757575757576	1.6271107072498622e-56	0.12174048	1.0
CFHR4	10.151515151515152	1.0	0.29539862	8.389524470499115e-84
AKAP1	4.621212121212121	1.3207905061700894e-108	0.52264136	0.0
PRAF2	7.212121212121212	1.0	0.041871414	1.0
KCTD4	5.5	1.8957199282862748e-21	0.18142414	1.0
PSMB1	6.166666666666667	1.0	0.037467662	1.0
GALNT4	9.212121212121213	1.0	0.14404358	1.0
TNNI3	5.787878787878788	4.385663779892977e-07	0.02977168	1.0
RAB11FIP3	5.075757575757576	1.6271107072498622e-56	0.2907127	2.0518736994735156e-77
IRF2BP2	4.878787878787879	1.5453967442950229e-77	0.26448447	1.734515382001196e-45
STX3	6.818181818181818	1.0	-0.0062094075	1.0
ASGR1	6.606060606060606	1.0	0.03765291	1.0
GSC	3.893939393939394	1.469768442176506e-210	0.28559062	1.1909065424247183e-70
NUPL1	5.53030303030303	1.4921710187680277e-19	0.3085668	1.0382432437289622e-102
MAGEA11	5.015151515151516	1.0736043812980293e-62	-0.049031027	1.0
TDP1	4.7727272727272725	6.9489106635318485e-90	0.35428476	1.0804778462422426e-176
BPGM	5.03030303030303	3.992657506387221e-61	0.11039182	1.0
PMCH	15.0	1.0	0.03902866	1.0
MAPRE3	4.924242424242424	1.874969259881809e-72	0.09845861	1.0
CD58	4.984848484848484	6.973868836232615e-66	0.075941205	1.0
COL4A3BP	5.712121212121212	4.622182304966331e-10	0.24650998	5.835041225888827e-28
NXPH2	6.636363636363637	1.0	0.08810917	1.0
CARD10	4.863636363636363	2.926718135188438e-79	0.5988294	0.0
GATAD2B	3.984848484848485	4.290407050829078e-197	0.4679661	0.0
REN	15.0	1.0	0.10210349	1.0
UTP6	5.363636363636363	4.9677529912471725e-31	0.41721633	1.6666495671931911e-289
FGF5	5.242424242424242	6.099209833098505e-41	0.115317516	1.0
WDR47	5.393939393939394	9.413594363001394e-29	0.42518923	4.3768400684277635e-304
SFMBT1	6.2272727272727275	1.0	0.3553668	1.4691677049447956e-178
BPIFA1	5.409090909090909	1.1965605630142752e-27	0.17651546	1.0
ARSF	4.818181818181818	1.6425866582786677e-84	0.33549896	5.234586233281421e-145
CBX7	5.893939393939394	0.0006641214396199383	0.07680094	1.0
PDHX	6.666666666666667	1.0	0.15237847	1.0
MGAT4B	8.242424242424242	1.0	0.2174503	1.8692934596061535e-08
RAB15	7.075757575757576	1.0	0.051900465	1.0
ICAM2	5.106060606060606	1.5872832289342982e-53	0.117014505	1.0
MBD4	4.2727272727272725	1.6441818492106707e-155	0.42929202	1.379305211823e-311
NXPH3	6.636363636363637	1.0	0.092600554	1.0
MCL1	4.5	2.201714823989054e-124	-0.030978303	1.0
GNB2L1	3.727272727272727	1.706218311485279e-235	-0.110900804	1.0
MYLIP	15.0	1.0	0.059812445	1.0
HCRTR2	15.0	1.0	0.113388345	1.0
EXOSC6	6.136363636363637	0.9665881464844287	-0.075582944	1.0
NOP56	5.03030303030303	3.992657506387221e-61	0.32741857	7.07962655564848e-132
XPA	4.2727272727272725	1.6441818492106707e-155	0.033079624	1.0
SDCBP2	6.181818181818182	1.0	0.012731469	1.0
COPS7A	3.9242424242424243	4.600422224434154e-206	0.11671511	1.0
HNRNPR	15.0	1.0	0.10295901	1.0
DACH1	3.9696969696969697	2.4674890859968454e-199	0.47934157	0.0
COASY	5.2272727272727275	2.9052237252149825e-42	0.32317448	4.035883441602889e-125
PMP22	15.0	1.0	0.034904618	1.0
ARL6	15.0	1.0	0.03331443	1.0
ZNF451	4.2727272727272725	1.6441818492106707e-155	0.628336	0.0
MADD	5.363636363636363	4.9677529912471725e-31	0.687719	0.0
RNF138	6.015151515151516	0.11603843419891441	0.10444317	1.0
COMMD1	6.924242424242424	1.0	-0.024311079	1.0
PHB2	3.8484848484848486	2.5229778063339486e-217	0.32314545	4.4841179457556563e-125
UNC5B	5.621212121212121	2.1281896348445874e-14	0.4972261	0.0
CD96	7.106060606060606	1.0	0.17370687	1.0
TOR1AIP1	4.909090909090909	3.9245179205093584e-74	0.39795238	2.2388019496605752e-254
C1QBP	3.6818181818181817	2.3853005820836463e-242	0.2998257	5.231530963966159e-90
SMARCA2	3.696969696969697	4.6359708472492094e-240	0.6100645	0.0
GDNF	5.924242424242424	0.0033040705224971884	0.065867655	1.0
DRP2	7.2272727272727275	1.0	0.49288508	0.0
POLR3C	5.893939393939394	0.0006641214396199383	0.29979542	5.77418822500237e-90
EPHA1	4.681818181818182	5.689414961865554e-101	0.58759016	0.0
EPS8L1	4.893939393939394	7.917093618468979e-76	0.44693908	0.0
MAP3K2	3.9242424242424243	4.600422224434154e-206	0.4099523	3.0931380576473166e-276
EPB41L2	5.03030303030303	3.992657506387221e-61	0.6140178	0.0
TMEM70	6.863636363636363	1.0	0.04821168	1.0
ODC1	15.0	1.0	0.111873135	1.0
SPI1	3.8181818181818183	7.38036129473198e-222	-0.06482215	1.0
RASL12	3.8181818181818183	7.38036129473198e-222	0.33835432	1.0012005982457473e-149
PSME2	5.363636363636363	4.9677529912471725e-31	0.06162658	1.0
GLI3	3.9393939393939394	8.13036209830832e-204	0.62091666	0.0
TOM1L1	7.0	1.0	0.1362536	1.0
OLIG3	5.2727272727272725	2.3924807267209796e-38	0.08076287	1.0
HLTF	5.090909090909091	5.1713704161927095e-55	0.56308925	0.0
SFTPA1	8.651515151515152	1.0	0.051674146	1.0
NTF3	4.7727272727272725	6.9489106635318485e-90	0.11818582	1.0
CLINT1	4.984848484848484	6.973868836232615e-66	0.4106881	1.4048895897956209e-277
RFXAP	4.454545454545454	1.8518644066753443e-130	0.086804144	1.0
ARHGEF5	4.848484848484849	5.380669780436885e-81	0.66279954	0.0
LAPTM4A	8.287878787878787	1.0	0.056293022	1.0
SPAG7	7.742424242424242	1.0	0.072895885	1.0
NRL	6.424242424242424	1.0	0.053054724	1.0
ELF5	5.121212121212121	4.676730757762688e-52	0.118461795	1.0
RND2	6.787878787878788	1.0	0.043452155	1.0
TRAPPC4	6.242424242424242	1.0	0.05758274	1.0
NMB	15.0	1.0	0.03385955	1.0
PSMB10	5.03030303030303	3.992657506387221e-61	0.13729	1.0
KCTD5	7.045454545454546	1.0	0.05173469	1.0
MORF4L1	5.166666666666667	9.397055613032697e-48	0.026495503	1.0
TAF3	5.53030303030303	1.4921710187680277e-19	0.48180985	0.0
IGF2	6.53030303030303	1.0	0.022940952	1.0
TNFRSF11A	4.151515151515151	9.15888580977784e-173	0.23709165	2.1828211351285573e-20
SRGAP2	4.363636363636363	7.512830586913155e-143	0.59941936	0.0
OGFOD2	4.484848484848484	2.1281592221250877e-126	0.19608162	0.11019888900438615
NGF	8.575757575757576	1.0	0.08269206	1.0
AMHR2	4.424242424242424	1.483232711503633e-134	0.429748	2.024502079564e-312
PPEF1	4.818181818181818	1.6425866582786677e-84	0.4190167	8.538034929014382e-293
LASP1	5.287878787878788	4.435475492969264e-37	0.060012832	1.0
MMP14	7.590909090909091	1.0	0.07473188	1.0
RASA1	3.9242424242424243	4.600422224434154e-206	0.028449008	1.0
CYHR1	15.0	1.0	0.036847506	1.0
SFTPA2	7.651515151515151	1.0	0.069239736	1.0
MMP17	6.348484848484849	1.0	0.33838707	8.836815426373817e-150
EYA2	5.893939393939394	0.0006641214396199383	0.17894185	1.0
HES1	4.2272727272727275	6.257190620228874e-162	0.04591557	1.0
ERP29	5.2727272727272725	2.3924807267209796e-38	0.16076091	1.0
IL1A	6.03030303030303	0.17626248537921577	0.072868176	1.0
TRIM55	6.742424242424242	1.0	0.24500832	1.1231493073711262e-26
PTCHD2	5.621212121212121	2.1281896348445874e-14	0.54483795	0.0
KLRD1	15.0	1.0	0.032900523	1.0
RABGGTA	5.681818181818182	2.0488697101334917e-11	0.26224932	4.229320085926333e-43
VAPA	5.378787878787879	7.002849665867642e-30	0.068430565	1.0
C1QB	7.757575757575758	1.0	0.038763814	1.0
CAPNS1	5.878787878787879	0.00027450830962018466	0.073804736	1.0
DPYSL4	4.924242424242424	1.874969259881809e-72	0.31742263	3.9306357546885857e-116
NFATC3	4.257575757575758	1.225183680326422e-157	0.62600476	0.0
ABL1	3.484848484848485	3.5900297766434764e-272	-0.076292634	1.0
CTPS1	4.363636363636363	7.512830586913155e-143	0.43251213	1.7895967e-317
SHC3	4.303030303030303	2.9329124127824168e-151	0.4686377	0.0
EBAG9	8.5	1.0	0.05364385	1.0
HSPD1	4.287878787878788	2.2087249048920608e-153	0.3743944	5.839884215114465e-212
PPP1R16A	5.181818181818182	2.3605024707753786e-46	0.10077043	1.0
SRSF8	5.2727272727272725	2.3924807267209796e-38	0.112344675	1.0
SNRPA1	6.106060606060606	0.7203309180246135	0.10471492	1.0
MMP7	7.575757575757576	1.0	0.06886387	1.0
RCHY1	5.242424242424242	6.099209833098505e-41	0.10107151	1.0
MOG	5.666666666666667	3.978664970448861e-12	0.06503155	1.0
TSR2	6.712121212121212	1.0	0.03602445	1.0
FCGR3A	4.606060606060606	1.5330310558122995e-110	0.112081416	1.0
RAET1E	15.0	1.0	0.04889994	1.0
CDCA3	4.5	2.201714823989054e-124	0.15509619	1.0
C6orf203	6.075757575757576	0.4654418176526208	0.077109985	1.0
MED26	6.015151515151516	0.11603843419891441	0.3744036	5.625805008610953e-212
LMOD1	4.96969696969697	1.6768237566517874e-67	0.4019283	1.3201105509655462e-261
ABL2	4.378787878787879	9.114755093831552e-141	0.59853977	0.0
WBP1	4.712121212121212	3.1719869210396293e-97	0.20567802	0.0006351432276163549
PSMA1	5.136363636363637	1.329601873108839e-50	0.0527368	1.0
CLIP1	4.863636363636363	2.926718135188438e-79	0.6765364	0.0
CHMP1A	8.424242424242424	1.0	0.06084126	1.0
NOP2	4.363636363636363	7.512830586913155e-143	0.3913137	2.4168359532417716e-242
PCGF1	5.651515151515151	7.347178639562884e-13	0.15549737	1.0
KARS	4.878787878787879	1.5453967442950229e-77	0.17938997	1.0
FOSL1	4.424242424242424	1.483232711503633e-134	0.1757497	1.0
SLAMF6	4.742424242424242	1.5808109845269243e-93	0.2602983	4.597085110021873e-41
TNFRSF10C	5.181818181818182	2.3605024707753786e-46	0.043981753	1.0
USF2	3.9393939393939394	8.13036209830832e-204	0.24379782	1.1618339025709786e-25
JAK1	3.909090909090909	2.64348710704926e-208	-0.026525931	1.0
MAGED2	5.121212121212121	4.676730757762688e-52	0.39119324	3.990156548961132e-242
GAPDH	4.03030303030303	2.1087738388507592e-190	-0.10622811	1.0
APLF	6.893939393939394	1.0	0.13713865	1.0
GHR	4.015151515151516	1.2499973933095756e-192	0.29468718	8.059919783237134e-83
CTSA	15.0	1.0	0.10132272	1.0
NFAM1	4.863636363636363	2.926718135188438e-79	0.23425458	2.4620475003459244e-18
PSMF1	5.0	2.784639304065503e-64	0.11261474	1.0
CCIN	4.848484848484849	5.380669780436885e-81	0.4090113	1.615495601792855e-274
IGFBP5	5.575757575757576	7.098220602553354e-17	0.066517115	1.0
HTATIP2	4.606060606060606	1.5330310558122995e-110	0.090839416	1.0
BCOR	4.287878787878788	2.2087249048920608e-153	0.6206815	0.0
ARFGEF2	5.0606060606060606	4.89685641010256e-58	0.6532947	0.0
RPS4X	5.303030303030303	7.887011253946248e-36	0.15676871	1.0
DISC1	5.121212121212121	4.676730757762688e-52	0.46423823	0.0
FBXW7	4.045454545454546	3.500482389273137e-188	0.33437884	3.622911402671834e-143
EIF3J	5.96969696969697	0.024729877173714734	0.15563507	1.0
APC2	4.196969696969697	2.9882021010514624e-166	0.67256725	0.0
KLK1	7.7272727272727275	1.0	0.107724585	1.0
TNFAIP8	15.0	1.0	0.025189083	1.0
RIN2	5.863636363636363	0.0001074974518139196	0.3438238	7.232628995394937e-159
AQP5	5.4393939393939394	1.6925534327478274e-25	0.17130086	1.0
IL1R1	5.621212121212121	2.1281896348445874e-14	0.19527394	0.1486584382977824
SLC2A4	5.5	1.8957199282862748e-21	0.0897234	1.0
CRP	5.878787878787879	0.00027450830962018466	0.055979706	1.0
ATG10	8.621212121212121	1.0	0.04048222	1.0
TNF	6.318181818181818	1.0	0.03174576	1.0
CRYBA2	15.0	1.0	0.029937755	1.0
SPATC1	5.075757575757576	1.6271107072498622e-56	0.36405945	1.0805956320725154e-193
BDNF	5.7727272727272725	1.240247868738064e-07	0.04962322	1.0
GSTM3	15.0	1.0	0.02674817	1.0
NEIL2	4.2727272727272725	1.6441818492106707e-155	0.22780079	4.4868316416625195e-14
TREM1	15.0	1.0	0.042569395	1.0
CENPJ	4.166666666666667	1.3774237346063119e-170	0.6191126	0.0
CBFA2T2	4.515151515151516	2.2372994385292133e-122	0.4736419	0.0
FUBP3	6.136363636363637	0.9665881464844287	0.21342804	1.1089335717316412e-06
RACGAP1	4.121212121212121	3.8192567646814513e-177	0.33074602	3.0486537518160773e-137
BATF2	5.045454545454546	1.4229306440703084e-59	0.17373382	1.0
EIF5A2	15.0	1.0	0.04251149	1.0
RAD1	4.681818181818182	5.689414961865554e-101	0.08429662	1.0
SLC22A2	6.03030303030303	0.17626248537921577	0.14458129	1.0
NAA11	15.0	1.0	0.06066014	1.0
DERL2	8.333333333333334	1.0	0.049298283	1.0
ELANE	6.333333333333333	1.0	-0.09443196	1.0
TPM3	5.348484848484849	3.361814908486116e-32	0.013221632	1.0
THAP8	3.9242424242424243	4.600422224434154e-206	0.17427342	1.0
EMX2	5.393939393939394	9.413594363001394e-29	0.07328214	1.0
IRF3	4.303030303030303	2.9329124127824168e-151	0.15939698	1.0
SEMA6D	6.575757575757576	1.0	0.4781168	0.0
SLA	4.409090909090909	1.2861037409784286e-136	0.272659	1.0994024003816631e-54
PRDX3	5.515151515151516	1.7246853142774622e-20	0.12254269	1.0
TOP3A	4.924242424242424	1.874969259881809e-72	0.54105777	0.0
MYOM1	6.121212121212121	0.8477923380061042	0.66489846	0.0
PARP10	4.2727272727272725	1.6441818492106707e-155	0.5941443	0.0
DNASE1	4.742424242424242	1.5808109845269243e-93	0.18007702	1.0
LBP	10.787878787878787	1.0	0.081667066	1.0
CALB1	5.212121212121212	1.3139036660141977e-43	0.023455497	1.0
FMNL3	5.424242424242424	1.4589219929881028e-26	0.5687067	0.0
DFFA	4.318181818181818	3.8075011752609048e-149	0.15081196	1.0
IGFBP1	7.484848484848484	1.0	0.09615967	1.0
RDX	5.015151515151516	1.0736043812980293e-62	0.43243125	2.515007e-317
SNX9	4.424242424242424	1.483232711503633e-134	0.4854204	0.0
SPDYA	4.257575757575758	1.225183680326422e-157	0.20261647	0.004542515774651091
BIRC7	4.318181818181818	3.8075011752609048e-149	0.20788187	0.0001277621231734087
PDLIM5	4.303030303030303	2.9329124127824168e-151	0.48297897	0.0
ARHGAP27	5.2727272727272725	2.3924807267209796e-38	0.12785542	1.0
VPREB1	15.0	1.0	0.029040024	1.0
PRR14	5.484848484848484	1.988067711542528e-22	0.2937686	1.4724744277357425e-81
MBD3	4.393939393939394	1.0948844848673155e-138	0.07184757	1.0
LRRC18	6.5	1.0	0.046765674	1.0
DNAJB2	4.106060606060606	2.4294474174401478e-179	0.19786358	0.05272193549666998
EAF2	6.090909090909091	0.5901931783435886	0.05320816	1.0
FRAT1	4.333333333333333	4.8731389520965527e-147	0.19569083	0.12767892726838057
NCK1	3.9242424242424243	4.600422224434154e-206	-0.15606384	1.0
GEMIN4	5.287878787878788	4.435475492969264e-37	0.6171054	0.0
MYH1	5.666666666666667	3.978664970448861e-12	0.5942383	0.0
E2F6	4.409090909090909	1.2861037409784286e-136	0.07643057	1.0
TFPT	7.090909090909091	1.0	0.045441102	1.0
CD8A	6.166666666666667	1.0	0.018842872	1.0
CHMP4A	6.424242424242424	1.0	0.043738145	1.0
PIWIL2	6.0	0.07311233693762956	0.4462946	0.0
ARID3A	3.909090909090909	2.64348710704926e-208	0.47000137	0.0
NECAP1	4.545454545454546	2.1705639517453993e-118	0.17243329	1.0
ZNF496	4.833333333333333	9.548106231121443e-83	0.39414123	1.8326047866564703e-247
ZNF652	5.181818181818182	2.3605024707753786e-46	0.43096653	1.1976092377e-314
ICAM4	5.787878787878788	4.385663779892977e-07	0.1392938	1.0
ZC2HC1C	5.378787878787879	7.002849665867642e-30	0.21500717	2.3784042578728372e-07
IFI35	4.96969696969697	1.6768237566517874e-67	0.07046332	1.0
C4BPB	9.121212121212121	1.0	0.06271648	1.0
CASP6	3.787878787878788	2.115340487863969e-226	-0.07861891	1.0
ANKRD27	4.545454545454546	2.1705639517453993e-118	0.5839086	0.0
VCL	4.075757575757576	9.425084823205431e-184	0.3401176	1.1682653135144244e-152
SEMG2	6.393939393939394	1.0	0.22615556	4.434040800471879e-13
TOE1	9.212121212121213	1.0	0.11763271	1.0
PDX1	4.787878787878788	4.431250677636168e-88	0.049712703	1.0
SEC23IP	4.863636363636363	2.926718135188438e-79	0.54100513	0.0
CMPK1	15.0	1.0	0.046440423	1.0
LOXL1	9.136363636363637	1.0	0.19277994	0.3337536808348211
TCP10L	7.4393939393939394	1.0	0.030952638	1.0
HLA-DQA2	5.893939393939394	0.0006641214396199383	0.047312744	1.0
BRDT	5.696969696969697	9.995055185491281e-11	0.29906094	6.333575857757097e-89
DAGLB	15.0	1.0	0.11731084	1.0
F5	7.242424242424242	1.0	0.67333	0.0
PLEKHF2	6.181818181818182	1.0	0.0128166955	1.0
PRDX4	4.893939393939394	7.917093618468979e-76	0.12442995	1.0
SURF2	5.833333333333333	1.4045368745137865e-05	0.062966906	1.0
CTDSPL	4.651515151515151	9.179932486875994e-105	0.076383196	1.0
CITED2	4.151515151515151	9.15888580977784e-173	0.21047899	1.569523291792399e-05
USP33	6.196969696969697	1.0	0.27483055	3.000965828390201e-57
EFTUD2	5.212121212121212	1.3139036660141977e-43	0.47461367	0.0
KIR2DL4	5.7727272727272725	1.240247868738064e-07	0.07077582	1.0
BARX2	4.696969696969697	4.296316092130633e-99	0.16097589	1.0
SMAD3	3.090909090909091	0.0	-0.18884718	1.0
MKI67IP	6.106060606060606	0.7203309180246135	0.09766803	1.0
ARNTL	4.4393939393939394	1.673299379658336e-132	0.43405923	2.6704e-320
STX12	6.818181818181818	1.0	0.10868554	1.0
HNRNPAB	4.075757575757576	9.425084823205431e-184	0.22786964	4.0694764900503065e-14
EMILIN2	15.0	1.0	0.32030374	1.3129052838893039e-120
GALNT6	7.075757575757576	1.0	0.3993643	6.0919862587147165e-257
ZEB1	3.8615384615384616	2.3467488869592044e-215	0.5958179	0.0
BCAS1	5.2727272727272725	2.3924807267209796e-38	0.27394408	3.3861622339459934e-56
CCNC	6.015151515151516	0.11603843419891441	0.1031787	1.0
DLX5	4.575757575757576	1.9231756304013163e-114	0.16548948	1.0
USP25	4.803030303030303	2.7367645399029442e-86	0.56513476	0.0
IGFBP3	5.833333333333333	1.4045368745137865e-05	0.01505731	1.0
ATP1A3	5.151515151515151	3.59408870467608e-49	0.5594663	0.0
KLHL26	5.409090909090909	1.1965605630142752e-27	0.30990973	1.0387223572635562e-104
RBL2	4.0	7.386654389169344e-195	0.18610781	1.0
BLVRB	15.0	1.0	0.025281964	1.0
IL1B	6.03030303030303	0.17626248537921577	0.061383985	1.0
AFP	6.151515151515151	1.0	0.31321758	1.080975204427119e-109
FARSA	15.0	1.0	0.1077682	1.0
HSD17B14	4.848484848484849	5.380669780436885e-81	0.13211712	1.0
CDC73	6.090909090909091	0.5901931783435886	0.11572691	1.0
GPC3	13.712121212121213	1.0	0.11676013	1.0
C1QC	8.757575757575758	1.0	0.051729117	1.0
COL4A6	7.075757575757576	1.0	0.6187365	0.0
PPP1R3B	4.515151515151516	2.2372994385292133e-122	0.14911966	1.0
IRF2BP1	4.545454545454546	2.1705639517453993e-118	0.3702605	1.2714131380428733e-204
RCAN3	6.787878787878788	1.0	0.044545747	1.0
HOXA9	4.2727272727272725	1.6441818492106707e-155	0.13567573	1.0
NLRP4	4.363636363636363	7.512830586913155e-143	0.5870812	0.0
BNIPL	4.378787878787879	9.114755093831552e-141	0.09833133	1.0
FGA	6.318181818181818	1.0	0.34278074	4.0977004322108954e-157
LPL	7.909090909090909	1.0	0.10064422	1.0
APOBEC2	15.0	1.0	0.03892198	1.0
CHMP6	15.0	1.0	0.02059397	1.0
SLC6A1	6.409090909090909	1.0	0.30070356	2.9473078354066297e-91
ZAP70	4.242424242424242	8.837767506374353e-160	-0.117016956	1.0
CD81	6.151515151515151	1.0	0.016084123	1.0
MIP	5.409090909090909	1.1965605630142752e-27	0.03920286	1.0
CNOT8	5.2727272727272725	2.3924807267209796e-38	0.014257241	1.0
HDHD3	5.757575757575758	3.3260698279418764e-08	0.08953024	1.0
PSMG2	7.393939393939394	1.0	0.050026562	1.0
RHOXF2	4.984848484848484	6.973868836232615e-66	-0.12779744	1.0
TRAF1	4.287878787878788	2.2087249048920608e-153	-0.13888384	1.0
C9orf78	5.333333333333333	2.1706753254292354e-33	0.076964125	1.0
NRG2	5.166666666666667	9.397055613032697e-48	0.6044836	0.0
VPS37B	4.818181818181818	1.6425866582786677e-84	0.07583845	1.0
IL22RA2	15.0	1.0	0.023367489	1.0
PITPNA	4.333333333333333	4.8731389520965527e-147	0.20866942	6.92024624117651e-05
HEXIM2	4.590909090909091	1.7383763998462225e-112	0.19228944	0.3833410964546696
FAM124B	4.787878787878788	4.431250677636168e-88	0.20962134	3.213589642317476e-05
RPP30	15.0	1.0	0.067482546	1.0
CD40LG	5.4393939393939394	1.6925534327478274e-25	0.028310189	1.0
HUS1B	5.348484848484849	3.361814908486116e-32	0.13132781	1.0
PRKCB	3.772727272727273	1.1509613505943056e-228	-0.08978207	1.0
EWSR1	4.242424242424242	8.837767506374353e-160	-0.13363741	1.0
COG1	15.0	1.0	0.46873462	0.0
HMGCL	8.393939393939394	1.0	0.018200602	1.0
PLD2	4.075757575757576	9.425084823205431e-184	0.25973707	1.7363543766144303e-40
ITIH2	5.96969696969697	0.024729877173714734	0.31437156	1.896046849708131e-111
OAZ2	15.0	1.0	0.041120432	1.0
DNAJC2	6.181818181818182	1.0	0.12717795	1.0
FCGR2A	4.484848484848484	2.1281592221250877e-126	0.25624594	5.6584957527499345e-37
ZMYND19	15.0	1.0	0.056813173	1.0
MYB	3.878787878787879	8.171994366410397e-213	0.12695207	1.0
MLF1	6.015151515151516	0.11603843419891441	0.04152533	1.0
EXOSC7	6.2272727272727275	1.0	-0.030874383	1.0
PIK3C2B	4.303030303030303	2.9329124127824168e-151	0.6596336	0.0
NXF1	5.151515151515151	3.59408870467608e-49	0.35885054	1.349250710280267e-184
NRBF2	4.378787878787879	9.114755093831552e-141	0.25948003	3.185318987814688e-40
GLI2	4.818181818181818	1.6425866582786677e-84	0.67122334	0.0
CUTC	5.484848484848484	1.988067711542528e-22	0.17246228	1.0
C1orf35	5.590909090909091	5.007830731219704e-16	0.050908312	1.0
EIF2AK3	4.151515151515151	9.15888580977784e-173	0.61799204	0.0
TPD52L2	9.303030303030303	1.0	0.018667031	1.0
ANKRD44	7.257575757575758	1.0	0.35458794	3.2464379584840794e-177
CFD	8.303030303030303	1.0	0.06091102	1.0
SMN2	5.590909090909091	5.007830731219704e-16	-0.041642066	1.0
TLX2	4.363636363636363	7.512830586913155e-143	0.15320659	1.0
VPS13D	6.363636363636363	1.0	0.60913986	0.0
TNFRSF14	5.03030303030303	3.992657506387221e-61	0.13863528	1.0
TPM4	4.636363636363637	1.1170269528111936e-106	0.17044374	1.0
MRPL28	7.621212121212121	1.0	0.044967234	1.0
NXPH1	6.636363636363637	1.0	0.08494595	1.0
DLGAP4	4.651515151515151	9.179932486875994e-105	0.19132803	0.49258014029517855
SIGLEC12	4.742424242424242	1.5808109845269243e-93	0.43276256	6.239876e-318
ATRNL1	15.0	1.0	0.4544554	0.0
FIP1L1	15.0	1.0	0.10909799	1.0
SON	3.9242424242424243	4.600422224434154e-206	0.64331347	0.0
SSR1	4.878787878787879	1.5453967442950229e-77	0.15963101	1.0
GAD2	5.575757575757576	7.098220602553354e-17	0.22147521	1.8472146425019766e-10
CTRB1	8.166666666666666	1.0	0.034713335	1.0
ING2	4.121212121212121	3.8192567646814513e-177	0.26889482	2.32464973115013e-50
STX6	7.621212121212121	1.0	0.0004391246	1.0
OTUB1	4.757575757575758	1.0619875368314136e-91	0.17262445	1.0
CRYBA1	15.0	1.0	0.024769105	1.0
CDK13	5.424242424242424	1.4589219929881028e-26	0.6498474	0.0
KLC4	4.2727272727272725	1.6441818492106707e-155	0.44233048	0.0
CKAP4	5.454545454545454	1.875469319795333e-24	0.3976791	7.007441754940206e-254
KCNQ5	4.818181818181818	1.6425866582786677e-84	0.41836703	1.3127689362426872e-291
DDAH2	5.757575757575758	3.3260698279418764e-08	0.07668476	1.0
FEM1B	4.787878787878788	4.431250677636168e-88	0.40696317	8.826304701717357e-271
QSOX1	5.409090909090909	1.1965605630142752e-27	0.37098643	6.582383860280934e-206
ABCB5	7.166666666666667	1.0	0.3094868	4.443930956171231e-104
PHOX2A	4.2727272727272725	1.6441818492106707e-155	0.18248639	1.0
CCDC17	6.575757575757576	1.0	0.2695674	4.027968063075999e-51
DAAM1	4.590909090909091	1.7383763998462225e-112	0.6113797	0.0
IL18R1	5.621212121212121	2.1281896348445874e-14	0.14225662	1.0
HOXD12	5.257575757575758	1.2355595419735018e-39	0.08489032	1.0
DAPP1	4.2272727272727275	6.257190620228874e-162	0.32431662	6.279908116658246e-127
PEX11A	10.166666666666666	1.0	0.072006874	1.0
NRSN1	15.0	1.0	0.029572485	1.0
GRN	6.075757575757576	0.4654418176526208	0.15921386	1.0
CTRL	8.030303030303031	1.0	0.04875188	1.0
RPE65	7.166666666666667	1.0	0.12071213	1.0
LYL1	5.045454545454546	1.4229306440703084e-59	0.08875217	1.0
PCSK1N	15.0	1.0	0.024779966	1.0
MSH4	6.166666666666667	1.0	0.38445294	5.793180294094236e-230
PGR	3.727272727272727	1.706218311485279e-235	0.053315755	1.0
MORF4L2	4.196969696969697	2.9882021010514624e-166	0.17308281	1.0
ASB9	6.818181818181818	1.0	0.039506547	1.0
CSF3R	4.5	2.201714823989054e-124	0.5292082	0.0
RPP38	15.0	1.0	0.008583171	1.0
CDK5R1	3.8181818181818183	7.38036129473198e-222	-0.022564964	1.0
FCGR3B	7.878787878787879	1.0	0.023300651	1.0
RPN2	5.181818181818182	2.3605024707753786e-46	0.3491529	6.75643218803725e-168
RGS9BP	15.0	1.0	0.025713911	1.0
PRC1	5.378787878787879	7.002849665867642e-30	0.4456843	0.0
CFDP1	3.9242424242424243	4.600422224434154e-206	0.26375633	1.0547748587898397e-44
MUS81	15.0	1.0	0.14042851	1.0
TRAF3IP1	5.409090909090909	1.1965605630142752e-27	0.37041682	6.727476778793397e-205
RIN3	5.257575757575758	1.2355595419735018e-39	0.42745	3.220960922688996e-308
CIC	5.106060606060606	1.5872832289342982e-53	0.3821346	8.504956576054814e-226
MIF4GD	6.4393939393939394	1.0	0.05177944	1.0
CABYR	4.333333333333333	4.8731389520965527e-147	0.18082783	1.0
KIF1C	3.878787878787879	8.171994366410397e-213	0.600682	0.0
KIF17	5.0606060606060606	4.89685641010256e-58	0.30859837	9.322535182734213e-103
RWDD1	6.090909090909091	0.5901931783435886	0.034445457	1.0
COL5A2	5.863636363636363	0.0001074974518139196	0.6296187	0.0
USP53	5.045454545454546	1.4229306440703084e-59	0.5833972	0.0
SP2	4.606060606060606	1.5330310558122995e-110	0.4027798	3.718138741432046e-263
SNF8	15.0	1.0	0.021849956	1.0
GPC4	6.893939393939394	1.0	0.40116635	3.216777453142245e-260
STAT3	3.3333333333333335	3.5057232681679496e-295	-0.09372201	1.0
MMP25	7.151515151515151	1.0	0.1603482	1.0
SYTL3	6.015151515151516	0.11603843419891441	0.34397554	4.015665943059494e-159
TNFSF13B	6.045454545454546	0.254656797901843	0.014019764	1.0
TSPAN7	7.984848484848484	1.0	0.0328957	1.0
MYOC	5.212121212121212	1.3139036660141977e-43	0.024803903	1.0
REPS2	4.287878787878788	2.2087249048920608e-153	0.4147183	6.131130323363767e-285
PLD1	4.090909090909091	1.5223184067744789e-181	0.43670568	0.0
C15orf23	5.954545454545454	0.013318735761905466	0.12119272	1.0
FARP2	4.045454545454546	3.500482389273137e-188	0.59548265	0.0
PRKAB2	15.0	1.0	0.035883553	1.0
XAF1	4.833333333333333	9.548106231121443e-83	0.096253194	1.0
TFAM	15.0	1.0	0.042006124	1.0
SULT1E1	4.606060606060606	1.5330310558122995e-110	0.13413544	1.0
BCAP29	15.0	1.0	0.017189346	1.0
DCK	7.454545454545454	1.0	0.04459823	1.0
CAPZA1	4.833333333333333	9.548106231121443e-83	0.14364778	1.0
USP7	4.409090909090909	1.2861037409784286e-136	0.31918982	7.162320857001805e-119
UBASH3B	4.151515151515151	9.15888580977784e-173	0.4644749	0.0
GALNT10	15.0	1.0	0.13755481	1.0
HLA-DOA	15.0	1.0	0.039492298	1.0
XRN2	5.666666666666667	3.978664970448861e-12	0.4447271	0.0
DPPA2	4.621212121212121	1.3207905061700894e-108	0.06307385	1.0
CD80	5.363636363636363	4.9677529912471725e-31	0.082124315	1.0
CSTF2T	5.348484848484849	3.361814908486116e-32	0.3532812	5.770693284189172e-175
CACNA1D	7.196969696969697	1.0	0.6523886	0.0
TIPARP	4.803030303030303	2.7367645399029442e-86	0.23722655	1.7335003137420058e-20
CSN2	5.484848484848484	1.988067711542528e-22	0.030810468	1.0
STOML3	4.5606060606060606	2.0701982173404105e-116	0.15009326	1.0
SCAPER	6.151515151515151	1.0	0.6537659	0.0
SH3KBP1	4.2727272727272725	1.6441818492106707e-155	0.081212945	1.0
ENOX1	4.46969696969697	2.0157488759722106e-128	0.44858047	0.0
YRDC	5.378787878787879	7.002849665867642e-30	0.033576794	1.0
MYOD1	3.696969696969697	4.6359708472492094e-240	-0.11800794	1.0
CCNG1	3.6818181818181817	2.3853005820836463e-242	0.15056576	1.0
RPL7A	5.303030303030303	7.887011253946248e-36	0.058805197	1.0
CXorf40A	15.0	1.0	0.026310792	1.0
POLR1B	5.0606060606060606	4.89685641010256e-58	0.5541075	0.0
SIX2	5.075757575757576	1.6271107072498622e-56	0.13485065	1.0
GPN1	5.136363636363637	1.329601873108839e-50	0.13115528	1.0
SMPD1	5.484848484848484	1.988067711542528e-22	0.22572437	7.958628900992625e-13
LRP4	15.0	1.0	0.59654194	0.0
C1orf63	5.348484848484849	3.361814908486116e-32	0.07148227	1.0
INADL	5.03030303030303	3.992657506387221e-61	0.279783	2.8182346770777483e-63
KDM5A	3.8333333333333335	1.3485832323205122e-219	0.6333187	0.0
SYT3	6.636363636363637	1.0	0.26482448	7.429130269197644e-46
NLRP3	6.121212121212121	0.8477923380061042	0.28779888	1.543943277576622e-73
AP2B1	5.196969696969697	5.681854045967462e-45	0.268432	7.719637410893626e-50
POLR2C	5.045454545454546	1.4229306440703084e-59	-0.042804446	1.0
ITGA3	5.651515151515151	7.347178639562884e-13	0.43474072	1.537e-321
UBQLN1	4.878787878787879	1.5453967442950229e-77	-0.011817174	1.0
GRIK5	6.015151515151516	0.11603843419891441	0.3275401	4.518940328528412e-132
C1QTNF1	5.409090909090909	1.1965605630142752e-27	0.08509851	1.0
APOBEC1	15.0	1.0	0.019678537	1.0
RIPK1	3.9545454545454546	1.4292587375731596e-201	0.03357075	1.0
CDK10	4.833333333333333	9.548106231121443e-83	0.11308307	1.0
ZNF691	5.090909090909091	5.1713704161927095e-55	0.14063689	1.0
SP100	4.166666666666667	1.3774237346063119e-170	0.42646384	2.0459203359192825e-306
PPA1	3.9393939393939394	8.13036209830832e-204	0.098754674	1.0
KANSL1	5.212121212121212	1.3139036660141977e-43	0.60088325	0.0
POLR3H	15.0	1.0	0.031255987	1.0
BRMS1	4.106060606060606	2.4294474174401478e-179	-0.038930975	1.0
NOS3	4.454545454545454	1.8518644066753443e-130	0.31335467	6.694506544298661e-110
MYT1	4.318181818181818	3.8075011752609048e-149	0.5868586	0.0
WEE1	3.621212121212121	1.6813079197000762e-251	0.38587034	1.626355868608634e-232
TMBIM6	4.681818181818182	5.689414961865554e-101	0.18469493	1.0
SPHK2	4.833333333333333	9.548106231121443e-83	0.45382184	0.0
GPR37	4.454545454545454	1.8518644066753443e-130	0.37372732	8.964862601153931e-211
PACS1	5.5	1.8957199282862748e-21	0.3022394	1.8604699925843889e-93
SAMD4A	4.363636363636363	7.512830586913155e-143	0.4273478	4.950267318251712e-308
HOXC9	5.909090909090909	0.0015217723481678817	0.04416433	1.0
GUCY1B3	6.075757575757576	0.4654418176526208	0.34443402	6.773248428070385e-160
ROGDI	4.606060606060606	1.5330310558122995e-110	0.19521889	0.15159028881977266
RLN1	15.0	1.0	0.039308295	1.0
CFTR	5.257575757575758	1.2355595419735018e-39	0.64213467	0.0
SYVN1	3.893939393939394	1.469768442176506e-210	0.46471348	0.0
CDC40	3.984848484848485	4.290407050829078e-197	0.4896821	0.0
HLA-DMB	15.0	1.0	0.018428935	1.0
SNAP29	7.151515151515151	1.0	0.0080982065	1.0
ATP6V1E1	5.53030303030303	1.4921710187680277e-19	-0.00025066125	1.0
TCEB3C	6.636363636363637	1.0	0.15680432	1.0
MLST8	4.742424242424242	1.5808109845269243e-93	0.0566282	1.0
STUB1	3.5303030303030303	2.824771523696977e-265	-0.032279786	1.0
SLC25A34	6.196969696969697	1.0	0.08094985	1.0
NANOS1	4.757575757575758	1.0619875368314136e-91	0.21103856	9.70020910575941e-06
SLCO1C1	7.863636363636363	1.0	0.2441253	6.201767812862329e-26
PTPRN2	5.151515151515151	3.59408870467608e-49	0.57969266	0.0
TH1L	5.46969696969697	1.979659785672327e-23	0.14243627	1.0
AKTIP	5.5606060606060606	9.57038049901898e-18	0.024420304	1.0
PEX11B	10.166666666666666	1.0	0.06776635	1.0
SOX13	4.878787878787879	1.5453967442950229e-77	0.382401	2.8282546515888308e-226
SENP6	4.454545454545454	1.8518644066753443e-130	0.596513	0.0
SNX6	4.121212121212121	3.8192567646814513e-177	0.13573779	1.0
PLEKHF1	7.515151515151516	1.0	0.03354477	1.0
CDCA8	5.015151515151516	1.0736043812980293e-62	0.045778703	1.0
TAF6	4.893939393939394	7.917093618468979e-76	0.33094406	1.4551117024892597e-137
CINP	15.0	1.0	0.02116906	1.0
GAB2	4.196969696969697	2.9882021010514624e-166	0.3468342	5.919504463666512e-164
C21orf33	8.090909090909092	1.0	0.039832976	1.0
SKA1	7.5	1.0	0.01370299	1.0
CRKL	4.181818181818182	2.0431422463121415e-168	-0.07857398	1.0
DKK1	13.712121212121213	1.0	0.07625933	1.0
JAM3	6.757575757575758	1.0	0.037768904	1.0
PRTN3	7.757575757575758	1.0	0.004003775	1.0
TIPIN	7.0606060606060606	1.0	0.072767615	1.0
HAAO	5.575757575757576	7.098220602553354e-17	0.061268054	1.0
C1orf65	5.136363636363637	1.329601873108839e-50	0.41838077	1.239551383262211e-291
CDK11B	3.8181818181818183	7.38036129473198e-222	0.436968	0.0
TSPAN15	4.818181818181818	1.6425866582786677e-84	0.09568221	1.0
ILVBL	4.5	2.201714823989054e-124	0.40611777	3.0668060357139685e-269
HIC2	4.863636363636363	2.926718135188438e-79	0.35144404	8.226336907922248e-172
DTNB	6.863636363636363	1.0	0.118822135	1.0
TACO1	5.121212121212121	4.676730757762688e-52	0.13978393	1.0
TMEM241	5.4393939393939394	1.6925534327478274e-25	0.15153146	1.0
SLIT2	6.2272727272727275	1.0	0.64202666	0.0
PRAME	15.0	1.0	0.13057399	1.0
PLA1A	6.757575757575758	1.0	0.03673581	1.0
PIR	4.757575757575758	1.0619875368314136e-91	0.121867456	1.0
LY6G6F	4.7272727272727275	2.2662035039882355e-95	0.20768708	0.0001481381626821478
CNKSR2	4.909090909090909	3.9245179205093584e-74	0.5961919	0.0
PREPL	5.348484848484849	3.361814908486116e-32	0.37355298	1.8284619613904507e-210
MS4A1	3.893939393939394	1.469768442176506e-210	0.31361857	2.660362437944146e-110
IFT80	15.0	1.0	0.26369807	1.2173953053275301e-44
CRLS1	5.606060606060606	3.3531991138491256e-15	0.13843887	1.0
DLAT	6.818181818181818	1.0	0.10385639	1.0
TLR7	5.636363636363637	1.2851410704542627e-13	0.5283228	0.0
ABCE1	15.0	1.0	0.07292623	1.0
RUFY2	4.878787878787879	1.5453967442950229e-77	0.38932613	9.471390322746793e-239
PDE4D	4.454545454545454	1.8518644066753443e-130	0.43612435	0.0
TBC1D7	4.621212121212121	1.3207905061700894e-108	0.10846447	1.0
CEP72	5.136363636363637	1.329601873108839e-50	0.45600793	0.0
SH3BP5	4.121212121212121	3.8192567646814513e-177	0.19118342	0.5101362134866932
TRH	5.984848484848484	0.04362517966007074	0.0416276	1.0
C1QL3	6.2272727272727275	1.0	0.043649856	1.0
UHRF1	6.575757575757576	1.0	0.124191545	1.0
SCNN1G	5.106060606060606	1.5872832289342982e-53	0.4133559	1.88227649505477e-282
SIRT3	8.151515151515152	1.0	0.076973446	1.0
CCDC101	4.803030303030303	2.7367645399029442e-86	0.13540173	1.0
F3	8.727272727272727	1.0	0.0686233	1.0
HLA-DMA	15.0	1.0	0.013879193	1.0
NUMB	4.0606060606060606	5.7613808878307085e-186	0.2363387	7.837252281700142e-20
TG	7.606060606060606	1.0	0.6550076	0.0
APOE	5.924242424242424	0.0033040705224971884	0.07049167	1.0
PPP1R9A	4.409090909090909	1.2861037409784286e-136	0.6159466	0.0
R3HDM1	5.151515151515151	3.59408870467608e-49	0.55279523	0.0
LDLRAP1	4.9393939393939394	8.666842423299595e-71	0.102964394	1.0
EEA1	5.5	1.8957199282862748e-21	0.5370442	0.0
MBD2	4.409090909090909	1.2861037409784286e-136	0.053515732	1.0
PPP6C	4.5	2.201714823989054e-124	0.16794467	1.0
CUEDC2	3.9393939393939394	8.13036209830832e-204	0.23822854	3.0671045737472957e-21
HOXA5	5.151515151515151	3.59408870467608e-49	0.046168998	1.0
MSLN	15.0	1.0	0.12737352	1.0
ANKRD13B	5.575757575757576	7.098220602553354e-17	0.21945913	1.9935075047170757e-09
AMOT	5.2272727272727275	2.9052237252149825e-42	0.5809365	0.0
SIAH1	4.196969696969697	2.9882021010514624e-166	-0.061030928	1.0
SRPRB	5.0	2.784639304065503e-64	0.045777325	1.0
IGSF8	6.515151515151516	1.0	0.25383058	1.249975276825794e-34
FAM131A	6.181818181818182	1.0	0.047223877	1.0
AQP3	5.075757575757576	1.6271107072498622e-56	0.09586068	1.0
MFRP	7.5	1.0	0.116576545	1.0
RPL6	4.9393939393939394	8.666842423299595e-71	0.12196824	1.0
F11	7.712121212121212	1.0	0.3339775	1.6450995491152538e-142
EAF1	8.090909090909092	1.0	0.03122347	1.0
USP6	6.257575757575758	1.0	0.36898613	2.2794405069592104e-202
GCH1	5.121212121212121	4.676730757762688e-52	0.005326596	1.0
PSMB8	8.712121212121213	1.0	0.16074009	1.0
KCNIP2	7.075757575757576	1.0	0.019598713	1.0
SOD3	11.136363636363637	1.0	0.04413636	1.0
SENP1	4.409090909090909	1.2861037409784286e-136	0.3981784	8.708905028727025e-255
ULBP1	15.0	1.0	0.020129457	1.0
SNRPA	4.742424242424242	1.5808109845269243e-93	0.05783638	1.0
FUBP1	4.348484848484849	6.158238409806613e-145	0.4592762	0.0
TTK	15.0	1.0	0.15842149	1.0
SOX30	6.803030303030303	1.0	0.094352916	1.0
THOC1	4.393939393939394	1.0948844848673155e-138	0.4277167	1.0485763886605627e-308
WRNIP1	4.909090909090909	3.9245179205093584e-74	0.35938108	1.611650591789003e-185
MFNG	5.151515151515151	3.59408870467608e-49	0.14611612	1.0
FBXO16	5.863636363636363	0.0001074974518139196	0.08731979	1.0
PDILT	9.712121212121213	1.0	0.14077546	1.0
DPPA4	4.515151515151516	2.2372994385292133e-122	0.1354527	1.0
IPO9	5.2727272727272725	2.3924807267209796e-38	0.5144243	0.0
DNALI1	5.106060606060606	1.5872832289342982e-53	0.11099246	1.0
CENPO	6.363636363636363	1.0	0.08085361	1.0
SH2B1	4.46969696969697	2.0157488759722106e-128	0.44419524	0.0
PRKCG	3.803030303030303	4.0245198343713096e-224	-0.0603774	1.0
PIH1D1	6.015151515151516	0.11603843419891441	0.08226855	1.0
CBR3	6.090909090909091	0.5901931783435886	0.05483663	1.0
PLSCR3	5.333333333333333	2.1706753254292354e-33	0.12159134	1.0
URGCP	15.0	1.0	0.26144916	2.923857717343576e-42
CIITA	4.409090909090909	1.2861037409784286e-136	0.58324593	0.0
KIR2DS4	8.151515151515152	1.0	0.0438897	1.0
ZBTB22	5.075757575757576	1.6271107072498622e-56	0.35878652	1.742971148642341e-184
NUB1	5.0	2.784639304065503e-64	0.16878365	1.0
IL17RB	8.93939393939394	1.0	0.07977049	1.0
NOTCH2	4.984848484848484	6.973868836232615e-66	0.5921855	0.0
PRKAB1	15.0	1.0	0.030830603	1.0
AKAP4	15.0	1.0	0.46510324	0.0
PIAS1	3.5454545454545454	5.521493724286175e-263	-0.01971231	1.0
CRTC1	4.363636363636363	7.512830586913155e-143	0.42349595	5.466512188667166e-301
STX1B	7.045454545454546	1.0	0.058787003	1.0
TRAPPC3	15.0	1.0	0.01486311	1.0
CNN1	4.348484848484849	6.158238409806613e-145	0.21841496	6.480441497617338e-09
CDKN1C	4.333333333333333	4.8731389520965527e-147	0.13187419	1.0
VTCN1	5.742424242424242	8.455253740774733e-09	0.026122332	1.0
MIS18BP1	4.424242424242424	1.483232711503633e-134	0.5832859	0.0
MRPL19	15.0	1.0	0.051725205	1.0
DVL1	4.106060606060606	2.4294474174401478e-179	0.30437672	1.5039900564356996e-96
ZNF167	9.242424242424242	1.0	0.028765328	1.0
CLPB	4.712121212121212	3.1719869210396293e-97	0.40486297	5.956772114004521e-267
VDAC2	5.53030303030303	1.4921710187680277e-19	0.03496215	1.0
AURKC	5.0606060606060606	4.89685641010256e-58	0.055081055	1.0
SSH3	4.878787878787879	1.5453967442950229e-77	0.42814904	1.697998768470863e-309
RAD9A	4.378787878787879	9.114755093831552e-141	-0.06458967	1.0
OTX2	5.46969696969697	1.979659785672327e-23	0.06278718	1.0
TSPY1	4.181818181818182	2.0431422463121415e-168	0.14453748	1.0
GTF2H3	5.575757575757576	7.098220602553354e-17	0.077747434	1.0
HSPA2	4.106060606060606	2.4294474174401478e-179	0.44177625	0.0
DMTF1	4.621212121212121	1.3207905061700894e-108	0.40883937	3.326705666660171e-274
ARL6IP6	15.0	1.0	0.034768604	1.0
TLX3	6.045454545454546	0.254656797901843	0.071770504	1.0
APCS	6.878787878787879	1.0	0.0077687628	1.0
PTPRH	3.8636363636363638	4.569907826037505e-215	0.6024543	0.0
FBXO25	5.196969696969697	5.681854045967462e-45	0.14230618	1.0
KLF13	4.2727272727272725	1.6441818492106707e-155	0.18512054	1.0
APPBP2	5.2727272727272725	2.3924807267209796e-38	0.08223552	1.0
CELSR1	9.606060606060606	1.0	0.6341576	0.0
MCM5	5.303030303030303	7.887011253946248e-36	0.2811081	6.253922652821098e-65
MYOZ1	4.878787878787879	1.5453967442950229e-77	0.10352935	1.0
C21orf91	5.5	1.8957199282862748e-21	0.1703084	1.0
MYD88	4.636363636363637	1.1170269528111936e-106	-0.120697424	1.0
CHM	6.242424242424242	1.0	0.084584035	1.0
SFRP2	11.712121212121213	1.0	0.05472866	1.0
APBB1IP	4.818181818181818	1.6425866582786677e-84	0.44321194	0.0
CCDC88B	6.5606060606060606	1.0	0.47551072	0.0
PIM1	4.045454545454546	3.500482389273137e-188	0.10571671	1.0
SPARC	6.242424242424242	1.0	0.030046102	1.0
MYPN	5.7727272727272725	1.240247868738064e-07	0.5447877	0.0
SAP30BP	5.0	2.784639304065503e-64	0.12618771	1.0
MSMO1	5.151515151515151	3.59408870467608e-49	0.16520888	1.0
HR	4.287878787878788	2.2087249048920608e-153	0.6034222	0.0
AK5	15.0	1.0	0.07008411	1.0
ZNF510	4.545454545454546	2.1705639517453993e-118	0.40403634	1.909402524828598e-265
CCAR1	4.196969696969697	2.9882021010514624e-166	0.60006493	0.0
GSTM2	15.0	1.0	0.009618463	1.0
ATRAID	7.045454545454546	1.0	0.027575132	1.0
TBP	3.5303030303030303	2.824771523696977e-265	-0.17394614	1.0
KATNBL1	4.909090909090909	3.9245179205093584e-74	0.11386383	1.0
PRAM1	5.0	2.784639304065503e-64	0.43922305	0.0
CHRNA4	7.878787878787879	1.0	0.11401152	1.0
ATP4B	6.409090909090909	1.0	0.089281105	1.0
CLIC2	15.0	1.0	0.017672941	1.0
STX17	8.151515151515152	1.0	0.042681757	1.0
MALSU1	7.090909090909091	1.0	0.023368247	1.0
NCR2	15.0	1.0	0.03506381	1.0
SP3	3.6666666666666665	1.2657727916532822e-244	0.38507682	4.368165742294541e-231
LEO1	4.196969696969697	2.9882021010514624e-166	0.4178249	1.2860272740981912e-290
RFC3	4.681818181818182	5.689414961865554e-101	0.1055509	1.0
OAZ1	15.0	1.0	0.013949852	1.0
ZNF709	5.863636363636363	0.0001074974518139196	0.2285976	1.4380841608059894e-14
NEK9	5.03030303030303	3.992657506387221e-61	0.27579248	2.1163641156995336e-58
RELL2	15.0	1.0	0.016686022	1.0
SLX1A	15.0	1.0	0.048756137	1.0
BMP2K	4.7727272727272725	6.9489106635318485e-90	0.512684	0.0
TREM2	15.0	1.0	0.04377253	1.0
AQP4	4.0606060606060606	5.7613808878307085e-186	0.17174196	1.0
BOLL	15.0	1.0	0.091854684	1.0
HDHD2	15.0	1.0	0.010181149	1.0
NCOA6	3.621212121212121	1.6813079197000762e-251	0.17982131	1.0
FZD5	7.712121212121212	1.0	0.17303099	1.0
CD7	15.0	1.0	0.027070526	1.0
PJA1	5.863636363636363	0.0001074974518139196	0.22073838	4.4726899511423547e-10
ATP5B	6.181818181818182	1.0	0.08118848	1.0
TOLLIP	6.954545454545454	1.0	0.035319574	1.0
ZZEF1	5.909090909090909	0.0015217723481678817	0.6289434	0.0
MAD2L1BP	3.878787878787879	8.171994366410397e-213	0.21943235	2.0552924546945914e-09
CD44	5.151515151515151	3.59408870467608e-49	0.010312418	1.0
SDC1	7.318181818181818	1.0	0.041112565	1.0
VDAC1	4.893939393939394	7.917093618468979e-76	0.0051086047	1.0
GEM	4.2727272727272725	1.6441818492106707e-155	0.19949731	0.024575449180444048
SPRY1	4.7272727272727275	2.2662035039882355e-95	0.17573172	1.0
ABCA4	15.0	1.0	0.37372	9.234392838290367e-211
MEIS2	5.212121212121212	1.3139036660141977e-43	0.047536734	1.0
CD47	5.196969696969697	5.681854045967462e-45	0.053158585	1.0
TEX11	4.924242424242424	1.874969259881809e-72	0.19552432	0.13576258015128903
FMNL1	4.015151515151516	1.2499973933095756e-192	0.60720867	0.0
CELA1	8.030303030303031	1.0	0.029335378	1.0
DSC2	5.9393939393939394	0.006813995721858698	0.5979026	0.0
NUDT18	5.53030303030303	1.4921710187680277e-19	-0.09303353	1.0
SCFD1	6.257575757575758	1.0	0.107478976	1.0
IL31RA	5.090909090909091	5.1713704161927095e-55	0.39846382	2.640030770388385e-255
CXXC1	4.393939393939394	1.0948844848673155e-138	0.43367475	1.3438e-319
GULP1	6.409090909090909	1.0	0.122444674	1.0
POLR3F	4.454545454545454	1.8518644066753443e-130	0.061414566	1.0
MSH3	4.848484848484849	5.380669780436885e-81	0.59663945	0.0
SPAST	9.303030303030303	1.0	0.096020825	1.0
SLC5A1	4.515151515151516	2.2372994385292133e-122	0.40190598	1.4490347299963901e-261
TMEM62	7.151515151515151	1.0	0.1141536	1.0
ALB	6.848484848484849	1.0	0.08313103	1.0
XPO7	5.257575757575758	1.2355595419735018e-39	0.5602455	0.0
ORC3	5.287878787878788	4.435475492969264e-37	0.2976018	7.172414646400452e-87
TSKS	6.803030303030303	1.0	0.13453895	1.0
ARHGAP18	5.954545454545454	0.013318735761905466	0.35455734	3.663372020379768e-177
BRSK2	4.333333333333333	4.8731389520965527e-147	0.4427821	0.0
RPL8	7.5	1.0	0.00014114154	1.0
VDAC3	7.0	1.0	0.062362373	1.0
DOK5	4.545454545454546	2.1705639517453993e-118	0.21853979	5.637818633930073e-09
USP49	6.454545454545454	1.0	0.22720739	1.0355019032169301e-13
DSG2	5.2272727272727275	2.9052237252149825e-42	0.6173308	0.0
TM9SF2	4.166666666666667	1.3774237346063119e-170	0.37438998	5.943967245049744e-212
ADCY2	5.4393939393939394	1.6925534327478274e-25	0.52660275	0.0
RAB11FIP4	6.0606060606060606	0.35240497543927884	0.24973173	8.185037106341225e-31
ITGA10	6.106060606060606	0.7203309180246135	0.5442978	0.0
DPP6	5.666666666666667	3.978664970448861e-12	0.18124005	1.0
GOLGA2	5.0606060606060606	4.89685641010256e-58	0.27814472	2.9585922688111895e-61
PEF1	6.106060606060606	0.7203309180246135	0.02782862	1.0
GABRG3	7.621212121212121	1.0	0.036929373	1.0
JAM2	5.96969696969697	0.024729877173714734	0.047989532	1.0
FAM57A	15.0	1.0	0.03621803	1.0
HSP90AB1	3.5454545454545454	5.521493724286175e-263	0.22390695	8.786517536320928e-12
RAB3GAP1	15.0	1.0	0.53450894	0.0
CLUAP1	15.0	1.0	0.015064709	1.0
SGTB	5.393939393939394	9.413594363001394e-29	0.06917699	1.0
ZNF44	4.318181818181818	3.8075011752609048e-149	0.37465698	1.9903530834599706e-212
FFAR1	6.2272727272727275	1.0	0.13419223	1.0
CAPZA3	5.2272727272727275	2.9052237252149825e-42	0.030311896	1.0
MARCH8	6.363636363636363	1.0	0.02122712	1.0
RNF144B	4.606060606060606	1.5330310558122995e-110	0.095338985	1.0
BAMBI	7.803030303030303	1.0	0.025303103	1.0
FBXO6	5.863636363636363	0.0001074974518139196	0.08217443	1.0
NIPSNAP1	5.409090909090909	1.1965605630142752e-27	0.056241527	1.0
SCLT1	5.96969696969697	0.024729877173714734	0.23524742	4.848865903922221e-19
ANKRD23	6.2272727272727275	1.0	0.10365907	1.0
ADCY3	5.075757575757576	1.6271107072498622e-56	0.4838962	0.0
RABL2B	7.181818181818182	1.0	0.026843442	1.0
NUP85	4.242424242424242	8.837767506374353e-160	0.43053824	7.2668924277e-314
CHRD	8.727272727272727	1.0	0.17935482	1.0
EIF2S1	4.196969696969697	2.9882021010514624e-166	-0.0021898758	1.0
GIT1	3.9393939393939394	8.13036209830832e-204	0.0084470315	1.0
RGN	4.787878787878788	4.431250677636168e-88	0.15722002	1.0
SLC25A11	4.636363636363637	1.1170269528111936e-106	0.123620726	1.0
CEBPB	3.393939393939394	5.532868029307353e-286	-0.044127867	1.0
COL5A1	6.878787878787879	1.0	0.62449175	0.0
NEXN	4.848484848484849	5.380669780436885e-81	0.3953398	1.2311019457301158e-249
ZFP64	4.757575757575758	1.0619875368314136e-91	0.4140084	1.2124482134119627e-283
MAPRE2	5.590909090909091	5.007830731219704e-16	0.19290382	0.3220089731654556
NCLN	6.409090909090909	1.0	0.45360243	0.0
SKIL	3.803030303030303	4.0245198343713096e-224	-0.032489363	1.0
WDR61	4.454545454545454	1.8518644066753443e-130	0.22098938	3.3153036143648143e-10
ATF6	4.333333333333333	4.8731389520965527e-147	0.41703367	3.593349988354834e-289
CTNNB1	3.196969696969697	7.17273853e-316	-0.14623165	1.0
GALNTL2	5.045454545454546	1.4229306440703084e-59	0.29033867	6.515827959418791e-77
IL22RA1	15.0	1.0	0.095828705	1.0
KCNK15	4.0	7.386654389169344e-195	0.29738152	1.459288404552094e-86
PRRT2	6.863636363636363	1.0	0.059163377	1.0
NFKBIA	3.6515151515151514	6.574533281986768e-247	-0.14251013	1.0
PPAP2A	6.954545454545454	1.0	0.0198678	1.0
FAM107B	4.833333333333333	9.548106231121443e-83	0.062901236	1.0
MDFI	4.4393939393939394	1.673299379658336e-132	-0.2431565	1.0
PER3	5.0	2.784639304065503e-64	0.56123996	0.0
FBXO17	5.863636363636363	0.0001074974518139196	0.08392608	1.0
ATP6V1A	7.363636363636363	1.0	0.16619305	1.0
GGN	15.0	1.0	0.086727396	1.0
BCHE	15.0	1.0	0.1600215	1.0
KDM2A	4.03030303030303	2.1087738388507592e-190	0.58816785	0.0
TIE1	4.651515151515151	9.179932486875994e-105	0.5962828	0.0
KLKB1	7.606060606060606	1.0	0.2538066	1.317470078042137e-34
MXD4	6.4393939393939394	1.0	0.024370639	1.0
LDLR	5.909090909090909	0.0015217723481678817	0.21334986	1.194127794603742e-06
ANKS3	6.196969696969697	1.0	0.33974433	4.8892057553929265e-152
MARK4	3.8333333333333335	1.3485832323205122e-219	0.26889464	2.3250045208682434e-50
RNF41	4.848484848484849	5.380669780436885e-81	0.14468329	1.0
MAPK1	3.0303030303030303	0.0	-0.18698268	1.0
MYBL1	4.257575757575758	1.225183680326422e-157	0.42746624	3.0094258523011203e-308
MTA1	3.727272727272727	1.706218311485279e-235	0.33461308	1.4963982650526783e-143
MX1	6.075757575757576	0.4654418176526208	0.39599317	8.050488679454809e-251
TCEA2	6.393939393939394	1.0	0.029172052	1.0
MRVI1	5.257575757575758	1.2355595419735018e-39	0.5832198	0.0
HMG20B	4.575757575757576	1.9231756304013163e-114	0.12298415	1.0
NTHL1	5.666666666666667	3.978664970448861e-12	0.047292832	1.0
GNPTG	6.9393939393939394	1.0	0.07827376	1.0
MNAT1	3.772727272727273	1.1509613505943056e-228	0.13589378	1.0
EMCN	7.9393939393939394	1.0	0.032447796	1.0
ZNF146	5.742424242424242	8.455253740774733e-09	0.041349564	1.0
PLCB2	4.818181818181818	1.6425866582786677e-84	0.5973581	0.0
UNG	4.833333333333333	9.548106231121443e-83	0.16305524	1.0
ZBED5	4.166666666666667	1.3774237346063119e-170	0.40971422	8.4118357749862e-276
NIT1	4.409090909090909	1.2861037409784286e-136	0.15577939	1.0
COMT	6.166666666666667	1.0	0.024115786	1.0
FLYWCH1	4.484848484848484	2.1281592221250877e-126	0.41045848	3.680271026649399e-277
SHKBP1	4.712121212121212	3.1719869210396293e-97	0.42616752	7.117380789712924e-306
NDFIP2	4.984848484848484	6.973868836232615e-66	0.15788013	1.0
SIGLEC11	4.742424242424242	1.5808109845269243e-93	0.43469405	1.843e-321
NAPA	6.242424242424242	1.0	-0.0016390663	1.0
ATP1B2	7.075757575757576	1.0	0.032297023	1.0
ATN1	4.287878787878788	2.2087249048920608e-153	0.022056121	1.0
EXOC4	5.045454545454546	1.4229306440703084e-59	0.602874	0.0
GFPT1	4.4393939393939394	1.673299379658336e-132	0.41345558	1.240031895990807e-282
YIF1A	6.363636363636363	1.0	-0.0019967249	1.0
ZSCAN20	10.242424242424242	1.0	0.27528223	8.661881430072351e-58
CA4	6.196969696969697	1.0	0.044986557	1.0
EEF1D	3.9242424242424243	4.600422224434154e-206	0.44234997	0.0
ZMYND8	5.212121212121212	1.3139036660141977e-43	0.582995	0.0
RGR	8.090909090909092	1.0	0.027239935	1.0
IFNAR2	4.166666666666667	1.3774237346063119e-170	-0.088981055	1.0
SLC12A3	6.818181818181818	1.0	0.42197582	3.2932693286950986e-298
NPLOC4	7.257575757575758	1.0	0.123376675	1.0
MSX1	3.787878787878788	2.115340487863969e-226	0.0137469	1.0
FSTL3	15.0	1.0	0.029128075	1.0
SGOL1	4.303030303030303	2.9329124127824168e-151	-0.092114165	1.0
SIN3A	3.712121212121212	8.857636845961859e-238	-0.066236496	1.0
FCGR2B	4.924242424242424	1.874969259881809e-72	0.15391235	1.0
SCEL	5.393939393939394	9.413594363001394e-29	0.1556046	1.0
SHCBP1	4.833333333333333	9.548106231121443e-83	0.31720227	8.60076597892333e-116
SERTAD2	4.196969696969697	2.9882021010514624e-166	0.19267309	0.3441681101082647
KCNH5	15.0	1.0	0.331115	7.679691937385993e-138
CXXC5	3.909090909090909	2.64348710704926e-208	0.22614875	4.4743195974877604e-13
PROL1	15.0	1.0	0.015503839	1.0
UPP1	4.696969696969697	4.296316092130633e-99	0.15977445	1.0
CNKSR1	4.257575757575758	1.225183680326422e-157	0.3173981	4.287736615151544e-116
NPDC1	4.424242424242424	1.483232711503633e-134	0.14270967	1.0
UBC	3.9242424242424243	4.600422224434154e-206	0.35869557	2.508058535240478e-184
DLG4	4.712121212121212	3.1719869210396293e-97	-0.11196353	1.0
DBN1	5.378787878787879	7.002849665867642e-30	0.45465976	0.0
OGDH	5.46969696969697	1.979659785672327e-23	0.3920822	9.838237719595605e-244
KLRK1	15.0	1.0	-0.006352112	1.0
SECTM1	15.0	1.0	0.02569303	1.0
MEOX2	6.196969696969697	1.0	0.0006358745	1.0
NCOA1	3.5606060606060606	1.0767191768626267e-260	-0.03790742	1.0
ZNF7	4.136363636363637	5.955732217746212e-175	0.38976738	1.5093341831267953e-239
DHX30	4.303030303030303	2.9329124127824168e-151	0.5313375	0.0
EYA4	5.893939393939394	0.0006641214396199383	0.15353402	1.0
SPARCL1	4.621212121212121	1.3207905061700894e-108	0.34591308	2.152422130319082e-162
NOS2	4.121212121212121	3.8192567646814513e-177	0.59353787	0.0
XRN1	5.96969696969697	0.024729877173714734	0.40514055	1.8584674144179232e-267
TP53BP2	3.6363636363636362	3.245605426130343e-249	0.5088377	0.0
CEP76	5.7727272727272725	1.240247868738064e-07	0.30740044	5.547075099546377e-101
PITX1	4.621212121212121	1.3207905061700894e-108	0.13445693	1.0
TSGA10	4.575757575757576	1.9231756304013163e-114	0.39780635	4.120691446931011e-254
EMB	4.2727272727272725	1.6441818492106707e-155	0.19066629	0.5764001635464004
AZGP1	6.045454545454546	0.254656797901843	0.14001298	1.0
TLE1	4.166666666666667	1.3774237346063119e-170	-0.076058194	1.0
FOSL2	4.348484848484849	6.158238409806613e-145	0.16992629	1.0
NFYA	3.772727272727273	1.1509613505943056e-228	0.011524513	1.0
RPIA	5.4393939393939394	1.6925534327478274e-25	0.08102603	1.0
PRDM1	4.9393939393939394	8.666842423299595e-71	0.40698797	7.960305805463092e-271
THAP11	4.5606060606060606	2.0701982173404105e-116	0.18527818	1.0
ATXN2	6.106060606060606	0.7203309180246135	0.37275136	4.863269612982551e-209
FAM84B	5.0	2.784639304065503e-64	0.0894106	1.0
VTA1	5.590909090909091	5.007830731219704e-16	0.033156577	1.0
DUSP2	4.0	7.386654389169344e-195	0.22895867	8.527371783817884e-15
CCND1	3.621212121212121	1.6813079197000762e-251	-0.02053905	1.0
CD22	4.484848484848484	2.1281592221250877e-126	0.42359713	3.5718734488205783e-301
KIAA0408	4.681818181818182	5.689414961865554e-101	0.3460969	1.0517864878958987e-162
C11orf68	4.924242424242424	1.874969259881809e-72	0.02886381	1.0
NAPG	6.378787878787879	1.0	0.06198397	1.0
HLA-DOB	15.0	1.0	0.027700385	1.0
ELAVL1	4.5606060606060606	2.0701982173404105e-116	0.0332164	1.0
TAB2	4.257575757575758	1.225183680326422e-157	0.38237506	3.1472101427936102e-226
PTPN21	4.242424242424242	8.837767506374353e-160	0.6034723	0.0
IL1R2	6.03030303030303	0.17626248537921577	0.00075204205	1.0
PRKCH	4.2272727272727275	6.257190620228874e-162	0.4667669	0.0
NMI	4.181818181818182	2.0431422463121415e-168	-0.046757266	1.0
ERBB3	4.181818181818182	2.0431422463121415e-168	0.34695467	3.698274568247869e-164
FBF1	5.151515151515151	3.59408870467608e-49	0.57350266	0.0
C20orf195	5.166666666666667	9.397055613032697e-48	0.13473174	1.0
GP6	4.833333333333333	9.548106231121443e-83	0.17757104	1.0
ST5	3.757575757575758	6.114847680928736e-231	0.43210548	9.9090226e-317
C10orf54	4.045454545454546	3.500482389273137e-188	0.21083343	1.1587186713503885e-05
FBXL12	4.333333333333333	4.8731389520965527e-147	0.14180899	1.0
ZBTB5	5.5	1.8957199282862748e-21	0.30713582	1.362903992604746e-100
C11orf65	4.636363636363637	1.1170269528111936e-106	0.15030071	1.0
TPP1	15.0	1.0	0.09634743	1.0
MAML2	4.818181818181818	1.6425866582786677e-84	0.61221015	0.0
ATP6V1D	15.0	1.0	0.020901766	1.0
MED8	5.454545454545454	1.875469319795333e-24	-0.116576515	1.0
TEF	5.2727272727272725	2.3924807267209796e-38	0.024820358	1.0
CCNT2	4.2727272727272725	1.6441818492106707e-155	0.40438727	4.383617655131374e-266
RNF126	5.106060606060606	1.5872832289342982e-53	0.018588893	1.0
HOOK2	5.242424242424242	6.099209833098505e-41	0.3157487	1.4827658569883816e-113
APOA1BP	6.984848484848484	1.0	0.027499046	1.0
UBA7	4.9393939393939394	8.666842423299595e-71	0.34188262	1.3143620935996149e-155
COL13A1	6.4393939393939394	1.0	0.43251848	1.7433403e-317
FAM131C	5.075757575757576	1.6271107072498622e-56	0.0360602	1.0
ATG5	8.909090909090908	1.0	0.022598036	1.0
PRKCE	3.5757575757575757	2.18169446221551e-258	0.042257555	1.0
PURB	4.984848484848484	6.973868836232615e-66	0.046616197	1.0
RELL1	15.0	1.0	0.00951994	1.0
RWDD2B	4.651515151515151	9.179932486875994e-105	0.08128102	1.0
CREB1	3.4393939393939394	4.255692881133359e-279	-0.09078316	1.0
PHKA1	4.590909090909091	1.7383763998462225e-112	0.5543645	0.0
XRCC2	7.863636363636363	1.0	0.038354274	1.0
PTPN14	4.181818181818182	2.0431422463121415e-168	0.5918131	0.0
CA8	5.575757575757576	7.098220602553354e-17	0.15906349	1.0
CCDC137	6.287878787878788	1.0	0.029774206	1.0
PTF1A	5.2727272727272725	2.3924807267209796e-38	0.0533914	1.0
ASB13	6.803030303030303	1.0	0.017914655	1.0
ITGA1	6.03030303030303	0.17626248537921577	0.56907296	0.0
EDA2R	4.454545454545454	1.8518644066753443e-130	0.14068748	1.0
FOXK2	5.681818181818182	2.0488697101334917e-11	0.17898287	1.0
CRK	3.9696969696969697	2.4674890859968454e-199	-0.11756718	1.0
STK16	6.4393939393939394	1.0	0.008394328	1.0
POMC	15.0	1.0	0.0040311734	1.0
TSPYL2	5.257575757575758	1.2355595419735018e-39	0.3958649	1.3740941535069438e-250
APTX	4.909090909090909	3.9245179205093584e-74	0.12193444	1.0
TTC1	6.03030303030303	0.17626248537921577	0.07009791	1.0
GPS2	3.787878787878788	2.115340487863969e-226	-0.013896414	1.0
PCDH18	5.166666666666667	9.397055613032697e-48	0.5164572	0.0
KDM4B	5.681818181818182	2.0488697101334917e-11	0.24649611	5.997072716472769e-28
UBXN1	4.333333333333333	4.8731389520965527e-147	0.24636625	7.762036160767095e-28
ATXN2L	5.166666666666667	9.397055613032697e-48	0.63211906	0.0
PRMT5	6.0	0.07311233693762956	0.16647366	1.0
CLIC1	15.0	1.0	0.018800467	1.0
DLL4	4.818181818181818	1.6425866582786677e-84	0.44221324	0.0
STYXL1	4.5	2.201714823989054e-124	0.16746023	1.0
LRCH3	4.363636363636363	7.512830586913155e-143	0.40632707	1.2748365556793196e-269
GAB1	4.181818181818182	2.0431422463121415e-168	0.1627365	1.0
TPGS2	5.242424242424242	6.099209833098505e-41	0.13107157	1.0
PDLIM1	4.833333333333333	9.548106231121443e-83	0.05076033	1.0
SORBS1	4.166666666666667	1.3774237346063119e-170	0.33354664	8.34620336188407e-142
TCEA1	5.090909090909091	5.1713704161927095e-55	0.053180844	1.0
OLIG2	4.2727272727272725	1.6441818492106707e-155	0.11219601	1.0
SGCB	15.0	1.0	-0.009331329	1.0
KIAA1191	6.287878787878788	1.0	0.009917486	1.0
ELL2	9.090909090909092	1.0	0.1301418	1.0
RHBDL2	5.045454545454546	1.4229306440703084e-59	0.08335878	1.0
NME5	15.0	1.0	0.010809172	1.0
MARK2	4.0	7.386654389169344e-195	0.45819896	0.0
TPM1	5.545454545454546	1.2242493613827866e-18	-0.0036604896	1.0
HLA-DPB1	15.0	1.0	0.0132973865	1.0
USF1	3.8636363636363638	4.569907826037505e-215	0.19738147	0.06498915611696157
ARNT	3.696969696969697	4.6359708472492094e-240	0.02397961	1.0
TNIP2	4.181818181818182	2.0431422463121415e-168	0.19434337	0.20555223970968386
PRPF38A	5.696969696969697	9.995055185491281e-11	0.1280583	1.0
FERMT3	6.257575757575758	1.0	0.32333395	2.2595711480267938e-125
HGFAC	8.212121212121213	1.0	0.26978037	2.3057812369834283e-51
GLG1	4.590909090909091	1.7383763998462225e-112	0.57637423	0.0
APOA1	5.984848484848484	0.04362517966007074	-0.025168633	1.0
SLC25A36	5.121212121212121	4.676730757762688e-52	0.1263189	1.0
PABPN1	5.712121212121212	4.622182304966331e-10	0.023889678	1.0
COPS5	3.621212121212121	1.6813079197000762e-251	-0.11662674	1.0
CHML	6.287878787878788	1.0	0.22545853	1.137527478298275e-12
DEDD2	4.4393939393939394	1.673299379658336e-132	0.1369316	1.0
EIF2B5	3.9696969696969697	2.4674890859968454e-199	0.41534486	4.391661502842895e-286
NDEL1	4.121212121212121	3.8192567646814513e-177	0.12210137	1.0
STX11	6.090909090909091	0.5901931783435886	0.029688777	1.0
SLC40A1	6.363636363636363	1.0	0.102919556	1.0
FBXO8	5.863636363636363	0.0001074974518139196	0.07086894	1.0
SEPHS1	4.909090909090909	3.9245179205093584e-74	0.10782565	1.0
TLN1	4.318181818181818	3.8075011752609048e-149	0.53315693	0.0
SCRIB	7.045454545454546	1.0	0.45172277	0.0
UPF1	5.9393939393939394	0.006813995721858698	0.45936677	0.0
PURA	3.984848484848485	4.290407050829078e-197	0.15330943	1.0
TEAD4	4.803030303030303	2.7367645399029442e-86	0.10615062	1.0
JAG2	4.924242424242424	1.874969259881809e-72	0.5858711	0.0
RHPN2	4.166666666666667	1.3774237346063119e-170	0.4352057	2.08e-322
DHRS1	5.242424242424242	6.099209833098505e-41	0.15645365	1.0
DMPK	9.0	1.0	0.16027872	1.0
USP9X	3.727272727272727	1.706218311485279e-235	0.6245812	0.0
AKR1C3	4.712121212121212	3.1719869210396293e-97	0.10578486	1.0
PSIP1	4.242424242424242	8.837767506374353e-160	0.1427651	1.0
EPHA5	5.863636363636363	0.0001074974518139196	0.41885084	1.716955232763559e-292
CIAPIN1	6.46969696969697	1.0	0.03722019	1.0
ADORA1	5.787878787878788	4.385663779892977e-07	0.022580845	1.0
ARID4A	4.378787878787879	9.114755093831552e-141	0.5818644	0.0
CLASRP	5.075757575757576	1.6271107072498622e-56	0.29350686	3.356137148108247e-81
POLB	4.393939393939394	1.0948844848673155e-138	0.07183655	1.0
HOXA11	4.2727272727272725	1.6441818492106707e-155	0.14051594	1.0
HNRNPA0	5.4393939393939394	1.6925534327478274e-25	0.050666805	1.0
WDTC1	5.7727272727272725	1.240247868738064e-07	0.4074188	1.3026652692653738e-271
DIMT1	5.03030303030303	3.992657506387221e-61	0.091186576	1.0
SH3YL1	4.484848484848484	2.1281592221250877e-126	0.1521721	1.0
MAGEA12	4.666666666666667	7.336184814303851e-103	0.16702127	1.0
ZXDC	5.0606060606060606	4.89685641010256e-58	0.40667805	2.919503770350167e-270
ELMO1	5.03030303030303	3.992657506387221e-61	0.42649376	1.8044103309493704e-306
TCF25	5.045454545454546	1.4229306440703084e-59	0.35795182	4.917883628641171e-183
ZRANB2	4.7272727272727275	2.2662035039882355e-95	0.076675594	1.0
MBIP	5.2727272727272725	2.3924807267209796e-38	-0.006371052	1.0
RNPS1	5.106060606060606	1.5872832289342982e-53	0.049098585	1.0
PNRC1	4.015151515151516	1.2499973933095756e-192	0.045410357	1.0
NEK7	6.03030303030303	0.17626248537921577	0.029556781	1.0
CLDN5	5.954545454545454	0.013318735761905466	0.13280278	1.0
AKAP6	5.303030303030303	7.887011253946248e-36	0.6238642	0.0
DDX3Y	6.984848484848484	1.0	0.23998018	1.3813790703078187e-22
TAL1	4.090909090909091	1.5223184067744789e-181	0.015802803	1.0
IMP4	15.0	1.0	0.020026464	1.0
PARK2	4.484848484848484	2.1281592221250877e-126	0.024729295	1.0
KANK1	4.424242424242424	1.483232711503633e-134	0.57349384	0.0
TAB3	4.818181818181818	1.6425866582786677e-84	0.41239083	1.0915011527595473e-280
MPZ	15.0	1.0	0.010929446	1.0
ITGA11	6.106060606060606	0.7203309180246135	0.5410355	0.0
FERMT1	5.515151515151516	1.7246853142774622e-20	0.34707516	2.310859845818139e-164
PSMD14	5.893939393939394	0.0006641214396199383	0.06059032	1.0
NXN	4.53030303030303	2.2306482421952033e-120	0.10779588	1.0
SFPQ	4.590909090909091	1.7383763998462225e-112	0.23466086	1.2698190089204377e-18
KIF13A	4.2727272727272725	1.6441818492106707e-155	0.62752825	0.0
GPSM2	6.075757575757576	0.4654418176526208	0.37767765	8.139551670085251e-218
ZNF410	5.257575757575758	1.2355595419735018e-39	0.09343508	1.0
ZC3H14	6.166666666666667	1.0	0.08110145	1.0
C1S	8.757575757575758	1.0	0.14191918	1.0
BST1	4.575757575757576	1.9231756304013163e-114	0.14658993	1.0
SRGAP3	5.151515151515151	3.59408870467608e-49	0.5925109	0.0
ADRBK2	5.303030303030303	7.887011253946248e-36	0.30885202	3.918581816246581e-103
PAK7	4.515151515151516	2.2372994385292133e-122	0.40661252	3.843697801840276e-270
JPH3	4.090909090909091	1.5223184067744789e-181	0.3944323	5.44334377201571e-248
EMG1	15.0	1.0	0.020044364	1.0
DOC2B	6.484848484848484	1.0	0.051406443	1.0
YAP1	3.8333333333333335	1.3485832323205122e-219	-0.008683822	1.0
KRT1	5.818181818181818	4.672299051935399e-06	0.10725228	1.0
DIAPH2	4.590909090909091	1.7383763998462225e-112	0.44833508	0.0
DNAJB6	4.348484848484849	6.158238409806613e-145	0.15580906	1.0
PSG2	4.166666666666667	1.3774237346063119e-170	0.16502681	1.0
COPS6	3.8181818181818183	7.38036129473198e-222	-0.2004767	1.0
KAL1	8.242424242424242	1.0	0.09147621	1.0
NDN	3.9696969696969697	2.4674890859968454e-199	-0.0048802937	1.0
RASSF4	4.621212121212121	1.3207905061700894e-108	0.12241164	1.0
MGLL	5.757575757575758	3.3260698279418764e-08	0.041383896	1.0
PARD6A	3.8636363636363638	4.569907826037505e-215	-0.12697248	1.0
NUDC	5.0	2.784639304065503e-64	0.11585444	1.0
TNNT2	6.393939393939394	1.0	0.021065237	1.0
ZNF202	10.242424242424242	1.0	0.13857768	1.0
FN1	6.075757575757576	0.4654418176526208	0.1613099	1.0
PPP1CA	3.515151515151515	1.493266887443125e-267	-0.19656473	1.0
BMI1	4.378787878787879	9.114755093831552e-141	0.1292006	1.0
CACNG2	5.151515151515151	3.59408870467608e-49	0.15282351	1.0
TPRN	4.515151515151516	2.2372994385292133e-122	0.36522675	9.651346585102716e-196
ELN	8.136363636363637	1.0	0.2013612	0.009305712525541151
SOX2	4.590909090909091	1.7383763998462225e-112	0.15495211	1.0
SLC25A17	10.166666666666666	1.0	0.048702374	1.0
IL23R	6.924242424242424	1.0	0.12085543	1.0
GIPC2	4.863636363636363	2.926718135188438e-79	0.10998612	1.0
SYTL4	6.075757575757576	0.4654418176526208	0.25751847	3.0817792719574965e-38
KIR2DL3	4.7727272727272725	6.9489106635318485e-90	0.19724414	0.06886154213005494
XRCC4	5.893939393939394	0.0006641214396199383	0.014069838	1.0
LY9	5.5	1.8957199282862748e-21	0.18128198	1.0
SLBP	12.242424242424242	1.0	0.015377072	1.0
UTP14A	4.242424242424242	8.837767506374353e-160	0.018504327	1.0
CRYBB1	15.0	1.0	0.011877317	1.0
ADD2	4.212121212121212	4.33582970150717e-164	0.42527333	3.0717613072725563e-304
JUP	4.2272727272727275	6.257190620228874e-162	0.049680047	1.0
FST	7.242424242424242	1.0	-0.0029880027	1.0
LGALS4	5.151515151515151	3.59408870467608e-49	0.07419411	1.0
PSTPIP2	4.833333333333333	9.548106231121443e-83	0.11230544	1.0
AIP	3.757575757575758	6.114847680928736e-231	0.14576767	1.0
TACC2	4.0606060606060606	5.7613808878307085e-186	0.53642684	0.0
NBN	3.9545454545454546	1.4292587375731596e-201	0.17200668	1.0
RRAGA	15.0	1.0	0.048644483	1.0
EID3	4.2727272727272725	1.6441818492106707e-155	0.14489661	1.0
PTCD3	5.03030303030303	3.992657506387221e-61	0.10819005	1.0
TMCC2	5.393939393939394	9.413594363001394e-29	0.19578028	0.12351976146512396
NRCAM	5.893939393939394	0.0006641214396199383	0.578027	0.0
RCN3	5.712121212121212	4.622182304966331e-10	0.107778475	1.0
IRF1	4.136363636363637	5.955732217746212e-175	0.2396241	2.613589554075417e-22
FBP2	4.545454545454546	2.1705639517453993e-118	0.1264156	1.0
PPFIA4	6.045454545454546	0.254656797901843	0.35187218	1.5198069049992693e-172
STX5	5.393939393939394	9.413594363001394e-29	-0.016420895	1.0
GTF2B	3.6666666666666665	1.2657727916532822e-244	-0.063145235	1.0
MTMR11	4.757575757575758	1.0619875368314136e-91	0.36652836	4.949438582108266e-198
PUM1	4.378787878787879	9.114755093831552e-141	0.5513792	0.0
RASSF5	4.53030303030303	2.2306482421952033e-120	0.023629429	1.0
ARPC2	6.181818181818182	1.0	0.010008157	1.0
CDX2	3.712121212121212	8.857636845961859e-238	0.2447382	1.8983821095050158e-26
STIM1	6.424242424242424	1.0	0.2602054	5.729785793657132e-41
UFD1L	6.257575757575758	1.0	0.018240003	1.0
SCYL3	5.136363636363637	1.329601873108839e-50	0.34060323	1.8093924092088394e-153
DAZL	15.0	1.0	0.048104405	1.0
SUDS3	4.409090909090909	1.2861037409784286e-136	0.1640468	1.0
MAGEA1	5.257575757575758	1.2355595419735018e-39	-0.010957294	1.0
APEX1	3.6363636363636362	3.245605426130343e-249	-0.009870668	1.0
CXCR5	11.06060606060606	1.0	0.015369675	1.0
FES	4.0606060606060606	5.7613808878307085e-186	0.2502873	2.5578952242282097e-31
FGF2	5.984848484848484	0.04362517966007074	0.011689472	1.0
PLSCR1	4.46969696969697	2.0157488759722106e-128	-0.2262127	1.0
MACROD1	5.333333333333333	2.1706753254292354e-33	0.098005526	1.0
CDK6	3.8333333333333335	1.3485832323205122e-219	0.0041007474	1.0
C8orf48	5.196969696969697	5.681854045967462e-45	0.18061757	1.0
HNRNPA1	5.196969696969697	5.681854045967462e-45	0.05008225	1.0
HOXD13	3.9393939393939394	8.13036209830832e-204	0.20182815	0.007164846842673238
DLX2	4.424242424242424	1.483232711503633e-134	0.10160128	1.0
AIMP2	5.257575757575758	1.2355595419735018e-39	0.018331433	1.0
CTNND2	3.878787878787879	8.171994366410397e-213	0.42117622	9.553366264080646e-297
GPAA1	15.0	1.0	0.087717555	1.0
PIGA	15.0	1.0	0.0036989234	1.0
CHORDC1	4.545454545454546	2.1705639517453993e-118	0.06285967	1.0
NOA1	6.090909090909091	0.5901931783435886	0.11614666	1.0
KIAA1551	6.287878787878788	1.0	0.61538357	0.0
NCKIPSD	4.575757575757576	1.9231756304013163e-114	0.39522228	2.011252308397824e-249
SLC39A2	6.833333333333333	1.0	0.013513802	1.0
GP1BA	6.212121212121212	1.0	0.165441	1.0
GUCY1A2	5.666666666666667	3.978664970448861e-12	0.41701216	3.9324043637879915e-289
HOMER2	5.121212121212121	4.676730757762688e-52	0.088891946	1.0
EIF3I	5.7272727272727275	2.031818790138371e-09	0.13990207	1.0
PIM2	5.863636363636363	0.0001074974518139196	-0.0012259118	1.0
NCF4	4.287878787878788	2.2087249048920608e-153	0.054415062	1.0
PBK	3.5454545454545454	5.521493724286175e-263	0.21265483	2.2837594772249537e-06
UBTF	3.606060606060606	8.821660124325988e-254	0.21389912	7.072213728756843e-07
ORAI1	6.121212121212121	0.8477923380061042	0.21595827	9.041808494768394e-08
LRPAP1	5.893939393939394	0.0006641214396199383	-0.012764726	1.0
TSNAX	6.03030303030303	0.17626248537921577	-0.015818425	1.0
FCN2	11.075757575757576	1.0	0.034344498	1.0
IDUA	7.303030303030303	1.0	0.1811103	1.0
CHGB	4.757575757575758	1.0619875368314136e-91	0.047504254	1.0
CLEC11A	6.0	0.07311233693762956	0.027378533	1.0
NPR1	6.333333333333333	1.0	0.21232416	3.0906147836769513e-06
ALX1	4.166666666666667	1.3774237346063119e-170	0.16830872	1.0
RAD54L	4.803030303030303	2.7367645399029442e-86	0.27798286	4.6672859968844345e-61
PARVB	4.651515151515151	9.179932486875994e-105	0.10350293	1.0
FBXL18	5.2727272727272725	2.3924807267209796e-38	0.3865961	8.008497136873214e-234
FBXO34	4.0606060606060606	5.7613808878307085e-186	0.41089168	5.96917117058411e-278
HOXC13	5.106060606060606	1.5872832289342982e-53	0.07348336	1.0
MCF2L2	6.2272727272727275	1.0	0.4830362	0.0
PPP1CC	3.787878787878788	2.115340487863969e-226	-0.05949703	1.0
HEYL	3.772727272727273	1.1509613505943056e-228	0.13041118	1.0
TNFRSF6B	6.666666666666667	1.0	0.0064806407	1.0
DDX17	4.257575757575758	1.225183680326422e-157	0.37156424	6.227601921731927e-207
KLHL1	4.5	2.201714823989054e-124	0.3908057	2.0029491584993876e-241
TMPRSS15	15.0	1.0	0.1761644	1.0
SLC4A7	4.287878787878788	2.2087249048920608e-153	0.5666589	0.0
PLXNB2	5.590909090909091	5.007830731219704e-16	0.61866593	0.0
NFYC	3.878787878787879	8.171994366410397e-213	0.14543141	1.0
CDK7	3.757575757575758	6.114847680928736e-231	0.021581573	1.0
ATP1B1	6.954545454545454	1.0	-0.00012324705	1.0
XPO5	4.787878787878788	4.431250677636168e-88	0.57871157	0.0
TAX1BP1	4.46969696969697	2.0157488759722106e-128	0.40642613	8.410410784310356e-270
TSSC4	4.878787878787879	1.5453967442950229e-77	0.11909751	1.0
RPH3AL	5.9393939393939394	0.006813995721858698	-0.0072739082	1.0
PIM3	4.575757575757576	1.9231756304013163e-114	0.10000936	1.0
BICD1	4.257575757575758	1.225183680326422e-157	0.54060006	0.0
AGGF1	5.5	1.8957199282862748e-21	0.29649395	2.532615981419408e-85
TRAP1	6.0606060606060606	0.35240497543927884	0.16539349	1.0
RAB11FIP5	5.454545454545454	1.875469319795333e-24	0.17366078	1.0
MPP3	6.303030303030303	1.0	0.010897071	1.0
PLEKHA1	4.833333333333333	9.548106231121443e-83	0.13888016	1.0
EPB42	7.318181818181818	1.0	0.33084956	2.0710808935034169e-137
PHKA2	4.757575757575758	1.0619875368314136e-91	0.5335448	0.0
NCKAP5	4.924242424242424	1.874969259881809e-72	0.6072785	0.0
FOXS1	5.424242424242424	1.4589219929881028e-26	0.09258722	1.0
ZDHHC3	4.757575757575758	1.0619875368314136e-91	0.10003028	1.0
MRI1	5.075757575757576	1.6271107072498622e-56	0.10604041	1.0
MARCH7	5.409090909090909	1.1965605630142752e-27	0.31892616	1.8398427200073018e-118
PRPF3	5.2727272727272725	2.3924807267209796e-38	0.16705611	1.0
MTHFR	7.878787878787879	1.0	0.17828001	1.0
SLCO3A1	5.863636363636363	0.0001074974518139196	0.35706237	1.7143280258845706e-181
DLL1	5.151515151515151	3.59408870467608e-49	0.32084236	1.8868182068235383e-121
HEY2	4.363636363636363	7.512830586913155e-143	0.11516361	1.0
IRF2	3.878787878787879	8.171994366410397e-213	0.075698875	1.0
ERCC2	4.606060606060606	1.5330310558122995e-110	0.3389077	1.2066496629749603e-150
DDX1	4.242424242424242	8.837767506374353e-160	0.3936502	1.4219077176285058e-246
PPP1CB	5.045454545454546	1.4229306440703084e-59	0.04586127	1.0
APOL2	4.0606060606060606	5.7613808878307085e-186	0.1665442	1.0
CCNO	4.833333333333333	9.548106231121443e-83	0.12308349	1.0
AGPS	9.090909090909092	1.0	0.20577736	0.0005927890504684749
ALS2CR8	5.363636363636363	4.9677529912471725e-31	0.3357547	1.9846710356640866e-145
CNNM3	5.2272727272727275	2.9052237252149825e-42	0.37143832	1.0409348874019371e-206
PEX5	7.166666666666667	1.0	0.071059704	1.0
EIF3G	5.5	1.8957199282862748e-21	0.04531474	1.0
TNFSF11	5.121212121212121	4.676730757762688e-52	0.12132714	1.0
NUBP1	4.96969696969697	1.6768237566517874e-67	0.01977793	1.0
NCDN	6.575757575757576	1.0	0.3137565	1.6413668219162217e-110
PROCA1	4.757575757575758	1.0619875368314136e-91	0.068148546	1.0
EFNB1	4.136363636363637	5.955732217746212e-175	0.024399608	1.0
POU2F1	3.6515151515151514	6.574533281986768e-247	0.13366379	1.0
MAP3K6	4.712121212121212	3.1719869210396293e-97	0.5271621	0.0
LOR	11.030303030303031	1.0	0.04125422	1.0
CDK20	4.2727272727272725	1.6441818492106707e-155	0.12734617	1.0
KIAA0913	4.878787878787879	1.5453967442950229e-77	0.60569125	0.0
DYNC1H1	3.787878787878788	2.115340487863969e-226	0.57872623	0.0
UNC13B	6.378787878787879	1.0	0.53096914	0.0
PPEF2	4.818181818181818	1.6425866582786677e-84	0.36011663	8.449632389726058e-187
UCHL5	4.924242424242424	1.874969259881809e-72	0.0035814364	1.0
AKR1A1	7.2272727272727275	1.0	0.068791814	1.0
ARHGEF39	5.0606060606060606	4.89685641010256e-58	0.13180621	1.0
APLP2	3.787878787878788	2.115340487863969e-226	0.32847282	1.4329035267021476e-133
UTF1	4.606060606060606	1.5330310558122995e-110	0.12091316	1.0
MRPL44	4.590909090909091	1.7383763998462225e-112	0.16214088	1.0
CDC37L1	4.2272727272727275	6.257190620228874e-162	0.14762957	1.0
BRD8	4.454545454545454	1.8518644066753443e-130	0.5695381	0.0
DOHH	6.606060606060606	1.0	0.013423279	1.0
ZBTB24	5.4393939393939394	1.6925534327478274e-25	0.12205913	1.0
TLX1	5.878787878787879	0.00027450830962018466	0.023184326	1.0
RXFP1	15.0	1.0	0.075635284	1.0
RCN1	5.151515151515151	3.59408870467608e-49	0.1353833	1.0
FASTKD5	5.5	1.8957199282862748e-21	0.3590589	5.859671799081375e-185
UBXN2B	6.257575757575758	1.0	0.031341895	1.0
RRH	4.5	2.201714823989054e-124	0.14724548	1.0
KRI1	6.545454545454546	1.0	0.11569286	1.0
SF3A1	3.9696969696969697	2.4674890859968454e-199	0.40561184	2.5686778205123777e-268
AOC3	4.5606060606060606	2.0701982173404105e-116	0.37101984	5.745312052535527e-206
YBX1	3.515151515151515	1.493266887443125e-267	-0.1030564	1.0
MED15	3.9393939393939394	8.13036209830832e-204	0.38139045	1.8386386925912523e-224
IL12B	5.924242424242424	0.0033040705224971884	0.024244765	1.0
STAT4	3.9242424242424243	4.600422224434154e-206	0.36479834	5.462878216250219e-195
NOC2L	4.833333333333333	9.548106231121443e-83	0.38207126	1.104757059707251e-225
ITGB1BP2	4.742424242424242	1.5808109845269243e-93	0.12671365	1.0
HOXC10	4.181818181818182	2.0431422463121415e-168	0.051150307	1.0
EZH1	4.712121212121212	3.1719869210396293e-97	0.36264476	3.254212440851034e-191
LDHA	15.0	1.0	0.024168639	1.0
CPT1A	4.681818181818182	5.689414961865554e-101	0.36214703	2.4169756943473626e-190
RAPGEF5	4.878787878787879	1.5453967442950229e-77	0.32402384	1.8278853738285085e-126
DOK6	4.924242424242424	1.874969259881809e-72	0.15878934	1.0
ABTB1	3.9393939393939394	8.13036209830832e-204	0.18633173	1.0
NCSTN	4.742424242424242	1.5808109845269243e-93	0.24728972	1.2259314813294728e-28
ERCC5	4.666666666666667	7.336184814303851e-103	0.5055376	0.0
SLC39A1	6.363636363636363	1.0	-0.0003648985	1.0
EXT2	7.0606060606060606	1.0	0.118722744	1.0
FZD3	5.863636363636363	0.0001074974518139196	0.10749549	1.0
SEC14L1	5.333333333333333	2.1706753254292354e-33	0.34036142	4.582309699236194e-153
RPTOR	4.303030303030303	2.9329124127824168e-151	0.49613917	0.0
PARP14	7.621212121212121	1.0	0.5383216	0.0
EFNB2	4.075757575757576	9.425084823205431e-184	-0.08291204	1.0
KIAA1279	8.484848484848484	1.0	0.07419048	1.0
ST6GALNAC6	5.151515151515151	3.59408870467608e-49	0.1319017	1.0
SLC25A38	6.287878787878788	1.0	0.007851671	1.0
CPXM2	4.757575757575758	1.0619875368314136e-91	0.34889662	1.8477408821284583e-167
GDE1	5.4393939393939394	1.6925534327478274e-25	0.00016662196	1.0
CALCOCO1	5.409090909090909	1.1965605630142752e-27	0.11540223	1.0
CCDC109B	4.484848484848484	2.1281592221250877e-126	0.12936209	1.0
TRIM7	5.924242424242424	0.0033040705224971884	0.03408731	1.0
DNTTIP1	5.621212121212121	2.1281896348445874e-14	0.020230386	1.0
IL5RA	4.787878787878788	4.431250677636168e-88	0.106956914	1.0
PARN	9.227272727272727	1.0	0.11191287	1.0
GUCY1A3	4.515151515151516	2.2372994385292133e-122	0.39313743	1.2079064356688324e-245
PRDM16	6.03030303030303	0.17626248537921577	0.53505903	0.0
EXOC7	6.106060606060606	0.7203309180246135	0.06933879	1.0
CD1A	7.606060606060606	1.0	0.03006877	1.0
STX18	5.681818181818182	2.0488697101334917e-11	0.0039436854	1.0
TTPAL	4.5	2.201714823989054e-124	0.14362554	1.0
CCDC92	5.757575757575758	3.3260698279418764e-08	0.034358893	1.0
STARD13	4.257575757575758	1.225183680326422e-157	0.5286678	0.0
CAST	5.515151515151516	1.7246853142774622e-20	0.32907844	1.5160090985673847e-134
DFFB	4.484848484848484	2.1281592221250877e-126	0.03741629	1.0
HIVEP1	5.909090909090909	0.0015217723481678817	0.59141207	0.0
FFAR2	6.075757575757576	0.4654418176526208	0.10809638	1.0
LGALS3	15.0	1.0	0.0014795192	1.0
KSR1	3.8181818181818183	7.38036129473198e-222	0.41948238	1.2007574959327645e-293
SP110	5.46969696969697	1.979659785672327e-23	0.12785326	1.0
ZNF330	6.333333333333333	1.0	0.08009697	1.0
FBXO30	4.090909090909091	1.5223184067744789e-181	0.4322846	4.6607915e-317
PTPRF	3.8636363636363638	4.569907826037505e-215	0.35527915	2.0815361284056817e-178
SHD	4.484848484848484	2.1281592221250877e-126	0.1469342	1.0
TRPC1	5.378787878787879	7.002849665867642e-30	0.3627263	2.34318522469433e-191
ZFP36	4.606060606060606	1.5330310558122995e-110	0.075794056	1.0
NUP88	5.409090909090909	1.1965605630142752e-27	0.3979109	2.6622955659329027e-254
GYS1	3.9242424242424243	4.600422224434154e-206	0.37234694	2.5405660587688567e-208
ART1	6.651515151515151	1.0	0.023399046	1.0
IMMT	4.393939393939394	1.0948844848673155e-138	-0.05318314	1.0
NEUROD6	4.621212121212121	1.3207905061700894e-108	0.11108402	1.0
STAG1	4.7272727272727275	2.2662035039882355e-95	0.5122962	0.0
PPFIA2	4.666666666666667	7.336184814303851e-103	0.47551984	0.0
ITGAM	5.5606060606060606	9.57038049901898e-18	0.35204253	7.760576218700645e-173
CNOT4	5.333333333333333	2.1706753254292354e-33	0.27165353	1.6260314953559156e-53
HOMER1	4.7727272727272725	6.9489106635318485e-90	-0.06352807	1.0
CA6	8.606060606060606	1.0	0.0062503517	1.0
RNF2	4.666666666666667	7.336184814303851e-103	-0.0115275225	1.0
LRFN1	5.712121212121212	4.622182304966331e-10	0.37435973	6.72342911288014e-212
RBM48	4.212121212121212	4.33582970150717e-164	-0.15638271	1.0
LONRF3	4.787878787878788	4.431250677636168e-88	0.36318955	3.6204902270194916e-192
DGKH	6.545454545454546	1.0	0.53416806	0.0
JARID2	5.090909090909091	5.1713704161927095e-55	0.52199817	0.0
EN2	5.712121212121212	4.622182304966331e-10	0.030660456	1.0
BRAF	3.606060606060606	8.821660124325988e-254	0.2029889	0.0036324725201085525
GUCY2F	15.0	1.0	0.22803196	3.234133645180176e-14
CD1B	7.606060606060606	1.0	0.019045271	1.0
DHRS7B	7.454545454545454	1.0	0.020016978	1.0
WDR65	4.5	2.201714823989054e-124	0.5439504	0.0
SEC16A	7.454545454545454	1.0	0.62145466	0.0
TOMM34	15.0	1.0	0.00097594084	1.0
AGTPBP1	5.196969696969697	5.681854045967462e-45	0.29796052	2.2518815599724038e-87
DNTTIP2	3.9242424242424243	4.600422224434154e-206	0.42267	1.7713887261437606e-299
IFNGR2	4.742424242424242	1.5808109845269243e-93	0.049048096	1.0
KBTBD7	6.0606060606060606	0.35240497543927884	0.13065502	1.0
PLA2G4A	3.9393939393939394	8.13036209830832e-204	0.33695203	2.1038673495585206e-147
CCNF	4.7727272727272725	6.9489106635318485e-90	0.32349065	1.2770159275960756e-125
EIF2S2	3.742424242424242	3.2359242627538247e-233	-0.062052894	1.0
ZDHHC4	4.090909090909091	1.5223184067744789e-181	0.16692287	1.0
ARG1	6.03030303030303	0.17626248537921577	0.023922147	1.0
STT3A	6.181818181818182	1.0	0.116748884	1.0
RPSA	8.787878787878787	1.0	0.0031692968	1.0
PEX7	8.166666666666666	1.0	0.01200157	1.0
FRA10AC1	7.090909090909091	1.0	0.0039433106	1.0
CDH24	4.196969696969697	2.9882021010514624e-166	0.3801911	2.5991884801938538e-222
FAM76B	6.015151515151516	0.11603843419891441	0.11053281	1.0
SLC25A20	15.0	1.0	0.008317679	1.0
HJURP	5.393939393939394	9.413594363001394e-29	0.29297563	1.7838616310847725e-80
VPS37C	4.5606060606060606	2.0701982173404105e-116	0.05592777	1.0
RPRD1B	6.0	0.07311233693762956	0.079244226	1.0
ITGAD	5.863636363636363	0.0001074974518139196	0.48237565	0.0
MED25	4.484848484848484	2.1281592221250877e-126	0.369266	7.296332117956052e-203
TAF7	4.893939393939394	7.917093618468979e-76	-0.08557097	1.0
DMC1	4.787878787878788	4.431250677636168e-88	0.09906479	1.0
KCTD13	5.515151515151516	1.7246853142774622e-20	0.07227427	1.0
NEK6	4.0606060606060606	5.7613808878307085e-186	0.10965044	1.0
SDSL	6.0	0.07311233693762956	0.07708365	1.0
BCL2L12	5.212121212121212	1.3139036660141977e-43	0.10084393	1.0
LRG1	7.075757575757576	1.0	0.11532707	1.0
SF3B3	5.0606060606060606	4.89685641010256e-58	0.45539683	0.0
RPS6KA6	4.4393939393939394	1.673299379658336e-132	0.3292771	7.250739215876707e-135
HNRNPM	4.954545454545454	3.884182853552079e-69	0.27337393	1.5934325600633306e-55
IGFBP2	7.393939393939394	1.0	0.0632384	1.0
ANXA1	4.151515151515151	9.15888580977784e-173	0.014164952	1.0
SLC3A1	15.0	1.0	0.106985666	1.0
SPAG9	3.9696969696969697	2.4674890859968454e-199	0.5428659	0.0
FCER2	5.96969696969697	0.024729877173714734	0.07476981	1.0
SYN2	4.454545454545454	1.8518644066753443e-130	0.084092736	1.0
CEACAM8	5.106060606060606	1.5872832289342982e-53	0.021062346	1.0
CD2BP2	4.515151515151516	2.2372994385292133e-122	0.06189817	1.0
GNRHR	7.075757575757576	1.0	-0.0031388162	1.0
INHBC	6.287878787878788	1.0	0.021652872	1.0
DIAPH3	4.757575757575758	1.0619875368314136e-91	0.5241126	0.0
FOXP4	15.0	1.0	0.159096	1.0
GIPC1	5.151515151515151	3.59408870467608e-49	-0.0040230113	1.0
IL6R	4.0	7.386654389169344e-195	0.064882055	1.0
RIPK4	4.303030303030303	2.9329124127824168e-151	0.38280234	5.382898535089196e-227
CD226	5.696969696969697	9.995055185491281e-11	0.047736008	1.0
PPL	4.393939393939394	1.0948844848673155e-138	0.5212562	0.0
HSD17B4	4.893939393939394	7.917093618468979e-76	0.33738542	4.044946241642734e-148
PLEK	4.4393939393939394	1.673299379658336e-132	0.10830811	1.0
SPATA20	6.96969696969697	1.0	0.31150886	4.1382996667565075e-107
C11orf30	4.515151515151516	2.2372994385292133e-122	0.53472567	0.0
LTBP1	6.575757575757576	1.0	0.51190567	0.0
HOXD10	4.2727272727272725	1.6441818492106707e-155	0.12112074	1.0
SGCG	15.0	1.0	-0.0056287013	1.0
BABAM1	7.196969696969697	1.0	0.0020011035	1.0
ACOX1	6.5	1.0	0.15067872	1.0
TLE3	4.742424242424242	1.5808109845269243e-93	0.32177788	6.417076345151605e-123
GNB3	7.954545454545454	1.0	-0.02664294	1.0
C5	10.151515151515152	1.0	0.6025057	0.0
PPFIBP2	5.515151515151516	1.7246853142774622e-20	0.39773303	5.593395096111393e-254
RTDR1	4.090909090909091	1.5223184067744789e-181	0.13742049	1.0
PRKRA	9.848484848484848	1.0	0.014026259	1.0
SNAP91	4.666666666666667	7.336184814303851e-103	0.3552072	2.770334164912127e-178
QKI	5.136363636363637	1.329601873108839e-50	-0.029852876	1.0
SKAP1	4.196969696969697	2.9882021010514624e-166	0.27193224	7.721499694567038e-54
SRSF6	5.151515151515151	3.59408870467608e-49	0.037304666	1.0
TPX2	4.53030303030303	2.2306482421952033e-120	0.38297963	2.5847370113968174e-227
MOS	4.257575757575758	1.225183680326422e-157	0.11558357	1.0
NRD1	15.0	1.0	0.17773136	1.0
DUSP1	3.909090909090909	2.64348710704926e-208	0.16793132	1.0
IGBP1	5.5	1.8957199282862748e-21	0.021166027	1.0
SIM1	4.696969696969697	4.296316092130633e-99	0.3389446	1.0483296004292995e-150
ST3GAL4	5.378787878787879	7.002849665867642e-30	0.010224254	1.0
NFE2L3	6.151515151515151	1.0	0.15096755	1.0
ZNF592	4.757575757575758	1.0619875368314136e-91	0.5244836	0.0
ZC3H12A	15.0	1.0	0.06933948	1.0
SFRP1	11.712121212121213	1.0	0.033269808	1.0
TRIB2	5.409090909090909	1.1965605630142752e-27	0.116499566	1.0
ARHGEF6	3.909090909090909	2.64348710704926e-208	0.3256233	5.250728152511708e-129
PON2	8.045454545454545	1.0	0.004976531	1.0
GSN	4.303030303030303	2.9329124127824168e-151	0.1769839	1.0
SMC1B	5.696969696969697	9.995055185491281e-11	0.44339126	0.0
ASPH	9.227272727272727	1.0	0.31882098	2.677480006910322e-118
KCNQ3	4.803030303030303	2.7367645399029442e-86	0.32716575	1.797678209203794e-131
CAB39	4.7727272727272725	6.9489106635318485e-90	0.025484292	1.0
FUT7	6.03030303030303	0.17626248537921577	0.032037545	1.0
SIX3	4.848484848484849	5.380669780436885e-81	0.056260433	1.0
SCAMP3	4.5	2.201714823989054e-124	0.08014067	1.0
CD2	4.681818181818182	5.689414961865554e-101	0.04243215	1.0
STRN	4.196969696969697	2.9882021010514624e-166	0.3813318	2.3421074038487634e-224
GAK	3.772727272727273	1.1509613505943056e-228	0.46451935	0.0
CFB	10.151515151515152	1.0	0.35070994	1.4850165291669303e-170
ITGB8	5.954545454545454	0.013318735761905466	0.35014415	1.3758043180800462e-169
HOXB2	4.151515151515151	9.15888580977784e-173	0.16263312	1.0
PIK3R4	4.257575757575758	1.225183680326422e-157	0.5164766	0.0
MAPK11	3.9545454545454546	1.4292587375731596e-201	-0.029390465	1.0
IL12RB1	5.924242424242424	0.0033040705224971884	0.08981445	1.0
HNRNPH3	4.46969696969697	2.0157488759722106e-128	0.111849695	1.0
MOAP1	4.545454545454546	2.1705639517453993e-118	0.06545545	1.0
BRIX1	4.924242424242424	1.874969259881809e-72	0.1286213	1.0
FAM105B	5.303030303030303	7.887011253946248e-36	0.10628194	1.0
KLHDC9	4.757575757575758	1.0619875368314136e-91	0.060285747	1.0
MMS22L	5.045454545454546	1.4229306440703084e-59	0.497619	0.0
FANCI	5.03030303030303	3.992657506387221e-61	0.5194074	0.0
ATF4	4.03030303030303	2.1087738388507592e-190	-0.07831389	1.0
HOOK1	6.5606060606060606	1.0	0.14137587	1.0
ABHD5	5.590909090909091	5.007830731219704e-16	-0.009626023	1.0
BANK1	4.9393939393939394	8.666842423299595e-71	0.3771487	7.166842055009524e-217
THAP7	5.181818181818182	2.3605024707753786e-46	0.11391099	1.0
AFF1	4.893939393939394	7.917093618468979e-76	0.507054	0.0
ACSL3	5.712121212121212	4.622182304966331e-10	0.25289744	9.623265702150204e-34
HSPBP1	4.2272727272727275	6.257190620228874e-162	0.03301781	1.0
PRSS8	5.075757575757576	1.6271107072498622e-56	0.09257292	1.0
ATXN7L3	5.696969696969697	9.995055185491281e-11	-0.011640707	1.0
KLF1	3.878787878787879	8.171994366410397e-213	0.11921813	1.0
MAPT	3.5454545454545454	5.521493724286175e-263	0.046202745	1.0
MEGF8	5.242424242424242	6.099209833098505e-41	0.58442456	0.0
SYNGAP1	4.5606060606060606	2.0701982173404105e-116	0.4597471	0.0
ARHGAP21	4.696969696969697	4.296316092130633e-99	0.58944136	0.0
MAFA	3.9393939393939394	8.13036209830832e-204	0.09125385	1.0
NUP37	4.5	2.201714823989054e-124	0.10534393	1.0
DAB2	3.8636363636363638	4.569907826037505e-215	0.21709956	2.7265252967388554e-08
CNST	5.242424242424242	6.099209833098505e-41	0.31594175	7.49633664593185e-114
LRRC23	5.5	1.8957199282862748e-21	0.045897204	1.0
ZNF148	3.6666666666666665	1.2657727916532822e-244	0.3595275	8.962250034740766e-186
MAGEB18	3.9696969696969697	2.4674890859968454e-199	0.08849321	1.0
TOR1B	6.606060606060606	1.0	0.011661043	1.0
PAWR	4.424242424242424	1.483232711503633e-134	0.026221808	1.0
OSTM1	6.909090909090909	1.0	-0.019549157	1.0
FOXM1	3.742424242424242	3.2359242627538247e-233	0.43012404	4.1600555132e-313
DTX3	5.621212121212121	2.1281896348445874e-14	0.050675895	1.0
GABPB1	4.787878787878788	4.431250677636168e-88	-0.007513598	1.0
SLC12A9	15.0	1.0	0.20954584	3.41732712964554e-05
PJA2	5.621212121212121	2.1281896348445874e-14	0.18083736	1.0
MASP1	10.151515151515152	1.0	0.34917974	6.0847723264218805e-168
TRIM2	5.666666666666667	3.978664970448861e-12	0.26508996	3.825736067288786e-46
HLA-G	6.712121212121212	1.0	0.004008779	1.0
QRICH1	4.7272727272727275	2.2662035039882355e-95	0.33712	1.1099499364620189e-147
APEH	6.121212121212121	0.8477923380061042	0.11336005	1.0
SH3D19	4.757575757575758	1.0619875368314136e-91	0.28950474	8.471842995750391e-76
EPCAM	15.0	1.0	-0.005254781	1.0
FOXA3	4.621212121212121	1.3207905061700894e-108	0.10189815	1.0
NCK2	4.015151515151516	1.2499973933095756e-192	-0.11467582	1.0
VEPH1	4.348484848484849	6.158238409806613e-145	0.40193003	1.3112005765809453e-261
NR1H2	4.212121212121212	4.33582970150717e-164	-0.049504325	1.0
ERI3	5.666666666666667	3.978664970448861e-12	0.023282278	1.0
ANXA5	5.742424242424242	8.455253740774733e-09	0.06271092	1.0
JUND	3.5303030303030303	2.824771523696977e-265	-0.04135688	1.0
MAPK8	3.272727272727273	2.576155245485676e-304	-0.17162555	1.0
CEACAM6	5.106060606060606	1.5872832289342982e-53	0.023913901	1.0
MZF1	5.590909090909091	5.007830731219704e-16	0.23911296	6.484937038243405e-22
ACTA1	3.8484848484848486	2.5229778063339486e-217	-0.20160097	1.0
NFE2L1	4.348484848484849	6.158238409806613e-145	0.33456445	1.7979403881391897e-143
ZFPL1	6.318181818181818	1.0	0.009863411	1.0
IRF2BPL	5.136363636363637	1.329601873108839e-50	0.34312135	1.0981087873689114e-157
NSUN2	5.984848484848484	0.04362517966007074	0.15115517	1.0
CIZ1	4.636363636363637	1.1170269528111936e-106	0.33420718	6.920309599701873e-143
VAC14	6.212121212121212	1.0	0.31638557	1.5585294209975123e-114
ZDHHC7	6.5606060606060606	1.0	0.008305882	1.0
SLC12A6	15.0	1.0	0.37875816	9.544887373812371e-220
NKX2-1	4.106060606060606	2.4294474174401478e-179	0.08985246	1.0
AGL	15.0	1.0	0.3604772	1.9870229236399543e-187
DUSP12	4.878787878787879	1.5453967442950229e-77	0.07553199	1.0
SLC25A3	4.363636363636363	7.512830586913155e-143	0.15550995	1.0
BAG1	3.5606060606060606	1.0767191768626267e-260	0.14641404	1.0
BCCIP	5.7272727272727275	2.031818790138371e-09	-0.009034814	1.0
RIN1	3.9696969696969697	2.4674890859968454e-199	0.3861206	5.7614865343413025e-233
OPHN1	4.590909090909091	1.7383763998462225e-112	0.39996663	4.892905892950115e-258
FBXO28	5.045454545454546	1.4229306440703084e-59	0.12669554	1.0
ANXA13	4.818181818181818	1.6425866582786677e-84	0.1236831	1.0
ATP6V0D1	5.151515151515151	3.59408870467608e-49	0.11742116	1.0
DDN	6.757575757575758	1.0	0.32239825	6.772229878557128e-124
ST3GAL2	7.9393939393939394	1.0	0.006103359	1.0
EFNB3	5.575757575757576	7.098220602553354e-17	0.118090324	1.0
UHMK1	4.666666666666667	7.336184814303851e-103	0.02399626	1.0
SH3GL3	3.9242424242424243	4.600422224434154e-206	-0.18203141	1.0
IBTK	5.0606060606060606	4.89685641010256e-58	0.5114882	0.0
CSNK1A1L	5.303030303030303	7.887011253946248e-36	0.0031770766	1.0
SH3GL2	4.333333333333333	4.8731389520965527e-147	-0.078333065	1.0
LSAMP	5.666666666666667	3.978664970448861e-12	0.023282278	1.0
KLF2	4.242424242424242	8.837767506374353e-160	0.18184693	1.0
MTFR1	4.409090909090909	1.2861037409784286e-136	0.088641316	1.0
ADPRHL2	8.075757575757576	1.0	-0.0014157505	1.0
GPD1	5.121212121212121	4.676730757762688e-52	0.043843515	1.0
DARC	9.409090909090908	1.0	-0.047687113	1.0
ATOH1	4.621212121212121	1.3207905061700894e-108	0.098704435	1.0
CDKL1	4.454545454545454	1.8518644066753443e-130	0.15240324	1.0
COQ9	5.696969696969697	9.995055185491281e-11	0.040389203	1.0
STOML2	5.090909090909091	5.1713704161927095e-55	0.06045813	1.0
CCR8	8.212121212121213	1.0	-0.03186428	1.0
RNF146	4.363636363636363	7.512830586913155e-143	0.1203558	1.0
HOXD9	4.621212121212121	1.3207905061700894e-108	0.08322765	1.0
TSSK1B	4.242424242424242	8.837767506374353e-160	0.10258167	1.0
KRIT1	5.0606060606060606	4.89685641010256e-58	0.2510539	5.064472529234852e-32
DEK	5.242424242424242	6.099209833098505e-41	0.0056584966	1.0
TDRD7	4.590909090909091	1.7383763998462225e-112	0.1366642	1.0
PTPLAD1	4.7727272727272725	6.9489106635318485e-90	0.11592615	1.0
CYC1	6.909090909090909	1.0	-0.0041557876	1.0
PPRC1	7.0606060606060606	1.0	0.40694168	9.656084678095933e-271
PFKL	5.090909090909091	5.1713704161927095e-55	0.3611162	1.528180515456947e-188
GNA11	5.924242424242424	0.0033040705224971884	-0.07964838	1.0
C4orf17	4.136363636363637	5.955732217746212e-175	0.1117247	1.0
CREB5	4.393939393939394	1.0948844848673155e-138	0.13694282	1.0
CCR4	8.151515151515152	1.0	-0.032451656	1.0
RNF123	3.9393939393939394	8.13036209830832e-204	0.5268519	0.0
HCFC2	5.681818181818182	2.0488697101334917e-11	0.31008962	5.59043500773017e-105
STRAP	5.075757575757576	1.6271107072498622e-56	-0.04761229	1.0
CDK5R2	4.515151515151516	2.2372994385292133e-122	0.123637274	1.0
TLR6	5.0606060606060606	4.89685641010256e-58	0.3213823	2.6847183454510697e-122
SEMA3C	7.106060606060606	1.0	0.31965938	1.3293863192581025e-119
SEC13	8.015151515151516	1.0	0.07678665	1.0
MN1	4.2727272727272725	1.6441818492106707e-155	0.5259162	0.0
UBE2Z	4.045454545454546	3.500482389273137e-188	0.10954419	1.0
TWF1	5.257575757575758	1.2355595419735018e-39	0.06052731	1.0
LENG8	5.166666666666667	9.397055613032697e-48	0.33494475	4.27004351337295e-144
ELF3	4.0	7.386654389169344e-195	0.2784295	1.3236823539715807e-61
AKAP13	3.707692307692308	2.0111636318750005e-238	0.5644297	0.0
SNAPC2	4.53030303030303	2.2306482421952033e-120	0.20878008	6.340048352065254e-05
TSKU	4.803030303030303	2.7367645399029442e-86	0.09294876	1.0
LRP2BP	4.893939393939394	7.917093618468979e-76	0.020928247	1.0
CD72	4.681818181818182	5.689414961865554e-101	0.1513125	1.0
LFNG	5.151515151515151	3.59408870467608e-49	0.094282985	1.0
UBAC2	4.954545454545454	3.884182853552079e-69	0.055106465	1.0
SLC9A2	4.181818181818182	2.0431422463121415e-168	0.38450888	4.595945860663726e-230
GNB4	7.954545454545454	1.0	-0.047881193	1.0
EPB41L1	4.151515151515151	9.15888580977784e-173	0.29216596	2.2442380137418853e-79
TRIB3	4.363636363636363	7.512830586913155e-143	0.11765323	1.0
TOR1A	5.606060606060606	3.3531991138491256e-15	0.013139548	1.0
C1R	8.757575757575758	1.0	-0.012491057	1.0
EXT1	7.0606060606060606	1.0	0.15163574	1.0
FYTTD1	6.984848484848484	1.0	0.018320004	1.0
PPP1R8	3.893939393939394	1.469768442176506e-210	0.060007647	1.0
GNAQ	5.818181818181818	4.672299051935399e-06	-0.16191663	1.0
PCYT1A	4.303030303030303	2.9329124127824168e-151	0.14482579	1.0
SYTL5	6.106060606060606	0.7203309180246135	0.26672706	6.141320091950994e-48
APOF	6.984848484848484	1.0	0.01232983	1.0
SETD7	5.03030303030303	3.992657506387221e-61	0.03898947	1.0
NUDCD3	4.409090909090909	1.2861037409784286e-136	0.11630583	1.0
MAST3	4.848484848484849	5.380669780436885e-81	0.30760804	2.7366439898144432e-101
SETD8	5.242424242424242	6.099209833098505e-41	0.048084155	1.0
GLRX3	5.46969696969697	1.979659785672327e-23	0.08717649	1.0
POLDIP2	4.757575757575758	1.0619875368314136e-91	0.080675356	1.0
CD244	5.348484848484849	3.361814908486116e-32	0.039887235	1.0
MAGEB4	6.121212121212121	0.8477923380061042	0.00571647	1.0
SUGT1	6.0	0.07311233693762956	-0.001977687	1.0
KCNJ1	4.212121212121212	4.33582970150717e-164	0.031603295	1.0
MST1	8.030303030303031	1.0	0.16482379	1.0
LTB4R	6.378787878787879	1.0	0.04241786	1.0
CYTIP	5.196969696969697	5.681854045967462e-45	-0.006350504	1.0
WNT6	12.712121212121213	1.0	-0.001241735	1.0
ACMSD	6.015151515151516	0.11603843419891441	0.061436	1.0
PPM1L	4.878787878787879	1.5453967442950229e-77	0.109572425	1.0
PEX10	10.166666666666666	1.0	0.029883536	1.0
PPID	4.136363636363637	5.955732217746212e-175	0.07186656	1.0
PSMD8	3.9393939393939394	8.13036209830832e-204	0.12211927	1.0
ERCC3	4.575757575757576	1.9231756304013163e-114	0.1210441	1.0
GLE1	15.0	1.0	0.3006894	3.0866304715215476e-91
ITGAX	5.96969696969697	0.024729877173714734	0.38884553	6.983838419863744e-238
RIBC2	5.075757575757576	1.6271107072498622e-56	-0.120237365	1.0
MDH2	15.0	1.0	-0.008484458	1.0
MYH4	6.515151515151516	1.0	0.3300379	4.279104438663889e-136
RAX	5.606060606060606	3.3531991138491256e-15	0.03461083	1.0
HIPK2	3.621212121212121	1.6813079197000762e-251	-0.10174356	1.0
NBAS	9.090909090909092	1.0	0.5786488	0.0
GPR1	10.151515151515152	1.0	0.0112865055	1.0
BAHD1	4.7727272727272725	6.9489106635318485e-90	0.34765676	2.37816734027978e-165
GPR25	4.878787878787879	1.5453967442950229e-77	0.106314786	1.0
COL8A1	15.0	1.0	0.088670254	1.0
GAS1	15.0	1.0	-0.0002449673	1.0
PEX16	10.166666666666666	1.0	0.03613676	1.0
IL2RG	4.363636363636363	7.512830586913155e-143	-0.12422235	1.0
CAMK1	4.303030303030303	2.9329124127824168e-151	0.039766833	1.0
RP2	6.015151515151516	0.11603843419891441	0.008583624	1.0
C20orf72	6.015151515151516	0.11603843419891441	0.056793366	1.0
FEN1	4.015151515151516	1.2499973933095756e-192	0.1073832	1.0
STBD1	5.075757575757576	1.6271107072498622e-56	0.080659695	1.0
ATG4A	6.96969696969697	1.0	0.008802733	1.0
DCX	4.318181818181818	3.8075011752609048e-149	0.06190011	1.0
ARL6IP4	15.0	1.0	-0.003006894	1.0
PRKX	5.348484848484849	3.361814908486116e-32	0.01637727	1.0
STAC3	4.666666666666667	7.336184814303851e-103	0.082481116	1.0
PELI3	4.636363636363637	1.1170269528111936e-106	0.10829448	1.0
SCAMP1	8.5	1.0	0.002201374	1.0
SCN10A	4.96969696969697	1.6768237566517874e-67	0.5625162	0.0
USP16	4.303030303030303	2.9329124127824168e-151	0.34269264	5.757230173781205e-157
RAD23A	4.393939393939394	1.0948844848673155e-138	-0.0477453	1.0
GYG1	4.924242424242424	1.874969259881809e-72	-0.00729637	1.0
LEPRE1	6.5	1.0	0.20079899	0.012608220800813141
PANK4	4.7272727272727275	2.2662035039882355e-95	0.24507216	9.918287679621563e-27
ABCD2	10.166666666666666	1.0	0.27224433	3.3492602577228694e-54
HTR1F	4.575757575757576	1.9231756304013163e-114	0.10355634	1.0
AMBRA1	5.681818181818182	2.0488697101334917e-11	0.31284738	3.937710764875454e-109
TLR1	5.484848484848484	1.988067711542528e-22	0.23411289	3.0975797735056278e-18
PDIK1L	7.318181818181818	1.0	0.0023605698	1.0
NAT6	15.0	1.0	0.007148234	1.0
IGF2R	6.96969696969697	1.0	0.58868665	0.0
ISG20L2	8.0	1.0	0.012733205	1.0
SERPINB9	3.8636363636363638	4.569907826037505e-215	-0.109999485	1.0
ABI3	5.090909090909091	5.1713704161927095e-55	0.013082481	1.0
HOMER3	4.818181818181818	1.6425866582786677e-84	0.057178717	1.0
BGN	6.651515151515151	1.0	-0.021430979	1.0
CDC5L	4.606060606060606	1.5330310558122995e-110	0.22447687	4.183289837111896e-12
FCHSD2	6.803030303030303	1.0	0.19754355	0.060644317626358024
VCAM1	6.863636363636363	1.0	0.1857904	1.0
TLR2	4.696969696969697	4.296316092130633e-99	0.24827136	1.6714702690832982e-29
ACTB	3.9696969696969697	2.4674890859968454e-199	-0.2224729	1.0
ACTR3B	6.0	0.07311233693762956	0.010316696	1.0
ZNF337	8.924242424242424	1.0	0.08229834	1.0
OPN1MW	5.46969696969697	1.979659785672327e-23	0.04208531	1.0
SLC4A3	7.015151515151516	1.0	0.47942814	0.0
OPN1LW	4.378787878787879	9.114755093831552e-141	0.10692261	1.0
C10orf12	5.242424242424242	6.099209833098505e-41	0.44979098	0.0
PDLIM3	6.196969696969697	1.0	0.045559905	1.0
EIF3H	6.484848484848484	1.0	0.021269828	1.0
SMC2	15.0	1.0	0.51716626	0.0
PITPNM2	5.7727272727272725	1.240247868738064e-07	0.48923874	0.0
FAM190B	4.5	2.201714823989054e-124	0.30865923	7.574445973568766e-103
ITGB5	4.46969696969697	2.0157488759722106e-128	0.186542	1.0
TMEM161A	5.196969696969697	5.681854045967462e-45	0.07744669	1.0
CDH16	4.196969696969697	2.9882021010514624e-166	0.34571323	4.680103009612279e-162
SEMA4F	7.242424242424242	1.0	0.23860808	1.5797305099374362e-21
ADAM2	6.651515151515151	1.0	0.12412817	1.0
FAM118B	6.106060606060606	0.7203309180246135	0.0128821945	1.0
DKK3	5.409090909090909	1.1965605630142752e-27	0.10944284	1.0
CCDC86	7.2727272727272725	1.0	-0.003012658	1.0
G2E3	5.7727272727272725	1.240247868738064e-07	0.24531792	6.136843158113975e-27
TRIB1	4.545454545454546	2.1705639517453993e-118	0.07247948	1.0
WBP4	4.575757575757576	1.9231756304013163e-114	0.08569853	1.0
CDH5	4.166666666666667	1.3774237346063119e-170	0.2150591	2.2586976307850186e-07
CBWD5	6.757575757575758	1.0	0.012093406	1.0
NELL2	5.242424242424242	6.099209833098505e-41	0.33388096	2.3665259423283295e-142
ATP6AP2	15.0	1.0	-0.006128641	1.0
LPAR3	6.090909090909091	0.5901931783435886	0.07039942	1.0
ADA	5.636363636363637	1.2851410704542627e-13	-0.002784845	1.0
WNT7A	8.712121212121213	1.0	0.020688321	1.0
FOXL1	5.757575757575758	3.3260698279418764e-08	0.04185421	1.0
PEX19	9.166666666666666	1.0	-0.06366776	1.0
ALDOB	4.5606060606060606	2.0701982173404105e-116	0.040159084	1.0
PRMT1	3.5454545454545454	5.521493724286175e-263	-0.13563636	1.0
GBE1	8.878787878787879	1.0	0.15191846	1.0
KIR2DL1	8.151515151515152	1.0	0.019402504	1.0
MASP2	10.757575757575758	1.0	0.07013467	1.0
TMEM189-UBE2V1	5.0	2.784639304065503e-64	0.083922625	1.0
ZNF227	5.454545454545454	1.875469319795333e-24	0.29436934	2.206870391654164e-82
PTPRA	4.090909090909091	1.5223184067744789e-181	0.36466336	9.424511683215972e-195
IL3RA	4.7272727272727275	2.2662035039882355e-95	0.03466371	1.0
PDE10A	4.348484848484849	6.158238409806613e-145	0.32867274	6.83164854805873e-134
L3MBTL1	4.378787878787879	9.114755093831552e-141	0.21689329	3.398491183320851e-08
LUC7L	4.409090909090909	1.2861037409784286e-136	0.07643366	1.0
CRX	6.303030303030303	1.0	-0.020886775	1.0
DSN1	5.484848484848484	1.988067711542528e-22	0.0065981154	1.0
AGTR2	6.090909090909091	0.5901931783435886	-0.0054765316	1.0
FOXL2	4.333333333333333	4.8731389520965527e-147	0.10679948	1.0
OTUD7B	4.787878787878788	4.431250677636168e-88	0.33233058	8.084477722585595e-140
ACTR1B	4.090909090909091	1.5223184067744789e-181	0.10278399	1.0
MEF2B	5.106060606060606	1.5872832289342982e-53	0.087320216	1.0
MAP4K2	4.712121212121212	3.1719869210396293e-97	0.3480948	4.283107293393998e-166
GNB2	7.954545454545454	1.0	-0.063369386	1.0
AGRN	5.242424242424242	6.099209833098505e-41	0.55495906	0.0
TSSK2	5.803030303030303	1.4705485992125324e-06	0.0018228798	1.0
TSEN34	7.636363636363637	1.0	0.0072315363	1.0
DCTN1	3.984848484848485	4.290407050829078e-197	0.24247152	1.4314175318817863e-24
RABEPK	6.166666666666667	1.0	-0.006901517	1.0
THPO	5.621212121212121	2.1281896348445874e-14	0.059462976	1.0
TRAM2	4.409090909090909	1.2861037409784286e-136	0.11884093	1.0
IL10RB	15.0	1.0	-0.016183939	1.0
TRPV5	5.166666666666667	9.397055613032697e-48	0.25174463	1.1595884096369054e-32
ALDOC	5.075757575757576	1.6271107072498622e-56	0.056155734	1.0
USP5	4.515151515151516	2.2372994385292133e-122	0.32767	2.7969581790715634e-132
CA12	5.848484848484849	4.0048182067238415e-05	-0.023292368	1.0
CCDC113	4.53030303030303	2.2306482421952033e-120	0.061781753	1.0
STK36	4.9393939393939394	8.666842423299595e-71	0.48316392	0.0
DOCK7	4.257575757575758	1.225183680326422e-157	0.5506698	0.0
KDM6A	4.630769230769231	2.19120411911767e-107	0.47051984	0.0
FBXO11	3.9696969696969697	2.4674890859968454e-199	0.103797436	1.0
CUL2	5.651515151515151	7.347178639562884e-13	0.13872562	1.0
SERPINB6	6.878787878787879	1.0	-0.026805243	1.0
DLG3	4.984848484848484	6.973868836232615e-66	-0.1332421	1.0
SQSTM1	3.590909090909091	4.490108049188853e-256	-0.052936945	1.0
ITGB2	4.96969696969697	1.6768237566517874e-67	0.08664288	1.0
METTL2B	4.742424242424242	1.5808109845269243e-93	0.07613373	1.0
AVEN	4.712121212121212	3.1719869210396293e-97	0.13842216	1.0
CD46	6.090909090909091	0.5901931783435886	0.060380075	1.0
PRPF18	7.96969696969697	1.0	-0.0050390447	1.0
PNMA1	4.545454545454546	2.1705639517453993e-118	-0.032003287	1.0
ILF2	4.4393939393939394	1.673299379658336e-132	0.16516064	1.0
DHPS	15.0	1.0	-0.0073178057	1.0
FPR2	8.242424242424242	1.0	0.0018221263	1.0
OASL	4.696969696969697	4.296316092130633e-99	0.09308015	1.0
PARD6G	4.196969696969697	2.9882021010514624e-166	0.15758333	1.0
VIL1	4.212121212121212	4.33582970150717e-164	0.39229488	4.058256989973726e-244
RNF32	5.136363636363637	1.329601873108839e-50	0.015224441	1.0
CDK9	3.6515151515151514	6.574533281986768e-247	-0.13760965	1.0
PARP4	5.848484848484849	4.0048182067238415e-05	0.44213638	0.0
SLC9A7	8.5	1.0	0.062298045	1.0
C4orf27	6.2272727272727275	1.0	0.017899921	1.0
STAT5B	3.6818181818181817	2.3853005820836463e-242	0.066277035	1.0
MAPK12	4.575757575757576	1.9231756304013163e-114	-0.017799469	1.0
FANCD2	4.03030303030303	2.1087738388507592e-190	0.2956834	3.385982477122847e-84
NLRP12	8.121212121212121	1.0	0.097923875	1.0
PCSK1	15.0	1.0	0.07755739	1.0
OSGEP	8.93939393939394	1.0	-0.013510976	1.0
CCRL1	9.772727272727273	1.0	-0.075605415	1.0
RFFL	4.606060606060606	1.5330310558122995e-110	0.057942763	1.0
SOX18	4.454545454545454	1.8518644066753443e-130	0.09405074	1.0
KAT2B	3.5454545454545454	5.521493724286175e-263	-0.09439429	1.0
CIAO1	6.242424242424242	1.0	-0.023368457	1.0
ZHX2	4.4393939393939394	1.673299379658336e-132	0.3078774	1.0933130011588428e-101
FOS	3.5454545454545454	5.521493724286175e-263	-0.14502886	1.0
PGGT1B	4.681818181818182	5.689414961865554e-101	0.0425291	1.0
GIGYF2	5.0606060606060606	4.89685641010256e-58	0.43828163	0.0
KCNK9	4.0	7.386654389169344e-195	0.2507381	9.88965354250366e-32
INHA	6.878787878787879	1.0	0.02134831	1.0
HEATR2	4.378787878787879	9.114755093831552e-141	0.30678967	4.4140295102286943e-100
ADAP2	5.090909090909091	5.1713704161927095e-55	0.076174244	1.0
TLK2	6.242424242424242	1.0	0.21310945	1.4975175321167007e-06
PBX3	5.2727272727272725	2.3924807267209796e-38	0.015067089	1.0
HMBS	5.0	2.784639304065503e-64	0.06841347	1.0
LPAR2	5.833333333333333	1.4045368745137865e-05	0.11367309	1.0
H2AFY	4.166666666666667	1.3774237346063119e-170	0.07711729	1.0
ARPC1A	7.106060606060606	1.0	0.017449206	1.0
TENC1	4.818181818181818	1.6425866582786677e-84	0.47898263	0.0
ADIPOR1	5.015151515151516	1.0736043812980293e-62	0.007880847	1.0
FBXO32	5.863636363636363	0.0001074974518139196	0.051216435	1.0
CCR1	8.151515151515152	1.0	-0.09800122	1.0
TNFRSF25	4.712121212121212	3.1719869210396293e-97	0.0007824469	1.0
WNT3	9.712121212121213	1.0	0.00080228935	1.0
NCOR2	3.6818181818181817	2.3853005820836463e-242	0.056198608	1.0
HPS6	4.424242424242424	1.483232711503633e-134	0.18805343	0.9647220403642148
USP45	4.333333333333333	4.8731389520965527e-147	0.3856452	4.1371588835367225e-232
PREP	7.5	1.0	0.100494616	1.0
AMPD1	5.545454545454546	1.2242493613827866e-18	0.2615712	2.179891749556885e-42
PTPN12	3.893939393939394	1.469768442176506e-210	0.0877839	1.0
F8A1	4.393939393939394	1.0948844848673155e-138	0.1031429	1.0
STRADA	4.787878787878788	4.431250677636168e-88	0.015188732	1.0
ZPBP	15.0	1.0	0.046488624	1.0
TARBP2	8.848484848484848	1.0	-0.003671145	1.0
PA2G4	3.621212121212121	1.6813079197000762e-251	0.20623939	0.0004284709738119378
HIF1AN	6.4393939393939394	1.0	-0.008962745	1.0
ARG2	7.03030303030303	1.0	0.0050699348	1.0
GPR183	4.7272727272727275	2.2662035039882355e-95	0.039415542	1.0
ANXA9	5.863636363636363	0.0001074974518139196	0.09904491	1.0
PPP1R13L	3.8636363636363638	4.569907826037505e-215	0.38114843	4.991385917559099e-224
MAPK8IP2	4.090909090909091	1.5223184067744789e-181	0.15890145	1.0
PPP6R3	4.363636363636363	7.512830586913155e-143	0.34079123	8.7840926304883e-154
ZNF707	5.4393939393939394	1.6925534327478274e-25	0.088565834	1.0
NECAB3	5.545454545454546	1.2242493613827866e-18	0.060759243	1.0
SLC4A1AP	7.848484848484849	1.0	0.1769699	1.0
PSMD13	5.0	2.784639304065503e-64	0.089042254	1.0
LPAR1	6.363636363636363	1.0	0.14746876	1.0
DIEXF	6.015151515151516	0.11603843419891441	0.25256196	1.993798866636771e-33
PRKAR1B	4.03030303030303	2.1087738388507592e-190	0.05669715	1.0
LRP10	6.818181818181818	1.0	0.13578142	1.0
ROM1	15.0	1.0	-0.0036805642	1.0
WNT5A	7.712121212121212	1.0	-0.00908545	1.0
MFI2	9.333333333333334	1.0	0.07344966	1.0
PNISR	6.015151515151516	0.11603843419891441	0.27116263	6.006120656799023e-53
NLGN4X	5.712121212121212	4.622182304966331e-10	0.36959404	1.9191948424506066e-203
VASP	4.363636363636363	7.512830586913155e-143	-0.13074957	1.0
GTF3A	5.666666666666667	3.978664970448861e-12	0.020435153	1.0
PTPN2	3.893939393939394	1.469768442176506e-210	0.14311408	1.0
CYR61	5.4393939393939394	1.6925534327478274e-25	0.08567959	1.0
CLP1	4.924242424242424	1.874969259881809e-72	-0.0053891153	1.0
ELAVL2	6.242424242424242	1.0	-0.011185062	1.0
SEMA4B	5.651515151515151	7.347178639562884e-13	0.31199086	7.764613111323386e-108
ACAP1	7.636363636363637	1.0	0.14233957	1.0
RRAGB	15.0	1.0	0.010285287	1.0
SEMA4C	5.666666666666667	3.978664970448861e-12	0.3412468	1.5217680424831867e-154
CRELD2	8.878787878787879	1.0	-0.0026152306	1.0
CCR10	10.151515151515152	1.0	-0.05621913	1.0
XRCC3	7.863636363636363	1.0	-0.0007381543	1.0
ZER1	6.651515151515151	1.0	0.14698233	1.0
DNM1	3.893939393939394	1.469768442176506e-210	-0.03038431	1.0
SASH3	4.136363636363637	5.955732217746212e-175	0.16206452	1.0
MAPKAPK2	3.6666666666666665	1.2657727916532822e-244	0.01900279	1.0
SULT2B1	5.606060606060606	3.3531991138491256e-15	-0.0071579823	1.0
BPTF	4.924242424242424	1.874969259881809e-72	0.56988454	0.0
INVS	5.46969696969697	1.979659785672327e-23	0.39586172	1.391897455623122e-250
OPRK1	5.893939393939394	0.0006641214396199383	0.037498556	1.0
FRMPD4	5.9393939393939394	0.006813995721858698	0.4380295	0.0
VSX2	5.606060606060606	3.3531991138491256e-15	0.02659615	1.0
EIF3F	5.878787878787879	0.00027450830962018466	-0.012447539	1.0
RPP40	15.0	1.0	-0.01436071	1.0
DUSP6	4.015151515151516	1.2499973933095756e-192	0.15343164	1.0
RBM4B	5.606060606060606	3.3531991138491256e-15	0.001092971	1.0
GNA14	7.742424242424242	1.0	-0.0031490966	1.0
CASP9	3.6515151515151514	6.574533281986768e-247	-0.16217563	1.0
AKR7A2	8.227272727272727	1.0	0.0031240415	1.0
OBFC1	6.0	0.07311233693762956	0.055776656	1.0
WNT4	12.712121212121213	1.0	-0.0035336115	1.0
ANXA2	5.757575757575758	3.3260698279418764e-08	-0.034257963	1.0
BMP15	4.893939393939394	7.917093618468979e-76	0.06567845	1.0
CELSR2	4.924242424242424	1.874969259881809e-72	0.5413841	0.0
CDC37	3.8181818181818183	7.38036129473198e-222	-0.027102621	1.0
HPR	6.984848484848484	1.0	0.018382678	1.0
GSK3B	3.3333333333333335	3.5057232681679496e-295	-0.18546528	1.0
MAP4K5	4.303030303030303	2.9329124127824168e-151	0.38429844	1.0987823389511665e-229
SEMA4D	5.212121212121212	1.3139036660141977e-43	0.2935227	3.193936049894357e-81
MAPKAPK3	4.212121212121212	4.33582970150717e-164	0.076216705	1.0
MRPL38	4.818181818181818	1.6425866582786677e-84	-0.00039175863	1.0
SLC9A3R1	5.090909090909091	5.1713704161927095e-55	-0.16158932	1.0
SIRT2	4.4393939393939394	1.673299379658336e-132	-0.028262043	1.0
NFE2	5.151515151515151	3.59408870467608e-49	-0.012957502	1.0
MUL1	6.2727272727272725	1.0	0.023418596	1.0
HNRNPA3	5.2727272727272725	2.3924807267209796e-38	0.049393624	1.0
TUBA8	3.9242424242424243	4.600422224434154e-206	0.0729425	1.0
MYH2	4.545454545454546	2.1705639517453993e-118	0.53909564	0.0
LDB2	4.984848484848484	6.973868836232615e-66	-0.007717917	1.0
GKAP1	4.7272727272727275	2.2662035039882355e-95	0.07905682	1.0
ZSCAN16	7.2272727272727275	1.0	0.00619186	1.0
PEX1	6.075757575757576	0.4654418176526208	0.48208943	0.0
TSG101	3.8181818181818183	7.38036129473198e-222	-0.15363482	1.0
ZHX1	3.742424242424242	3.2359242627538247e-233	-0.018496785	1.0
CCDC130	4.424242424242424	1.483232711503633e-134	0.026460515	1.0
SERPINE1	6.03030303030303	0.17626248537921577	-0.14127119	1.0
P2RY1	5.833333333333333	1.4045368745137865e-05	0.054895103	1.0
FIBP	4.136363636363637	5.955732217746212e-175	0.03399691	1.0
MYH13	7.4393939393939394	1.0	0.48458916	0.0
ARC	5.575757575757576	7.098220602553354e-17	0.054335535	1.0
CACNA1G	5.409090909090909	1.1965605630142752e-27	0.57227725	0.0
ZNF341	5.424242424242424	1.4589219929881028e-26	0.30598846	6.645432500100739e-99
KCNK3	4.0	7.386654389169344e-195	0.22717975	1.0758118002990508e-13
DDX54	3.909090909090909	2.64348710704926e-208	0.36064038	1.0327020098099623e-187
KIAA1199	15.0	1.0	0.41714635	2.236019004042768e-289
SEMA3F	6.212121212121212	1.0	0.25315827	5.4496781386404945e-34
ZC3H11A	6.257575757575758	1.0	0.167884	1.0
PDE4A	4.393939393939394	1.0948844848673155e-138	0.32072833	2.8460428632947497e-121
SOX1	4.196969696969697	2.9882021010514624e-166	0.10065058	1.0
ST13	5.863636363636363	0.0001074974518139196	0.005323241	1.0
MAEA	6.212121212121212	1.0	0.020877816	1.0
TGS1	4.166666666666667	1.3774237346063119e-170	0.37955615	3.560585086206511e-221
EN1	4.424242424242424	1.483232711503633e-134	0.08169717	1.0
VRK1	3.9545454545454546	1.4292587375731596e-201	0.031533603	1.0
MAP2K4	3.893939393939394	1.469768442176506e-210	-0.10478155	1.0
VPS8	4.757575757575758	1.0619875368314136e-91	0.4600214	0.0
GOLGA1	7.015151515151516	1.0	0.12639633	1.0
NUP43	5.5	1.8957199282862748e-21	-0.008045508	1.0
IFT88	6.136363636363637	0.9665881464844287	0.22593668	5.970724034565643e-13
IL12RB2	4.924242424242424	1.874969259881809e-72	0.15917668	1.0
FLI1	4.348484848484849	6.158238409806613e-145	0.015373315	1.0
PITPNC1	15.0	1.0	-0.010712363	1.0
ARFGEF1	5.984848484848484	0.04362517966007074	0.48075396	0.0
FCGR1A	4.878787878787879	1.5453967442950229e-77	0.022721395	1.0
SSBP3	6.863636363636363	1.0	0.024685983	1.0
FBLIM1	5.015151515151516	1.0736043812980293e-62	0.060901713	1.0
KPNB1	3.6363636363636362	3.245605426130343e-249	-0.055652373	1.0
FA2H	5.409090909090909	1.1965605630142752e-27	0.091195665	1.0
AGER	5.893939393939394	0.0006641214396199383	-0.013675318	1.0
MTNR1A	5.242424242424242	6.099209833098505e-41	-0.06191643	1.0
ECE1	6.075757575757576	0.4654418176526208	0.1583743	1.0
CASP4	4.333333333333333	4.8731389520965527e-147	-0.011708213	1.0
PCBP3	5.712121212121212	4.622182304966331e-10	0.033257883	1.0
VPS35	6.4393939393939394	1.0	0.04853105	1.0
TNFRSF11B	6.393939393939394	1.0	0.008719221	1.0
TGFBR3	6.651515151515151	1.0	0.17768817	1.0
USP10	5.545454545454546	1.2242493613827866e-18	0.1496766	1.0
CKB	6.181818181818182	1.0	-0.031546168	1.0
POFUT1	5.151515151515151	3.59408870467608e-49	0.05606116	1.0
TBC1D5	5.0	2.784639304065503e-64	0.26082543	1.306569277717066e-41
C18orf54	6.015151515151516	0.11603843419891441	0.041927405	1.0
SSH1	4.954545454545454	3.884182853552079e-69	0.46044692	0.0
EXOSC10	5.257575757575758	1.2355595419735018e-39	-0.05624654	1.0
SERBP1	4.121212121212121	3.8192567646814513e-177	-0.016623536	1.0
APOL1	6.984848484848484	1.0	0.005270992	1.0
RMND5A	4.757575757575758	1.0619875368314136e-91	0.072271734	1.0
DGCR8	5.424242424242424	1.4589219929881028e-26	0.24833095	1.479907420977006e-29
SLC4A2	7.181818181818182	1.0	0.34446046	6.114506415455532e-160
ACAT2	4.136363636363637	5.955732217746212e-175	0.09798508	1.0
FOXE1	5.651515151515151	7.347178639562884e-13	0.04071148	1.0
TIAL1	5.818181818181818	4.672299051935399e-06	0.04913183	1.0
FOXP3	4.575757575757576	1.9231756304013163e-114	0.026721945	1.0
LHX9	3.984848484848485	4.290407050829078e-197	0.09220015	1.0
GRASP	5.0606060606060606	4.89685641010256e-58	0.0014375342	1.0
DRG2	7.090909090909091	1.0	-0.008796925	1.0
IL13RA2	5.848484848484849	4.0048182067238415e-05	-0.01685257	1.0
HP	15.0	1.0	-0.009801104	1.0
SPOP	5.166666666666667	9.397055613032697e-48	0.00310219	1.0
KIF5C	4.363636363636363	7.512830586913155e-143	0.3242003	9.6004141285383e-127
HAVCR1	5.409090909090909	1.1965605630142752e-27	0.114427865	1.0
SIX4	5.7727272727272725	1.240247868738064e-07	0.16155104	1.0
CDC42EP4	5.636363636363637	1.2851410704542627e-13	0.10773753	1.0
PEX12	10.166666666666666	1.0	0.010677246	1.0
CLCN3	6.075757575757576	0.4654418176526208	0.26095194	9.653762269635825e-42
RASA2	5.409090909090909	1.1965605630142752e-27	0.235817	1.8810045077714893e-19
MYPOP	4.7727272727272725	6.9489106635318485e-90	0.031022007	1.0
EML1	7.0	1.0	0.09507267	1.0
APOBEC3F	6.121212121212121	0.8477923380061042	-0.00281724	1.0
ACTG2	6.984848484848484	1.0	0.030171007	1.0
RAD51B	5.863636363636363	0.0001074974518139196	-0.017816897	1.0
GNA12	4.409090909090909	1.2861037409784286e-136	-0.069435306	1.0
MESDC1	13.712121212121213	1.0	0.058643863	1.0
NOXO1	5.409090909090909	1.1965605630142752e-27	0.01620285	1.0
PAK1IP1	4.181818181818182	2.0431422463121415e-168	0.11074726	1.0
RAPSN	5.818181818181818	4.672299051935399e-06	0.073499665	1.0
P2RX4	5.166666666666667	9.397055613032697e-48	0.036502615	1.0
BCL11B	4.666666666666667	7.336184814303851e-103	0.27429613	1.2962297051427905e-56
HEATR1	6.96969696969697	1.0	0.52479553	0.0
EPHA6	5.863636363636363	0.0001074974518139196	0.4154939	2.3485129995367506e-286
SMEK2	4.984848484848484	6.973868836232615e-66	0.26844034	7.556847885079168e-50
ACTA2	5.378787878787879	7.002849665867642e-30	-0.059910133	1.0
DRG1	5.090909090909091	5.1713704161927095e-55	-0.0035138906	1.0
NR2E3	4.333333333333333	4.8731389520965527e-147	0.05782444	1.0
GAPVD1	4.318181818181818	3.8075011752609048e-149	0.449552	0.0
FNTA	5.166666666666667	9.397055613032697e-48	-0.04362871	1.0
FAM46C	4.651515151515151	9.179932486875994e-105	0.0354423	1.0
ASXL2	5.476923076923077	6.002127523799595e-23	0.4473328	0.0
AXIN2	3.787878787878788	2.115340487863969e-226	0.33402497	1.3756578014198181e-142
GRM6	6.121212121212121	0.8477923380061042	0.26073617	1.6173666185496763e-41
CNTFR	5.9393939393939394	0.006813995721858698	-0.0224264	1.0
SCD	15.0	1.0	-0.005194879	1.0
SLC30A3	6.818181818181818	1.0	-0.023426874	1.0
WNK4	6.909090909090909	1.0	0.19363159	0.2585337561126889
ZNF558	7.2272727272727275	1.0	0.00095272245	1.0
ACPP	5.0	2.784639304065503e-64	0.05764811	1.0
YIPF3	5.46969696969697	1.979659785672327e-23	0.016127963	1.0
ZNF287	8.151515151515152	1.0	0.112064995	1.0
MAGI2	4.848484848484849	5.380669780436885e-81	0.43839002	0.0
EML3	4.363636363636363	7.512830586913155e-143	0.30886737	3.7190656858537336e-103
CCR7	10.151515151515152	1.0	-0.021618588	1.0
TLK1	5.954545454545454	0.013318735761905466	0.1287699	1.0
GJA1	3.742424242424242	3.2359242627538247e-233	0.08669382	1.0
ELAVL3	5.242424242424242	6.099209833098505e-41	0.047580995	1.0
PAX2	5.03030303030303	3.992657506387221e-61	0.0826583	1.0
RMND5B	4.121212121212121	3.8192567646814513e-177	0.11212244	1.0
NFKB1	3.4696969696969697	1.8210607086521873e-274	-0.13877991	1.0
MCM10	4.696969696969697	4.296316092130633e-99	0.021695642	1.0
CXCR3	9.833333333333334	1.0	-0.036034167	1.0
PLEKHO1	4.106060606060606	2.4294474174401478e-179	0.089137964	1.0
DPF2	5.0606060606060606	4.89685641010256e-58	0.023653897	1.0
AJAP1	4.196969696969697	2.9882021010514624e-166	0.07861947	1.0
KRR1	5.242424242424242	6.099209833098505e-41	0.06802699	1.0
PROZ	8.227272727272727	1.0	0.03294374	1.0
IDE	6.590909090909091	1.0	0.33397326	1.6709707188260517e-142
ADAM11	6.666666666666667	1.0	0.10095417	1.0
UNC5A	5.621212121212121	2.1281896348445874e-14	0.22024943	7.969547188120185e-10
TFG	4.803030303030303	2.7367645399029442e-86	-0.03842869	1.0
AHSG	15.0	1.0	-0.01884601	1.0
PRLHR	5.212121212121212	1.3139036660141977e-43	-0.010171103	1.0
PIDD	4.787878787878788	4.431250677636168e-88	0.25589862	1.2412350290901952e-36
MVD	5.424242424242424	1.4589219929881028e-26	-0.014661669	1.0
SEC63	7.106060606060606	1.0	0.08543472	1.0
C18orf25	4.409090909090909	1.2861037409784286e-136	0.073929586	1.0
S1PR5	5.409090909090909	1.1965605630142752e-27	0.03414469	1.0
LMX1B	5.045454545454546	1.4229306440703084e-59	0.037100613	1.0
NECAB2	5.363636363636363	4.9677529912471725e-31	-0.14163753	1.0
TNFRSF10D	5.424242424242424	1.4589219929881028e-26	0.008253225	1.0
VPS16	7.333333333333333	1.0	0.2377349	7.230171457117821e-21
DNAJA2	4.515151515151516	2.2372994385292133e-122	0.06403346	1.0
TGFBR1	3.5	7.221070472427171e-270	-0.22700515	1.0
PIK3C3	4.2727272727272725	1.6441818492106707e-155	0.28872105	9.33272880717911e-75
ST8SIA2	6.924242424242424	1.0	0.011303702	1.0
SH2D2A	4.606060606060606	1.5330310558122995e-110	0.11049383	1.0
EFCAB6	4.0606060606060606	5.7613808878307085e-186	0.43916717	0.0
NAP1L1	3.803030303030303	4.0245198343713096e-224	0.14630122	1.0
DAP3	3.742424242424242	3.2359242627538247e-233	0.14555085	1.0
TBRG1	5.454545454545454	1.875469319795333e-24	0.018097313	1.0
GTF3C1	4.787878787878788	4.431250677636168e-88	0.44049817	0.0
FBXL8	5.863636363636363	0.0001074974518139196	0.038715288	1.0
ITPK1	4.681818181818182	5.689414961865554e-101	0.05642644	1.0
RAB3IL1	7.106060606060606	1.0	0.008663072	1.0
PRKD3	4.121212121212121	3.8192567646814513e-177	0.2788527	3.989319345627078e-62
PTX3	8.757575757575758	1.0	-0.020475421	1.0
CSDE1	5.424242424242424	1.4589219929881028e-26	0.25201857	6.442019189422837e-33
PKD2L1	6.787878787878788	1.0	0.116370365	1.0
FAM63A	7.878787878787879	1.0	0.0072746766	1.0
ETNK2	5.454545454545454	1.875469319795333e-24	-0.010274562	1.0
ANAPC2	4.803030303030303	2.7367645399029442e-86	0.055010643	1.0
ARHGEF1	4.424242424242424	1.483232711503633e-134	0.27135158	3.6360394378474618e-53
INO80B	5.9393939393939394	0.006813995721858698	0.007619845	1.0
CCR2	8.181818181818182	1.0	-0.07325986	1.0
ZDHHC23	6.5606060606060606	1.0	0.0099815875	1.0
DAPK1	4.621212121212121	1.3207905061700894e-108	0.41192114	7.863732131717535e-280
NPHS2	5.181818181818182	2.3605024707753786e-46	0.06350506	1.0
IKBKAP	4.287878787878788	2.2087249048920608e-153	0.28553253	1.4161953618879795e-70
HDAC2	3.6818181818181817	2.3853005820836463e-242	-0.19228284	1.0
CCNE2	4.106060606060606	2.4294474174401478e-179	0.012854182	1.0
XAB2	5.181818181818182	2.3605024707753786e-46	0.19121128	0.5067558593989714
POU4F2	3.984848484848485	4.290407050829078e-197	0.11511545	1.0
EPS15	4.03030303030303	2.1087738388507592e-190	-0.038998194	1.0
PON1	6.787878787878788	1.0	0.0014862666	1.0
EXO1	5.348484848484849	3.361814908486116e-32	0.20087938	0.012083302288507868
AKAP2	5.863636363636363	0.0001074974518139196	0.24310048	4.376568511143805e-25
ASAH1	4.96969696969697	1.6768237566517874e-67	0.020237423	1.0
FAM203A	5.696969696969697	9.995055185491281e-11	-0.046636008	1.0
CBL	4.015151515151516	1.2499973933095756e-192	-0.10786828	1.0
B4GALT3	5.0606060606060606	4.89685641010256e-58	0.012843527	1.0
VEGFC	5.090909090909091	5.1713704161927095e-55	0.015491294	1.0
FAM175B	4.803030303030303	2.7367645399029442e-86	0.035696276	1.0
CSNK1D	4.121212121212121	3.8192567646814513e-177	0.020208351	1.0
PTPRS	4.181818181818182	2.0431422463121415e-168	0.3571085	1.4270447624060065e-181
SS18L1	4.166666666666667	1.3774237346063119e-170	0.1212112	1.0
RBM41	4.7727272727272725	6.9489106635318485e-90	0.0071163382	1.0
APOBEC3G	5.121212121212121	4.676730757762688e-52	0.022188751	1.0
TGFB1	6.893939393939394	1.0	-0.14575858	1.0
PSMC4	4.787878787878788	4.431250677636168e-88	-0.044610634	1.0
HABP4	3.393939393939394	5.532868029307353e-286	-0.049354598	1.0
SUPT7L	5.121212121212121	4.676730757762688e-52	0.041485686	1.0
SSTR5	8.333333333333334	1.0	0.054560285	1.0
WWTR1	4.7272727272727275	2.2662035039882355e-95	-0.0009281151	1.0
DCP2	7.893939393939394	1.0	0.014884708	1.0
CDH10	15.0	1.0	0.26242828	2.7368958079241956e-43
CREB3	5.515151515151516	1.7246853142774622e-20	-0.011525235	1.0
MAP2K1	3.6363636363636362	3.245605426130343e-249	-0.13434316	1.0
RBBP4	3.9393939393939394	8.13036209830832e-204	-0.09626076	1.0
SOX17	4.196969696969697	2.9882021010514624e-166	0.07861947	1.0
F2RL3	7.757575757575758	1.0	0.009928789	1.0
POLG	7.863636363636363	1.0	0.20132266	0.009504285845284175
ALX4	4.696969696969697	4.296316092130633e-99	0.02268999	1.0
DOK2	4.121212121212121	3.8192567646814513e-177	0.12685882	1.0
PSTPIP1	4.9393939393939394	8.666842423299595e-71	-8.793695e-05	1.0
MAVS	4.590909090909091	1.7383763998462225e-112	0.012492309	1.0
ZW10	15.0	1.0	0.19346558	0.27207937841946284
PAX5	3.909090909090909	2.64348710704926e-208	0.032166295	1.0
CTNNA3	4.196969696969697	2.9882021010514624e-166	0.30081612	2.0369909993523193e-91
TCP1	4.484848484848484	2.1281592221250877e-126	-0.036959805	1.0
RNF216	5.53030303030303	1.4921710187680277e-19	0.28452113	2.867504034112691e-69
RXRA	3.6363636363636362	3.245605426130343e-249	-0.18566495	1.0
MAPKBP1	4.257575757575758	1.225183680326422e-157	0.41429716	3.597951549907646e-284
ESPN	5.5606060606060606	9.57038049901898e-18	0.24705294	1.973664476552586e-28
ARHGEF9	4.696969696969697	4.296316092130633e-99	0.023940932	1.0
ACTR10	4.848484848484849	5.380669780436885e-81	0.054537624	1.0
SPHK1	4.878787878787879	1.5453967442950229e-77	-0.018038033	1.0
LRRC8D	7.2272727272727275	1.0	0.2515428	1.7855850254532842e-32
KIAA1524	4.333333333333333	4.8731389520965527e-147	0.28832456	3.1253455512831333e-74
RECQL5	5.348484848484849	3.361814908486116e-32	0.28923815	1.9189317965224604e-75
VCPIP1	6.0606060606060606	0.35240497543927884	0.18875623	0.8544525656936297
PKN3	5.045454545454546	1.4229306440703084e-59	0.22968374	2.943506509851275e-15
RTN1	8.303030303030303	1.0	0.11196629	1.0
SLC25A10	5.787878787878788	4.385663779892977e-07	0.022547213	1.0
HTR1D	7.257575757575758	1.0	-0.01611892	1.0
HDAC3	3.6363636363636362	3.245605426130343e-249	-0.17271248	1.0
HOXA13	4.545454545454546	2.1705639517453993e-118	0.012600461	1.0
KIAA1009	5.787878787878788	4.385663779892977e-07	0.44221646	0.0
B4GALT1	4.621212121212121	1.3207905061700894e-108	0.00020413857	1.0
CKM	6.787878787878788	1.0	-0.018818557	1.0
SELP	7.212121212121212	1.0	0.13666737	1.0
PELI1	5.03030303030303	3.992657506387221e-61	0.014338628	1.0
CEP44	5.696969696969697	9.995055185491281e-11	0.011357233	1.0
SH3RF1	4.378787878787879	9.114755093831552e-141	0.21671969	4.0840122617267736e-08
LRRC41	6.5606060606060606	1.0	0.16214247	1.0
OSBP	6.378787878787879	1.0	0.12464359	1.0
EXD3	5.287878787878788	4.435475492969264e-37	0.26549307	1.3924070082948155e-46
UBAC1	4.606060606060606	1.5330310558122995e-110	-0.016360305	1.0
SSB	4.681818181818182	5.689414961865554e-101	0.022190902	1.0
EIF4A1	5.590909090909091	5.007830731219704e-16	-0.03640596	1.0
ZFP36L1	4.287878787878788	2.2087249048920608e-153	0.03446797	1.0
KANSL3	4.833333333333333	9.548106231121443e-83	0.20533992	0.0008014203753959891
DNM2	4.090909090909091	1.5223184067744789e-181	0.09822316	1.0
UBL7	5.2272727272727275	2.9052237252149825e-42	-0.002116451	1.0
GRM2	6.045454545454546	0.254656797901843	0.24488322	1.432110504238665e-26
ING3	5.196969696969697	5.681854045967462e-45	0.030484127	1.0
CSNK1G1	4.303030303030303	2.9329124127824168e-151	0.016863436	1.0
CADM4	5.257575757575758	1.2355595419735018e-39	0.022172809	1.0
DAZAP1	15.0	1.0	0.02985422	1.0
GLUL	7.181818181818182	1.0	-0.0018108467	1.0
FKBP8	4.212121212121212	4.33582970150717e-164	0.0719797	1.0
ZNF208	4.909090909090909	3.9245179205093584e-74	0.29029793	7.38676811905606e-77
TEX28	5.136363636363637	1.329601873108839e-50	-0.0018093418	1.0
DDO	8.166666666666666	1.0	0.0051471586	1.0
C5AR1	15.0	1.0	-0.010431143	1.0
RAPGEF4	5.015151515151516	1.0736043812980293e-62	0.28984988	2.93566233136745e-76
PEX14	9.166666666666666	1.0	-0.01003325	1.0
FGFR1OP	5.03030303030303	3.992657506387221e-61	0.034119695	1.0
TES	4.833333333333333	9.548106231121443e-83	-0.033130385	1.0
E2F1	3.606060606060606	8.821660124325988e-254	-0.17440036	1.0
WDR62	4.363636363636363	7.512830586913155e-143	0.4105242	2.793771321585167e-277
FBXW4	5.2272727272727275	2.9052237252149825e-42	0.028454492	1.0
DAZ4	15.0	1.0	-0.007884329	1.0
DNAJA1	4.303030303030303	2.9329124127824168e-151	-0.018373521	1.0
PTGER3	15.0	1.0	-0.00039240863	1.0
CDC42EP1	4.757575757575758	1.0619875368314136e-91	0.016833117	1.0
CUL4B	3.787878787878788	2.115340487863969e-226	0.21878229	4.29953670486167e-09
SIGIRR	5.0	2.784639304065503e-64	-0.037055943	1.0
DRD4	4.712121212121212	3.1719869210396293e-97	0.013251131	1.0
PIP4K2C	5.0606060606060606	4.89685641010256e-58	0.04766577	1.0
MYLK	3.803030303030303	4.0245198343713096e-224	0.44789284	0.0
SLC35A2	5.242424242424242	6.099209833098505e-41	0.08063845	1.0
KIF18A	4.515151515151516	2.2372994385292133e-122	0.26838753	8.659520058898332e-50
CPB2	6.863636363636363	1.0	-0.02139708	1.0
FAM175A	4.181818181818182	2.0431422463121415e-168	0.021128632	1.0
TEX9	6.46969696969697	1.0	-0.014728901	1.0
ST6GAL1	5.484848484848484	1.988067711542528e-22	0.016468532	1.0
ACTN1	4.151515151515151	9.15888580977784e-173	-0.090240635	1.0
RAD23B	4.651515151515151	9.179932486875994e-105	-0.08707834	1.0
COPS3	3.9242424242424243	4.600422224434154e-206	-0.08292553	1.0
MYOM2	6.090909090909091	0.5901931783435886	0.42367116	2.6183802657226707e-301
TSPYL4	5.348484848484849	3.361814908486116e-32	0.069571875	1.0
NOB1	7.090909090909091	1.0	0.012876635	1.0
AIPL1	6.0	0.07311233693762956	-0.0024711054	1.0
LMTK2	4.696969696969697	4.296316092130633e-99	0.4186585	3.8525321384867775e-292
DHDDS	15.0	1.0	-0.018192247	1.0
VPS72	4.924242424242424	1.874969259881809e-72	0.14055716	1.0
SGMS1	5.151515151515151	3.59408870467608e-49	0.056765	1.0
IGSF5	5.0606060606060606	4.89685641010256e-58	0.058200814	1.0
NR2F6	3.878787878787879	8.171994366410397e-213	0.112885654	1.0
ARRB2	4.984848484848484	6.973868836232615e-66	-0.06980543	1.0
HOXA10	4.045454545454546	3.500482389273137e-188	0.023754604	1.0
NME7	5.393939393939394	9.413594363001394e-29	0.013837165	1.0
CXCR1	7.712121212121212	1.0	-0.058525726	1.0
SERPINE2	8.06060606060606	1.0	-0.0041382764	1.0
SEPT1	5.954545454545454	0.013318735761905466	-0.018173173	1.0
SYT2	5.96969696969697	0.024729877173714734	-0.00010943345	1.0
MTBP	4.363636363636363	7.512830586913155e-143	0.28688294	2.4658339077749405e-72
GRM7	4.196969696969697	2.9882021010514624e-166	0.14867806	1.0
GFI1	4.318181818181818	3.8075011752609048e-149	0.024952898	1.0
CKMT2	5.0	2.784639304065503e-64	0.02137543	1.0
PVR	6.106060606060606	0.7203309180246135	-0.036464367	1.0
DDX27	6.181818181818182	1.0	0.15714173	1.0
AURKA	3.6818181818181817	2.3853005820836463e-242	-0.14371999	1.0
STK19	15.0	1.0	-0.023444448	1.0
HNRNPF	5.257575757575758	1.2355595419735018e-39	-0.05264252	1.0
KIAA1967	4.5606060606060606	2.0701982173404105e-116	0.27835464	1.6355119391739566e-61
MAP2K2	3.8181818181818183	7.38036129473198e-222	0.023441827	1.0
SMTN	4.393939393939394	1.0948844848673155e-138	0.2738429	4.4596712580739265e-56
RRM2B	3.9696969696969697	2.4674890859968454e-199	-0.048371002	1.0
POLK	6.121212121212121	0.8477923380061042	0.2374534	1.1750257961988602e-20
MVK	5.242424242424242	6.099209833098505e-41	0.053317368	1.0
ADORA2A	5.106060606060606	1.5872832289342982e-53	0.012367328	1.0
CECR5	6.984848484848484	1.0	0.021124067	1.0
MED16	6.454545454545454	1.0	0.21134219	7.439161020643691e-06
GRPR	15.0	1.0	-0.024499387	1.0
PARVA	4.257575757575758	1.225183680326422e-157	0.01747637	1.0
CHRDL1	7.075757575757576	1.0	0.014771129	1.0
PSG9	3.9545454545454546	1.4292587375731596e-201	0.16020317	1.0
KAZN	5.03030303030303	3.992657506387221e-61	0.036584057	1.0
ST8SIA3	6.924242424242424	1.0	0.009388275	1.0
CHST1	4.606060606060606	1.5330310558122995e-110	0.021919359	1.0
PIP4K2B	4.46969696969697	2.0157488759722106e-128	0.06987284	1.0
OSBP2	4.696969696969697	4.296316092130633e-99	0.27681118	1.247943877338467e-59
ENTPD5	4.4393939393939394	1.673299379658336e-132	0.077672996	1.0
NPY2R	15.0	1.0	-0.024481243	1.0
TNFRSF19	4.848484848484849	5.380669780436885e-81	0.07713001	1.0
PSG1	5.242424242424242	6.099209833098505e-41	0.020267138	1.0
DNMT3L	5.075757575757576	1.6271107072498622e-56	-0.024894916	1.0
ADAM12	4.181818181818182	2.0431422463121415e-168	0.30437645	1.5048271138667245e-96
RAD52	4.712121212121212	3.1719869210396293e-97	-0.07507333	1.0
WTIP	4.393939393939394	1.0948844848673155e-138	-0.0014760236	1.0
TLR10	5.03030303030303	3.992657506387221e-61	0.11357469	1.0
CAD	3.742424242424242	3.2359242627538247e-233	0.5158996	0.0
TNPO3	4.651515151515151	9.179932486875994e-105	0.2124379	2.785271983801204e-06
SYT6	4.7727272727272725	6.9489106635318485e-90	0.013617751	1.0
NPHP4	5.46969696969697	1.979659785672327e-23	0.39602342	7.096979969837816e-251
UGCG	7.742424242424242	1.0	-0.02017624	1.0
PSMC5	3.909090909090909	2.64348710704926e-208	-0.00449524	1.0
TFDP1	3.9545454545454546	1.4292587375731596e-201	-0.06561507	1.0
CDCP1	8.621212121212121	1.0	0.15764122	1.0
PACSIN3	4.424242424242424	1.483232711503633e-134	-0.11543856	1.0
WDR12	5.151515151515151	3.59408870467608e-49	0.028101891	1.0
TASP1	5.181818181818182	2.3605024707753786e-46	0.017933782	1.0
SELL	6.9393939393939394	1.0	-0.02429268	1.0
ADAM22	4.287878787878788	2.2087249048920608e-153	0.28972948	4.250571942901579e-76
DMBX1	6.46969696969697	1.0	-0.007991258	1.0
CLASP1	4.318181818181818	3.8075011752609048e-149	0.39752054	1.360319460414115e-253
LEMD3	3.878787878787879	8.171994366410397e-213	0.28675658	3.607003539395688e-72
DDR2	4.787878787878788	4.431250677636168e-88	0.34289598	2.6244368331680436e-157
CLNK	5.333333333333333	2.1706753254292354e-33	0.03202392	1.0
SNIP1	3.606060606060606	8.821660124325988e-254	-0.09421031	1.0
MMP1	8.530303030303031	1.0	-0.029790074	1.0
ADRB3	6.303030303030303	1.0	-0.0048489496	1.0
TXLNG	7.03030303030303	1.0	0.012166316	1.0
MSH2	4.409090909090909	1.2861037409784286e-136	0.16936941	1.0
CSTF1	4.075757575757576	9.425084823205431e-184	-0.028378038	1.0
OLA1	5.515151515151516	1.7246853142774622e-20	0.020558843	1.0
CSNK1E	4.393939393939394	1.0948844848673155e-138	-0.091960646	1.0
AP3M1	5.0606060606060606	4.89685641010256e-58	-0.0098721925	1.0
POU4F1	3.8484848484848486	2.5229778063339486e-217	0.07116232	1.0
DUSP7	4.0	7.386654389169344e-195	0.14871226	1.0
SMAD1	3.5454545454545454	5.521493724286175e-263	-0.21122088	1.0
RBMS1	5.484848484848484	1.988067711542528e-22	0.040832564	1.0
DOC2A	6.484848484848484	1.0	-0.0104996385	1.0
PPP2R2D	5.333333333333333	2.1706753254292354e-33	-0.0041387677	1.0
MFAP1	4.363636363636363	7.512830586913155e-143	0.074948244	1.0
EFHA1	4.7727272727272725	6.9489106635318485e-90	-0.0082531655	1.0
B3GNT4	6.363636363636363	1.0	0.013601815	1.0
KCNJ9	6.303030303030303	1.0	-0.029417908	1.0
EVL	4.181818181818182	2.0431422463121415e-168	-0.06460266	1.0
IL13RA1	5.090909090909091	5.1713704161927095e-55	-0.03234468	1.0
ZNF557	4.757575757575758	1.0619875368314136e-91	0.038944356	1.0
ACACA	4.121212121212121	3.8192567646814513e-177	0.4751042	0.0
CSF2RB	4.0	7.386654389169344e-195	0.08707736	1.0
TERF2IP	4.742424242424242	1.5808109845269243e-93	-0.0180588	1.0
BCKDK	5.5606060606060606	9.57038049901898e-18	-0.0027786775	1.0
MRPS31	6.2272727272727275	1.0	-0.0059565045	1.0
UNC5C	5.5606060606060606	9.57038049901898e-18	0.22299491	2.8173201587811136e-11
ADRM1	4.893939393939394	7.917093618468979e-76	-0.10714562	1.0
NR2F1	3.9242424242424243	4.600422224434154e-206	-0.00082375924	1.0
MARCH4	5.909090909090909	0.0015217723481678817	-0.010742879	1.0
WNT1	10.712121212121213	1.0	-0.033384975	1.0
SPAG1	4.4393939393939394	1.673299379658336e-132	0.28602234	3.2723766030953623e-71
ARR3	5.7727272727272725	1.240247868738064e-07	-0.061815523	1.0
RAD9B	5.333333333333333	2.1706753254292354e-33	-0.037988435	1.0
ZNF414	5.924242424242424	0.0033040705224971884	0.020510674	1.0
HTR1B	8.227272727272727	1.0	-0.01596752	1.0
CCNB1	3.772727272727273	1.1509613505943056e-228	-0.16506308	1.0
TNPO1	4.787878787878788	4.431250677636168e-88	0.032443125	1.0
DHH	15.0	1.0	-0.015599224	1.0
CCR3	8.151515151515152	1.0	-0.11827338	1.0
ELL3	6.212121212121212	1.0	-0.019382603	1.0
HOXB3	4.166666666666667	1.3774237346063119e-170	0.16015695	1.0
BNIP2	4.636363636363637	1.1170269528111936e-106	-0.025321208	1.0
SRFBP1	4.696969696969697	4.296316092130633e-99	0.008820762	1.0
HNF4A	3.606060606060606	8.821660124325988e-254	-0.1136227	1.0
BLZF1	6.954545454545454	1.0	-0.01953409	1.0
CXCR2	6.742424242424242	1.0	-0.0418982	1.0
NFATC1	3.8181818181818183	7.38036129473198e-222	0.27199858	6.466503624923217e-54
LIG1	4.787878787878788	4.431250677636168e-88	0.23435697	2.08497458989658e-18
KIAA0226	4.757575757575758	1.0619875368314136e-91	0.250172	3.2588893255055137e-31
AP1M2	4.7727272727272725	6.9489106635318485e-90	-0.056777034	1.0
TPST2	9.151515151515152	1.0	-0.026984842	1.0
DDB2	4.4393939393939394	1.673299379658336e-132	-0.051362965	1.0
PIWIL4	8.0	1.0	0.23500988	7.17491558441184e-19
LPHN2	6.2272727272727275	1.0	0.45333755	0.0
S1PR1	6.257575757575758	1.0	0.004001857	1.0
FLOT2	4.515151515151516	2.2372994385292133e-122	0.028158577	1.0
SRRM1	4.242424242424242	8.837767506374353e-160	0.2467589	3.552778352291749e-28
LAMP1	5.575757575757576	7.098220602553354e-17	-0.00088377314	1.0
LHX3	6.53030303030303	1.0	-0.017652389	1.0
EED	4.257575757575758	1.225183680326422e-157	-0.12051948	1.0
POLE	4.545454545454546	2.1705639517453993e-118	0.4348636	9.24e-322
NOXA1	4.409090909090909	1.2861037409784286e-136	-0.013753743	1.0
SCYL1	7.242424242424242	1.0	0.11470515	1.0
NR3C1	3.272727272727273	2.576155245485676e-304	-0.16360469	1.0
EIF2B3	4.666666666666667	7.336184814303851e-103	-0.029125223	1.0
ITPKB	4.136363636363637	5.955732217746212e-175	0.29028213	7.75330726756117e-77
YY1	3.893939393939394	1.469768442176506e-210	-0.052676354	1.0
NSMAF	4.53030303030303	2.2306482421952033e-120	0.24246918	1.4373010880061539e-24
AFTPH	6.378787878787879	1.0	0.19836713	0.042024111147277006
GORAB	6.242424242424242	1.0	-0.020351563	1.0
TOMM40	15.0	1.0	-0.017155875	1.0
PYGO2	5.196969696969697	5.681854045967462e-45	-0.008976832	1.0
RNF19A	4.909090909090909	3.9245179205093584e-74	0.10902318	1.0
SERPINA5	7.2727272727272725	1.0	-0.14331886	1.0
IDH3A	15.0	1.0	-0.021001704	1.0
PHYHIPL	7.878787878787879	1.0	-0.0024168799	1.0
CKMT1A	5.893939393939394	0.0006641214396199383	-0.008465682	1.0
FAM46B	5.075757575757576	1.6271107072498622e-56	0.037189115	1.0
EIF2C1	7.848484848484849	1.0	0.21249484	2.6438626018714e-06
EGLN1	4.621212121212121	1.3207905061700894e-108	-0.054915708	1.0
ETV4	4.2272727272727275	6.257190620228874e-162	0.08619241	1.0
TNNI3K	4.787878787878788	4.431250677636168e-88	0.16714257	1.0
PAG1	4.242424242424242	8.837767506374353e-160	0.1759247	1.0
C10orf88	5.0	2.784639304065503e-64	-0.011400689	1.0
ASAP3	5.863636363636363	0.0001074974518139196	0.17869455	1.0
TMEM43	7.045454545454546	1.0	-0.0055710045	1.0
E2F2	4.242424242424242	8.837767506374353e-160	-0.11584195	1.0
DLK1	15.0	1.0	-0.014619626	1.0
KLHDC2	5.363636363636363	4.9677529912471725e-31	0.022849465	1.0
SHBG	5.984848484848484	0.04362517966007074	-0.10730137	1.0
ACTR1A	4.909090909090909	3.9245179205093584e-74	0.095696114	1.0
KISS1R	8.166666666666666	1.0	-0.01639208	1.0
FGB	7.136363636363637	1.0	-0.03680047	1.0
HECW2	4.454545454545454	1.8518644066753443e-130	0.3969555	1.4442129076004286e-252
TNRC6B	5.409090909090909	1.1965605630142752e-27	0.48732978	0.0
TFB1M	15.0	1.0	0.07700395	1.0
INHBB	5.984848484848484	0.04362517966007074	-0.10279717	1.0
SNUPN	9.393939393939394	1.0	-0.023908755	1.0
IFRD1	4.515151515151516	2.2372994385292133e-122	0.0033869618	1.0
LRRC7	4.606060606060606	1.5330310558122995e-110	0.35027248	8.307022104173023e-170
RRAGD	15.0	1.0	-0.008961502	1.0
CCER1	5.075757575757576	1.6271107072498622e-56	0.066315226	1.0
SERPINB12	8.303030303030303	1.0	-0.0066917236	1.0
PRKAR2A	4.863636363636363	2.926718135188438e-79	-0.14842829	1.0
SELPLG	8.212121212121213	1.0	-0.028890036	1.0
WDR4	4.984848484848484	6.973868836232615e-66	-0.027473778	1.0
ABR	7.666666666666667	1.0	0.09288257	1.0
LYN	4.015151515151516	1.2499973933095756e-192	-0.19398837	1.0
DRD2	5.954545454545454	0.013318735761905466	-0.054597497	1.0
NFATC2IP	4.7727272727272725	6.9489106635318485e-90	0.03128049	1.0
KIFC2	5.484848484848484	1.988067711542528e-22	0.14484765	1.0
PNMA6A	5.545454545454546	1.2242493613827866e-18	0.0001556533	1.0
MCF2	4.818181818181818	1.6425866582786677e-84	0.23983917	1.7791936668046154e-22
ATP6V0A4	7.53030303030303	1.0	0.13029535	1.0
ALG13	5.287878787878788	4.435475492969264e-37	0.23953645	3.0554955983335983e-22
MFSD3	5.4393939393939394	1.6925534327478274e-25	0.024328599	1.0
CNTROB	5.878787878787879	0.00027450830962018466	0.1945964	0.1887225589059378
KIAA1549	5.181818181818182	2.3605024707753786e-46	0.4503872	0.0
P2RX6	5.166666666666667	9.397055613032697e-48	-0.0021495929	1.0
TRIM31	5.045454545454546	1.4229306440703084e-59	0.0023297356	1.0
DDX58	5.53030303030303	1.4921710187680277e-19	0.23127371	2.7005473889987825e-16
SERPINF1	4.212121212121212	4.33582970150717e-164	0.039585073	1.0
ZSCAN4	4.378787878787879	9.114755093831552e-141	0.063549	1.0
DGKQ	5.0606060606060606	4.89685641010256e-58	0.25342667	3.0322645328797533e-34
RAD51D	6.863636363636363	1.0	-0.036843956	1.0
ZFHX3	4.318181818181818	3.8075011752609048e-149	0.49739504	0.0
OCRL	4.696969696969697	4.296316092130633e-99	0.16466527	1.0
GTF2E1	4.4393939393939394	1.673299379658336e-132	-0.11342443	1.0
FLOT1	5.121212121212121	4.676730757762688e-52	-0.026254209	1.0
PDHA2	8.666666666666666	1.0	-0.016163532	1.0
ARRB1	4.681818181818182	5.689414961865554e-101	-0.14703465	1.0
POU2F3	4.2727272727272725	1.6441818492106707e-155	0.08024045	1.0
ZNF670	9.484848484848484	1.0	-0.005562476	1.0
VIM	3.696969696969697	4.6359708472492094e-240	-0.21018481	1.0
STK24	4.2727272727272725	1.6441818492106707e-155	-0.0071742195	1.0
AKAP5	4.318181818181818	3.8075011752609048e-149	-0.018275492	1.0
STK40	4.803030303030303	2.7367645399029442e-86	0.018274846	1.0
TTC37	4.757575757575758	1.0619875368314136e-91	0.39096	1.0546024292259445e-241
FAM189A2	4.545454545454546	2.1705639517453993e-118	0.0055841235	1.0
ESRRA	3.9545454545454546	1.4292587375731596e-201	-0.03172576	1.0
ALMS1	6.2272727272727275	1.0	0.5010727	0.0
SCYL2	4.666666666666667	7.336184814303851e-103	0.2017993	0.007281739144255945
IQGAP2	4.606060606060606	1.5330310558122995e-110	0.3837024	1.296669781473564e-228
PRRC2B	4.863636363636363	2.926718135188438e-79	0.463736	0.0
PRMT2	3.9242424242424243	4.600422224434154e-206	0.15324308	1.0
CYLD	4.7727272727272725	6.9489106635318485e-90	0.20089722	0.011973474876978958
GDI2	5.984848484848484	0.04362517966007074	-0.038499933	1.0
PSMD12	5.0	2.784639304065503e-64	0.01665958	1.0
UGDH	15.0	1.0	-0.008009943	1.0
VPS36	15.0	1.0	-0.032537416	1.0
SERPINB3	7.96969696969697	1.0	-0.026550245	1.0
SLC35G2	6.757575757575758	1.0	0.023711056	1.0
ZNF101	5.242424242424242	6.099209833098505e-41	0.03685356	1.0
C19orf6	5.909090909090909	0.0015217723481678817	0.000586005	1.0
RHAG	6.136363636363637	0.9665881464844287	-0.049739517	1.0
ZC3H10	4.954545454545454	3.884182853552079e-69	0.03444158	1.0
RASSF8	4.287878787878788	2.2087249048920608e-153	0.050071344	1.0
ACTR3	5.181818181818182	2.3605024707753786e-46	-0.0709231	1.0
GTF2IRD1	4.075757575757576	9.425084823205431e-184	0.25948936	3.116917868209577e-40
SEC62	6.106060606060606	0.7203309180246135	-0.008228729	1.0
KCNJ11	15.0	1.0	0.022690166	1.0
RAB3IP	6.393939393939394	1.0	-0.057648025	1.0
ZIC1	4.9393939393939394	8.666842423299595e-71	-0.042770527	1.0
SUV39H1	4.015151515151516	1.2499973933095756e-192	-0.0707051	1.0
PMS1	6.257575757575758	1.0	0.14976136	1.0
PCBP4	5.666666666666667	3.978664970448861e-12	-0.01543634	1.0
CASP5	4.7727272727272725	6.9489106635318485e-90	-0.05151862	1.0
TRAF2	4.045454545454546	3.500482389273137e-188	-0.21448383	1.0
VWA1	6.818181818181818	1.0	0.009439665	1.0
KIR3DL1	5.045454545454546	1.4229306440703084e-59	-0.047755558	1.0
NRK	5.7272727272727275	2.031818790138371e-09	0.35978937	3.1380016314125127e-186
RRAGC	15.0	1.0	-0.022459896	1.0
GORASP1	4.0606060606060606	5.7613808878307085e-186	-0.016057625	1.0
AP2A1	4.636363636363637	1.1170269528111936e-106	0.13219477	1.0
SF3B4	4.636363636363637	1.1170269528111936e-106	0.01672486	1.0
CKMT1B	5.590909090909091	5.007830731219704e-16	-0.0336369	1.0
USP20	4.651515151515151	9.179932486875994e-105	0.16711174	1.0
GPRASP1	4.909090909090909	3.9245179205093584e-74	0.054533143	1.0
PRSS23	5.242424242424242	6.099209833098505e-41	-0.055316214	1.0
GAA	4.621212121212121	1.3207905061700894e-108	0.23182678	1.153592673083356e-16
ARVCF	4.515151515151516	2.2372994385292133e-122	0.21725099	2.3174879601991102e-08
TRO	4.46969696969697	2.0157488759722106e-128	0.20921382	4.47733725315875e-05
PDE9A	6.878787878787879	1.0	-0.0041332734	1.0
UNC45A	4.757575757575758	1.0619875368314136e-91	0.23925425	5.046672152654842e-22
MGAT1	4.757575757575758	1.0619875368314136e-91	0.01873436	1.0
HPN	8.621212121212121	1.0	-0.024934711	1.0
E2F4	3.787878787878788	2.115340487863969e-226	0.020094331	1.0
FANCL	11.727272727272727	1.0	0.065810755	1.0
DLG2	5.015151515151516	1.0736043812980293e-62	-0.068099454	1.0
ESRRG	4.454545454545454	1.8518644066753443e-130	-0.107956775	1.0
PHLDA1	5.242424242424242	6.099209833098505e-41	-0.010577296	1.0
SEC61A2	7.454545454545454	1.0	0.002860972	1.0
TFAP2A	3.6363636363636362	3.245605426130343e-249	-0.1064898	1.0
PKN1	3.9696969696969697	2.4674890859968454e-199	0.048287213	1.0
SNCAIP	5.166666666666667	9.397055613032697e-48	0.13862461	1.0
CASQ2	7.2272727272727275	1.0	-0.021270722	1.0
ADRA2B	4.348484848484849	6.158238409806613e-145	-0.004185551	1.0
RING1	4.893939393939394	7.917093618468979e-76	-0.077322505	1.0
ACAA2	8.5	1.0	-0.022954408	1.0
TUBB4B	4.621212121212121	1.3207905061700894e-108	-0.032751266	1.0
NADK	5.454545454545454	1.875469319795333e-24	-0.010076918	1.0
NSFL1C	6.454545454545454	1.0	-0.036006708	1.0
PSMC3	4.7727272727272725	6.9489106635318485e-90	-0.027724959	1.0
ERP44	9.712121212121213	1.0	-0.032551102	1.0
ACY1	7.03030303030303	1.0	-0.012514658	1.0
SMAD7	3.878787878787879	8.171994366410397e-213	-0.16837941	1.0
INPP1	5.787878787878788	4.385663779892977e-07	0.0004646268	1.0
PTGER1	15.0	1.0	-0.043020375	1.0
BLNK	4.348484848484849	6.158238409806613e-145	0.018602172	1.0
FOXF2	4.484848484848484	2.1281592221250877e-126	0.049203273	1.0
TRPC5	6.242424242424242	1.0	0.18694158	1.0
HOXA3	5.242424242424242	6.099209833098505e-41	0.007838571	1.0
MSTN	15.0	1.0	-0.027337741	1.0
PAICS	5.4393939393939394	1.6925534327478274e-25	-0.0013072775	1.0
RBM10	6.46969696969697	1.0	0.119191445	1.0
TNFRSF10B	4.4393939393939394	1.673299379658336e-132	-0.10504921	1.0
BRF2	4.484848484848484	2.1281592221250877e-126	0.08721623	1.0
TEAD3	4.803030303030303	2.7367645399029442e-86	-0.025770314	1.0
NOD1	4.363636363636363	7.512830586913155e-143	0.15535875	1.0
RFX6	5.075757575757576	1.6271107072498622e-56	0.2132598	1.3001527100921956e-06
RERE	4.803030303030303	2.7367645399029442e-86	0.24368511	1.4407182391946392e-25
IREB2	4.515151515151516	2.2372994385292133e-122	0.2214583	1.885090403582407e-10
SPERT	5.53030303030303	1.4921710187680277e-19	-0.011728279	1.0
PPP4R2	5.2727272727272725	2.3924807267209796e-38	-0.007251062	1.0
ASPM	5.166666666666667	9.397055613032697e-48	0.49436915	0.0
MRPS9	6.606060606060606	1.0	-0.025453134	1.0
IRF4	4.303030303030303	2.9329124127824168e-151	-0.06118177	1.0
PHKG2	15.0	1.0	-0.017806165	1.0
DPF1	6.242424242424242	1.0	-0.018293992	1.0
DPEP1	9.484848484848484	1.0	-0.016270602	1.0
NHLRC1	15.0	1.0	-0.006886938	1.0
PBX1	5.045454545454546	1.4229306440703084e-59	-0.11309359	1.0
CSPG5	7.848484848484849	1.0	-0.030736158	1.0
TRIM54	7.409090909090909	1.0	-0.029919993	1.0
SYT13	6.636363636363637	1.0	0.0016327592	1.0
THRB	3.757575757575758	6.114847680928736e-231	-0.1805013	1.0
CSNK1G3	5.03030303030303	3.992657506387221e-61	-0.015031318	1.0
PACSIN1	4.757575757575758	1.0619875368314136e-91	-0.10889944	1.0
CTSD	6.833333333333333	1.0	-0.06808544	1.0
ARHGEF11	5.363636363636363	4.9677529912471725e-31	0.34870988	3.842803025886907e-167
SAFB2	3.878787878787879	8.171994366410397e-213	0.22375464	1.0690015448559993e-11
BAZ1B	5.363636363636363	4.9677529912471725e-31	0.4112054	1.5966881970141363e-278
SYT8	7.333333333333333	1.0	0.022823267	1.0
MAMSTR	5.257575757575758	1.2355595419735018e-39	-0.0036745004	1.0
KIF5B	4.015151515151516	1.2499973933095756e-192	0.23859864	1.6057063910667944e-21
ACTL6A	3.9242424242424243	4.600422224434154e-206	-0.018818805	1.0
DNMBP	4.7727272727272725	6.9489106635318485e-90	0.26995355	1.4634093777882716e-51
LANCL1	7.136363636363637	1.0	-0.02058296	1.0
KIF23	4.166666666666667	1.3774237346063119e-170	0.27037016	4.895779210050947e-52
NAE1	4.590909090909091	1.7383763998462225e-112	-0.034452636	1.0
SPNS1	4.681818181818182	5.689414961865554e-101	0.014477125	1.0
GABBR1	5.166666666666667	9.397055613032697e-48	0.18258329	1.0
LEPR	4.681818181818182	5.689414961865554e-101	0.20360719	0.0024854967162887204
RBM19	4.893939393939394	7.917093618468979e-76	0.23172069	1.3589753872896616e-16
GFAP	4.0606060606060606	5.7613808878307085e-186	-0.0782379	1.0
TMPRSS3	4.590909090909091	1.7383763998462225e-112	0.03520013	1.0
CASP8	3.4545454545454546	8.587356613216964e-277	-0.16901988	1.0
ZNF384	4.696969696969697	4.296316092130633e-99	-0.0151877785	1.0
AKAP3	15.0	1.0	0.019986363	1.0
TUBG2	4.5	2.201714823989054e-124	-0.022508439	1.0
RBM12	5.803030303030303	1.4705485992125324e-06	0.20435207	0.0015461776473384284
IDO1	6.181818181818182	1.0	0.0021948721	1.0
PDK4	7.818181818181818	1.0	-0.015202255	1.0
WDR1	5.106060606060606	1.5872832289342982e-53	-0.045078047	1.0
CDR2	4.545454545454546	2.1705639517453993e-118	-0.020732563	1.0
PTGFRN	6.515151515151516	1.0	0.09508776	1.0
ADRA2C	4.348484848484849	6.158238409806613e-145	-0.020414162	1.0
SMAP1	4.803030303030303	2.7367645399029442e-86	-0.011148358	1.0
EPB49	6.0606060606060606	0.35240497543927884	-0.024998406	1.0
APOA4	15.0	1.0	-0.008371737	1.0
ERRFI1	4.363636363636363	7.512830586913155e-143	0.0074415966	1.0
LIPT1	15.0	1.0	-0.021531774	1.0
SERPINB2	6.287878787878788	1.0	-0.002971934	1.0
LCK	3.8484848484848486	2.5229778063339486e-217	-0.18209794	1.0
IHH	15.0	1.0	-0.027890678	1.0
NEK2	4.378787878787879	9.114755093831552e-141	-0.046899956	1.0
CBWD2	7.075757575757576	1.0	-0.024630595	1.0
EPHB1	4.257575757575758	1.225183680326422e-157	0.14141655	1.0
CCDC14	5.287878787878788	4.435475492969264e-37	0.2010269	0.01116882665512237
ACTL7A	5.833333333333333	1.4045368745137865e-05	-0.01627053	1.0
DCAF12	4.5	2.201714823989054e-124	0.036731612	1.0
ADSS	4.848484848484849	5.380669780436885e-81	0.013223332	1.0
TRIM37	4.636363636363637	1.1170269528111936e-106	-0.02186099	1.0
ARFGAP1	5.196969696969697	5.681854045967462e-45	-0.053571668	1.0
STK38L	4.287878787878788	2.2087249048920608e-153	0.013220844	1.0
CMYA5	8.5	1.0	0.5149564	0.0
ALG2	7.106060606060606	1.0	-0.02740175	1.0
RRP8	4.681818181818182	5.689414961865554e-101	-0.009263744	1.0
F2R	8.045454545454545	1.0	-0.011041483	1.0
SOX11	5.242424242424242	6.099209833098505e-41	-0.017944777	1.0
FBXW2	4.742424242424242	1.5808109845269243e-93	-0.027349845	1.0
SERPINA7	5.787878787878788	4.385663779892977e-07	-0.006262994	1.0
ATG4B	6.787878787878788	1.0	-0.02757543	1.0
ZC3H7A	7.545454545454546	1.0	0.22361717	1.2754162025124139e-11
SNRNP70	3.8181818181818183	7.38036129473198e-222	-0.15096721	1.0
SCARF2	7.5	1.0	0.101961866	1.0
PTPRT	8.121212121212121	1.0	0.33583894	1.4425468210333519e-145
C16orf59	5.4393939393939394	1.6925534327478274e-25	-0.0064960243	1.0
TUBA1B	3.787878787878788	2.115340487863969e-226	-0.14409022	1.0
SFTPB	9.545454545454545	1.0	-0.015291854	1.0
HACE1	15.0	1.0	0.20098792	0.01140520385238445
CDC14B	3.9696969696969697	2.4674890859968454e-199	-0.04371882	1.0
SH2D4A	5.393939393939394	9.413594363001394e-29	-0.054242875	1.0
MAGEE1	5.409090909090909	1.1965605630142752e-27	0.21162662	5.7875144713602615e-06
RARG	4.363636363636363	7.512830586913155e-143	-0.08946448	1.0
USP39	5.136363636363637	1.329601873108839e-50	0.0012900094	1.0
ZNF277	5.348484848484849	3.361814908486116e-32	0.011253776	1.0
LDB1	5.863636363636363	0.0001074974518139196	-0.088972256	1.0
COPG1	6.742424242424242	1.0	0.028765708	1.0
DMAP1	4.287878787878788	2.2087249048920608e-153	-0.072229125	1.0
CCNA2	3.6818181818181817	2.3853005820836463e-242	-0.12304003	1.0
LRRFIP1	5.696969696969697	9.995055185491281e-11	0.12336125	1.0
NTSR2	7.96969696969697	1.0	-0.02353059	1.0
RAI14	4.181818181818182	2.0431422463121415e-168	0.30903575	2.0892486385893237e-103
FAF2	4.863636363636363	2.926718135188438e-79	0.004421771	1.0
CADM1	5.03030303030303	3.992657506387221e-61	-0.02104963	1.0
POLD3	4.863636363636363	2.926718135188438e-79	-0.04860932	1.0
TARDBP	6.666666666666667	1.0	-0.0077898726	1.0
MINA	4.333333333333333	4.8731389520965527e-147	0.009401747	1.0
MUC16	15.0	1.0	-0.033742815	1.0
SNX4	4.2727272727272725	1.6441818492106707e-155	-0.09428886	1.0
NEU3	4.46969696969697	2.0157488759722106e-128	0.07960443	1.0
GTF2H4	5.393939393939394	9.413594363001394e-29	-0.040541172	1.0
EPHB2	4.075757575757576	9.425084823205431e-184	0.05829827	1.0
PNKD	15.0	1.0	-0.008712513	1.0
SSPO	15.0	1.0	0.51355934	0.0
CIR1	4.46969696969697	2.0157488759722106e-128	0.013039423	1.0
TEAD1	4.681818181818182	5.689414961865554e-101	-0.07892915	1.0
HSPG2	5.818181818181818	4.672299051935399e-06	0.35100302	4.681160273033653e-171
IPCEF1	5.333333333333333	2.1706753254292354e-33	-0.019514753	1.0
PEX13	8.166666666666666	1.0	-0.0024441432	1.0
INPP4A	4.075757575757576	9.425084823205431e-184	0.24605745	1.4314968090278058e-27
CYP11B1	7.348484848484849	1.0	-0.03609084	1.0
SLC26A8	5.121212121212121	4.676730757762688e-52	0.19296217	0.31657686822415076
MPP1	5.803030303030303	1.4705485992125324e-06	-0.03403996	1.0
PREX2	4.5	2.201714823989054e-124	0.22886312	9.794949861157715e-15
TBX5	5.090909090909091	5.1713704161927095e-55	-0.043876532	1.0
CBLB	4.212121212121212	4.33582970150717e-164	0.11338888	1.0
KRT20	5.196969696969697	5.681854045967462e-45	-0.11111183	1.0
HTRA2	4.621212121212121	1.3207905061700894e-108	-0.13634638	1.0
TUBA3C	3.803030303030303	4.0245198343713096e-224	-0.028780678	1.0
PHF1	4.984848484848484	6.973868836232615e-66	-0.043441426	1.0
PDPK1	3.5454545454545454	5.521493724286175e-263	-0.15478997	1.0
BCL6B	5.03030303030303	3.992657506387221e-61	-0.033160705	1.0
FANCB	9.727272727272727	1.0	0.20040563	0.015507909899340226
POU3F1	4.696969696969697	4.296316092130633e-99	-0.0441711	1.0
TRIM38	4.954545454545454	3.884182853552079e-69	-0.0059492034	1.0
TUBA1C	5.090909090909091	5.1713704161927095e-55	-0.009061992	1.0
ZC3H7B	5.151515151515151	3.59408870467608e-49	0.21384408	7.456556976563168e-07
BZRAP1	15.0	1.0	0.1696689	1.0
BFSP2	5.696969696969697	9.995055185491281e-11	-0.028675208	1.0
PCOLCE	6.424242424242424	1.0	-0.0024025505	1.0
MDM4	3.409090909090909	1.0655625061781275e-283	0.10275448	1.0
ZBTB8A	4.757575757575758	1.0619875368314136e-91	-0.11095123	1.0
RUVBL1	4.424242424242424	1.483232711503633e-134	-0.070311375	1.0
RRBP1	4.318181818181818	3.8075011752609048e-149	0.2040415	0.0018884105857212238
ZNF259	4.7272727272727275	2.2662035039882355e-95	-0.033269987	1.0
POLR3D	15.0	1.0	0.013909961	1.0
TIAM1	4.045454545454546	3.500482389273137e-188	0.32616857	7.082506763298516e-130
USP11	4.575757575757576	1.9231756304013163e-114	0.20128909	0.009680052022284382
PPP2R5E	4.181818181818182	2.0431422463121415e-168	-0.08543872	1.0
OXTR	5.878787878787879	0.00027450830962018466	-0.020526577	1.0
POU3F2	4.242424242424242	8.837767506374353e-160	1.5930244e-05	1.0
GATA3	4.348484848484849	6.158238409806613e-145	-0.07613721	1.0
ZFP2	4.893939393939394	7.917093618468979e-76	-0.0012803597	1.0
ADAMTS1	8.590909090909092	1.0	0.19404998	0.22633421625836367
CEP55	4.212121212121212	4.33582970150717e-164	-0.13132647	1.0
CCDC6	4.196969696969697	2.9882021010514624e-166	-0.0123420805	1.0
KCNJ8	15.0	1.0	-0.006235018	1.0
TPBG	6.151515151515151	1.0	-0.014617135	1.0
RICTOR	4.757575757575758	1.0619875368314136e-91	0.26581293	6.223992531658719e-47
AHDC1	5.151515151515151	3.59408870467608e-49	0.36524758	8.874214186235983e-196
STK38	4.287878787878788	2.2087249048920608e-153	0.038467735	1.0
PDLIM7	4.757575757575758	1.0619875368314136e-91	-0.090923585	1.0
LHX4	8.530303030303031	1.0	0.06183461	1.0
ZNF239	5.136363636363637	1.329601873108839e-50	-0.012414478	1.0
TNFRSF1B	4.863636363636363	2.926718135188438e-79	-0.06697913	1.0
FOXA1	4.045454545454546	3.500482389273137e-188	0.018894525	1.0
IL11RA	7.015151515151516	1.0	-0.03221328	1.0
ACTL6B	4.696969696969697	4.296316092130633e-99	-0.018120855	1.0
NUP107	5.863636363636363	0.0001074974518139196	0.24727559	1.26101449606292e-28
FKBP4	4.196969696969697	2.9882021010514624e-166	-0.007353706	1.0
CTBP2	4.318181818181818	3.8075011752609048e-149	-0.0077089216	1.0
URI1	4.7727272727272725	6.9489106635318485e-90	-0.054403126	1.0
TRAIP	5.045454545454546	1.4229306440703084e-59	-0.009576639	1.0
ROBO4	5.303030303030303	7.887011253946248e-36	0.17838508	1.0
KCNJ6	6.909090909090909	1.0	-0.04253004	1.0
MYOCD	4.257575757575758	1.225183680326422e-157	0.18144864	1.0
SIL1	4.7272727272727275	2.2662035039882355e-95	-0.022133136	1.0
ARHGAP15	4.5	2.201714823989054e-124	0.011878701	1.0
FDFT1	6.045454545454546	0.254656797901843	-0.046500254	1.0
SYT11	7.333333333333333	1.0	0.0022565469	1.0
SDPR	6.515151515151516	1.0	-0.014157937	1.0
SPTBN2	4.893939393939394	7.917093618468979e-76	0.427701	1.1197441862034897e-308
MMP10	7.575757575757576	1.0	-0.06118427	1.0
PSEN1	3.757575757575758	6.114847680928736e-231	-0.20050135	1.0
FKBP5	4.136363636363637	5.955732217746212e-175	-0.00969354	1.0
EDAR	4.96969696969697	1.6768237566517874e-67	-0.062187433	1.0
TERF1	4.681818181818182	5.689414961865554e-101	-0.072160065	1.0
DDR1	4.9393939393939394	8.666842423299595e-71	0.11521779	1.0
PPM1F	4.242424242424242	8.837767506374353e-160	-0.037958015	1.0
GPLD1	15.0	1.0	0.057003465	1.0
KRT14	5.621212121212121	2.1281896348445874e-14	-0.05581633	1.0
FAM208B	5.4393939393939394	1.6925534327478274e-25	0.41771194	2.0691024618139453e-290
DAZ3	15.0	1.0	-0.030999303	1.0
SMCR7	5.318181818181818	1.3394031029632731e-34	-0.014611696	1.0
DSG3	5.2272727272727275	2.9052237252149825e-42	0.21193759	4.387762130422266e-06
OFD1	4.9393939393939394	8.666842423299595e-71	0.14683291	1.0
KAT8	5.484848484848484	1.988067711542528e-22	-0.025086021	1.0
HDAC7	4.2727272727272725	1.6441818492106707e-155	0.16932786	1.0
CRLF1	6.9393939393939394	1.0	-0.03439233	1.0
FICD	4.409090909090909	1.2861037409784286e-136	0.04860095	1.0
NAA16	15.0	1.0	0.049441416	1.0
SAMSN1	5.681818181818182	2.0488697101334917e-11	-0.0410314	1.0
SERPINA4	7.484848484848484	1.0	-0.0428436	1.0
TXNDC11	15.0	1.0	0.10646833	1.0
RBFOX2	4.696969696969697	4.296316092130633e-99	-0.08904222	1.0
ZIC3	4.9393939393939394	8.666842423299595e-71	-0.02238114	1.0
PCSK5	5.409090909090909	1.1965605630142752e-27	0.15082875	1.0
GPR151	15.0	1.0	-0.03305825	1.0
SCHIP1	4.287878787878788	2.2087249048920608e-153	-0.013199485	1.0
BANP	3.878787878787879	8.171994366410397e-213	-0.028331477	1.0
CAP1	5.196969696969697	5.681854045967462e-45	-0.038200323	1.0
NAGA	8.045454545454545	1.0	-0.030257743	1.0
SGCE	6.090909090909091	0.5901931783435886	-0.019237513	1.0
CORO2B	4.696969696969697	4.296316092130633e-99	-0.045372628	1.0
PLAGL1	3.8333333333333335	1.3485832323205122e-219	0.037702184	1.0
SERPINH1	5.2272727272727275	2.9052237252149825e-42	-0.048579596	1.0
BCS1L	7.0	1.0	-0.0030108113	1.0
LRP8	5.151515151515151	3.59408870467608e-49	0.17249964	1.0
UBE3A	5.0606060606060606	4.89685641010256e-58	-0.01719431	1.0
MLF1IP	7.015151515151516	1.0	-0.028010836	1.0
AGFG2	5.03030303030303	3.992657506387221e-61	-0.060886253	1.0
AP2M1	4.575757575757576	1.9231756304013163e-114	-0.12990454	1.0
ZBTB43	4.712121212121212	3.1719869210396293e-97	-0.07752884	1.0
PPOX	5.03030303030303	3.992657506387221e-61	-0.031463362	1.0
LIG3	4.7272727272727275	2.2662035039882355e-95	0.09055689	1.0
ASB4	7.4393939393939394	1.0	-0.02298411	1.0
DDX49	5.090909090909091	5.1713704161927095e-55	-0.02795135	1.0
NR5A1	3.9393939393939394	8.13036209830832e-204	-0.16679323	1.0
GPR143	11.424242424242424	1.0	-0.024225924	1.0
MAP3K8	3.878787878787879	8.171994366410397e-213	0.027021438	1.0
VNN2	5.96969696969697	0.024729877173714734	-0.023886096	1.0
DDX42	6.348484848484849	1.0	0.14974439	1.0
GPKOW	5.666666666666667	3.978664970448861e-12	-0.011962473	1.0
TMEM8B	5.136363636363637	1.329601873108839e-50	-0.014073318	1.0
KCNJ5	8.303030303030303	1.0	-0.031893414	1.0
GTF2A1L	4.075757575757576	9.425084823205431e-184	-0.07415933	1.0
SELENBP1	4.96969696969697	1.6768237566517874e-67	-0.031661708	1.0
KAT5	3.484848484848485	3.5900297766434764e-272	-0.21409854	1.0
GTF3C2	5.833333333333333	1.4045368745137865e-05	0.16869943	1.0
CACNA1A	4.757575757575758	1.0619875368314136e-91	0.41594577	3.507600391052641e-287
CPN1	10.151515151515152	1.0	-0.03559135	1.0
BLMH	5.121212121212121	4.676730757762688e-52	-0.06718401	1.0
KRT18	3.6666666666666665	1.2657727916532822e-244	-0.0793317	1.0
PPM1A	3.803030303030303	4.0245198343713096e-224	-0.06550114	1.0
TAB1	4.136363636363637	5.955732217746212e-175	-0.04852664	1.0
GAL3ST4	4.5	2.201714823989054e-124	-0.007121928	1.0
MYCBPAP	5.833333333333333	1.4045368745137865e-05	0.14398153	1.0
BMP4	6.075757575757576	0.4654418176526208	-0.083518386	1.0
CREB3L3	5.015151515151516	1.0736043812980293e-62	-0.06818978	1.0
NDUFV1	5.242424242424242	6.099209833098505e-41	0.002222567	1.0
ALS2CL	6.484848484848484	1.0	0.14183903	1.0
HTR2C	5.606060606060606	3.3531991138491256e-15	-0.010086868	1.0
ERMAP	5.363636363636363	4.9677529912471725e-31	-0.021843757	1.0
SIGLEC6	15.0	1.0	-0.030594883	1.0
CMAS	5.742424242424242	8.455253740774733e-09	-0.028959107	1.0
SOX3	5.606060606060606	3.3531991138491256e-15	-0.020220859	1.0
RUNX1	3.757575757575758	6.114847680928736e-231	-0.15097862	1.0
SUV420H2	4.378787878787879	9.114755093831552e-141	0.04776673	1.0
RRP9	4.787878787878788	4.431250677636168e-88	-0.0016999601	1.0
PPFIBP1	4.96969696969697	1.6768237566517874e-67	0.18015239	1.0
GDF6	4.454545454545454	1.8518644066753443e-130	-0.01960418	1.0
MCHR1	15.0	1.0	-0.039067425	1.0
FAM176C	6.015151515151516	0.11603843419891441	-0.025217224	1.0
ETS1	3.606060606060606	8.821660124325988e-254	-0.032729607	1.0
KIAA1377	4.015151515151516	1.2499973933095756e-192	-0.17584087	1.0
ADRA2A	4.363636363636363	7.512830586913155e-143	-0.041412774	1.0
CABLES2	3.6363636363636362	3.245605426130343e-249	-0.03593758	1.0
EIF2S3	4.863636363636363	2.926718135188438e-79	-0.037552025	1.0
EPHA3	5.015151515151516	1.0736043812980293e-62	0.07829164	1.0
METAP2	3.878787878787879	8.171994366410397e-213	0.044869803	1.0
GIGYF1	4.484848484848484	2.1281592221250877e-126	0.1806472	1.0
CEP152	5.03030303030303	3.992657506387221e-61	0.32718715	1.6616878082339704e-131
SERPINC1	6.878787878787879	1.0	-0.089422725	1.0
TRAF6	4.0	7.386654389169344e-195	-0.21520026	1.0
ZRSR2	5.303030303030303	7.887011253946248e-36	-0.07895468	1.0
E2F3	4.242424242424242	8.837767506374353e-160	-0.080318585	1.0
CARD6	5.333333333333333	2.1706753254292354e-33	0.16826048	1.0
UBA3	5.409090909090909	1.1965605630142752e-27	-0.06226057	1.0
RBM42	4.909090909090909	3.9245179205093584e-74	-0.0661873	1.0
TNFRSF10A	4.424242424242424	1.483232711503633e-134	-0.14105678	1.0
IL7R	4.121212121212121	3.8192567646814513e-177	-0.019357102	1.0
PDGFRB	3.878787878787879	8.171994366410397e-213	-0.061913468	1.0
RORC	4.2727272727272725	1.6441818492106707e-155	-0.07059998	1.0
OAT	5.409090909090909	1.1965605630142752e-27	-0.0056433	1.0
MINPP1	4.212121212121212	4.33582970150717e-164	-0.0032426228	1.0
PCNXL4	6.4393939393939394	1.0	0.10566153	1.0
CHEK1	3.5303030303030303	2.824771523696977e-265	-0.09927936	1.0
HERC5	4.393939393939394	1.0948844848673155e-138	0.1580186	1.0
GABRR2	3.878787878787879	8.171994366410397e-213	0.005981963	1.0
CHKA	5.5	1.8957199282862748e-21	-0.036100708	1.0
MAZ	4.151515151515151	9.15888580977784e-173	-0.042650495	1.0
SERPINA10	8.727272727272727	1.0	-0.013139737	1.0
SRP54	5.909090909090909	0.0015217723481678817	-0.04868159	1.0
KRT17	5.9393939393939394	0.006813995721858698	-0.039196834	1.0
GABRB2	4.681818181818182	5.689414961865554e-101	-0.0435825	1.0
POU2F2	4.03030303030303	2.1087738388507592e-190	-0.020191684	1.0
MLNR	15.0	1.0	-0.04436355	1.0
SEPT6	6.393939393939394	1.0	-0.052291688	1.0
ZNF639	4.2727272727272725	1.6441818492106707e-155	0.008455024	1.0
RNF8	5.484848484848484	1.988067711542528e-22	-0.06874257	1.0
NUFIP1	4.136363636363637	5.955732217746212e-175	-0.043436147	1.0
PLIN3	6.106060606060606	0.7203309180246135	-0.050678723	1.0
DDX39B	6.121212121212121	0.8477923380061042	-0.07094912	1.0
PTK2	3.9242424242424243	4.600422224434154e-206	-0.12650327	1.0
SUFU	4.924242424242424	1.874969259881809e-72	-0.093358934	1.0
KL	4.833333333333333	9.548106231121443e-83	0.22109167	2.933291519757601e-10
PANX1	15.0	1.0	-0.009080359	1.0
GOLM1	5.363636363636363	4.9677529912471725e-31	-0.08203339	1.0
NEIL1	5.5	1.8957199282862748e-21	-0.022683198	1.0
DPH1	5.924242424242424	0.0033040705224971884	-0.045349512	1.0
IPO8	4.606060606060606	1.5330310558122995e-110	0.13405871	1.0
CD36	5.0	2.784639304065503e-64	-0.09154405	1.0
EIF2AK4	4.045454545454546	3.500482389273137e-188	0.38815573	1.229749261936719e-236
LAMA3	6.666666666666667	1.0	0.4472041	0.0
GTF2I	3.6666666666666665	1.2657727916532822e-244	0.12471553	1.0
NR0B1	3.8484848484848486	2.5229778063339486e-217	-0.01577886	1.0
STK25	6.0	0.07311233693762956	-0.036136523	1.0
CAP2	5.03030303030303	3.992657506387221e-61	-0.040079266	1.0
MYO1A	5.2272727272727275	2.9052237252149825e-42	0.15523595	1.0
NMD3	4.893939393939394	7.917093618468979e-76	-0.050356317	1.0
NTRK2	4.2272727272727275	6.257190620228874e-162	-0.1427334	1.0
CSPG4	4.742424242424242	1.5808109845269243e-93	0.4316456	6.86710127e-316
DCLRE1A	4.46969696969697	2.0157488759722106e-128	0.18374015	1.0
EPRS	5.045454545454546	1.4229306440703084e-59	0.26254553	2.057436659438071e-43
MAPKAP1	4.333333333333333	4.8731389520965527e-147	0.0053404714	1.0
SLC35E1	6.454545454545454	1.0	0.0003358943	1.0
GDF7	7.0	1.0	-0.03494331	1.0
ZBTB32	4.181818181818182	2.0431422463121415e-168	-0.08121725	1.0
LAMC1	7.03030303030303	1.0	0.35564023	4.954615393139873e-179
RBBP7	4.0	7.386654389169344e-195	-0.11540329	1.0
EPHA7	5.863636363636363	0.0001074974518139196	0.09920483	1.0
SALL2	5.090909090909091	5.1713704161927095e-55	0.13335575	1.0
ENTPD6	5.151515151515151	3.59408870467608e-49	-0.007756965	1.0
AVPR1B	6.484848484848484	1.0	-0.026611613	1.0
ZFP161	5.363636363636363	4.9677529912471725e-31	-0.037217636	1.0
ULK2	5.303030303030303	7.887011253946248e-36	0.13827159	1.0
ERG	4.196969696969697	2.9882021010514624e-166	-0.036495384	1.0
TLR9	4.621212121212121	1.3207905061700894e-108	0.14244205	1.0
PRPF4B	5.090909090909091	5.1713704161927095e-55	0.164123	1.0
DPP7	6.96969696969697	1.0	-0.036616303	1.0
MEGF11	5.287878787878788	4.435475492969264e-37	0.17895171	1.0
DGCR2	4.803030303030303	2.7367645399029442e-86	-0.04511268	1.0
PIK3R3	4.378787878787879	9.114755093831552e-141	0.0038739457	1.0
NRP1	6.106060606060606	0.7203309180246135	0.053153794	1.0
CNTN2	5.409090909090909	1.1965605630142752e-27	0.10453286	1.0
MAPKAPK5	3.590909090909091	4.490108049188853e-256	-0.16244932	1.0
MMP12	7.833333333333333	1.0	-0.06689211	1.0
POLD2	4.651515151515151	9.179932486875994e-105	-0.120166264	1.0
SMYD1	4.5606060606060606	2.0701982173404105e-116	-0.014765127	1.0
MEF2C	3.712121212121212	8.857636845961859e-238	-0.10436661	1.0
PDCD4	5.46969696969697	1.979659785672327e-23	-0.067396894	1.0
EMID1	5.53030303030303	1.4921710187680277e-19	-0.04410507	1.0
ANGPT2	5.378787878787879	7.002849665867642e-30	-0.06631252	1.0
ENTPD1	5.0	2.784639304065503e-64	-0.015573169	1.0
PLEKHM1	4.696969696969697	4.296316092130633e-99	0.1377263	1.0
KIAA1715	9.424242424242424	1.0	-0.028556492	1.0
TUFM	6.363636363636363	1.0	-0.012225416	1.0
THRA	3.787878787878788	2.115340487863969e-226	-0.13111342	1.0
IDH2	6.5	1.0	-0.027333215	1.0
LAMA2	7.787878787878788	1.0	0.4705902	0.0
DUOX2	15.0	1.0	0.32641745	2.8349402985867735e-130
DHX29	15.0	1.0	0.20087296	0.01212221970061456
CC2D1A	7.424242424242424	1.0	0.08855934	1.0
TJP2	4.151515151515151	9.15888580977784e-173	0.18876624	0.8530835168596241
IKBKG	3.8636363636363638	4.569907826037505e-215	-0.17434067	1.0
PPP2R1B	4.03030303030303	2.1087738388507592e-190	-0.19021411	1.0
CDKL2	5.015151515151516	1.0736043812980293e-62	-0.0041381246	1.0
SHE	4.484848484848484	2.1281592221250877e-126	-0.0055631325	1.0
ROR2	6.712121212121212	1.0	0.098629765	1.0
ANGPTL1	4.575757575757576	1.9231756304013163e-114	-0.034974214	1.0
ZNF232	8.242424242424242	1.0	-0.024214154	1.0
TOPORS	3.727272727272727	1.706218311485279e-235	0.14662832	1.0
CAMK2B	5.0	2.784639304065503e-64	-0.10545014	1.0
PAM	5.666666666666667	3.978664970448861e-12	0.041906077	1.0
FOXD3	4.924242424242424	1.874969259881809e-72	-0.048964277	1.0
SEPT7	5.757575757575758	3.3260698279418764e-08	-0.07238712	1.0
NCAM1	5.924242424242424	0.0033040705224971884	0.029289713	1.0
SNPH	6.409090909090909	1.0	-0.045439	1.0
SLC38A3	5.015151515151516	1.0736043812980293e-62	-0.037570957	1.0
KIF11	4.2272727272727275	6.257190620228874e-162	0.16762035	1.0
UBA6	4.757575757575758	1.0619875368314136e-91	0.16719031	1.0
RFX1	6.545454545454546	1.0	0.14582452	1.0
WDR3	5.348484848484849	3.361814908486116e-32	0.118853085	1.0
PPARA	3.9545454545454546	1.4292587375731596e-201	-0.16480227	1.0
GABRD	5.348484848484849	3.361814908486116e-32	0.004096393	1.0
BCL3	3.5606060606060606	1.0767191768626267e-260	0.011541807	1.0
PAK1	3.3333333333333335	3.5057232681679496e-295	-0.16778037	1.0
RTN4R	4.9393939393939394	8.666842423299595e-71	-0.09233282	1.0
APMAP	15.0	1.0	-0.016375916	1.0
KRT81	5.5606060606060606	9.57038049901898e-18	-0.06570933	1.0
SMAD5	4.015151515151516	1.2499973933095756e-192	-0.21858355	1.0
PSMD5	5.545454545454546	1.2242493613827866e-18	-0.06437051	1.0
STK3	4.121212121212121	3.8192567646814513e-177	-0.10009875	1.0
AAMP	6.46969696969697	1.0	-0.025621494	1.0
ZBTB45	5.257575757575758	1.2355595419735018e-39	-0.05258747	1.0
HM13	7.742424242424242	1.0	-0.0068437555	1.0
MTF2	4.090909090909091	1.5223184067744789e-181	-0.011099286	1.0
SEPT9	6.666666666666667	1.0	-0.062339682	1.0
ANTXR2	8.075757575757576	1.0	-0.041853547	1.0
PPP2R5C	3.8484848484848486	2.5229778063339486e-217	-0.07934765	1.0
LIG4	7.893939393939394	1.0	0.05724835	1.0
NEU4	5.121212121212121	4.676730757762688e-52	-0.04668955	1.0
EIF3E	6.090909090909091	0.5901931783435886	-0.042577796	1.0
EPOR	4.166666666666667	1.3774237346063119e-170	-0.09500494	1.0
TIMM50	5.924242424242424	0.0033040705224971884	-0.04161556	1.0
VRK2	4.712121212121212	3.1719869210396293e-97	-0.06126044	1.0
HTR2B	6.681818181818182	1.0	-0.04405048	1.0
BTBD1	4.742424242424242	1.5808109845269243e-93	-0.070226245	1.0
RCOR1	4.484848484848484	2.1281592221250877e-126	-0.050251823	1.0
DDX19B	5.621212121212121	2.1281896348445874e-14	-0.06338742	1.0
CLSTN1	5.015151515151516	1.0736043812980293e-62	0.24851683	1.0113646804409648e-29
A2M	7.181818181818182	1.0	0.15285252	1.0
FSD1	4.257575757575758	1.225183680326422e-157	-0.06733	1.0
STK4	4.181818181818182	2.0431422463121415e-168	-0.13387522	1.0
KIR3DL2	8.166666666666666	1.0	-0.04749103	1.0
NEFH	4.606060606060606	1.5330310558122995e-110	0.18162668	1.0
OLFM2	8.090909090909092	1.0	-0.05294009	1.0
CARNS1	15.0	1.0	0.17529902	1.0
SOX10	4.242424242424242	8.837767506374353e-160	-0.20697951	1.0
TOM1	5.136363636363637	1.329601873108839e-50	-0.06400645	1.0
CELSR3	5.666666666666667	3.978664970448861e-12	0.40632224	1.3003363606217338e-269
SEMG1	6.393939393939394	1.0	-0.08466868	1.0
SUGP2	5.151515151515151	3.59408870467608e-49	0.14715867	1.0
NLRC4	5.363636363636363	4.9677529912471725e-31	0.07845507	1.0
TRIM69	4.378787878787879	9.114755093831552e-141	-0.07866461	1.0
ARFGAP3	4.015151515151516	1.2499973933095756e-192	-0.012848038	1.0
KLF4	3.8333333333333335	1.3485832323205122e-219	0.022370534	1.0
ADPGK	4.606060606060606	1.5330310558122995e-110	-0.0451798	1.0
DARS	5.106060606060606	1.5872832289342982e-53	-0.0607385	1.0
CALCOCO2	4.651515151515151	9.179932486875994e-105	-0.20764591	1.0
SMYD3	7.045454545454546	1.0	0.02287278	1.0
BTBD10	6.242424242424242	1.0	-0.048806638	1.0
UFSP2	6.075757575757576	0.4654418176526208	-0.019535715	1.0
FOXA2	4.712121212121212	3.1719869210396293e-97	-0.08752158	1.0
ITIH3	9.530303030303031	1.0	0.08357961	1.0
NUP54	5.257575757575758	1.2355595419735018e-39	-0.09357453	1.0
GC	6.378787878787879	1.0	-0.041566286	1.0
VPS4A	7.424242424242424	1.0	-0.08428417	1.0
TGOLN2	5.196969696969697	5.681854045967462e-45	-0.110082485	1.0
DDX24	6.0	0.07311233693762956	-0.0052056536	1.0
PIK3CB	4.257575757575758	1.225183680326422e-157	0.14763726	1.0
ITGA4	5.090909090909091	5.1713704161927095e-55	0.038096514	1.0
ZCCHC14	8.742424242424242	1.0	0.11260532	1.0
MLLT6	4.7272727272727275	2.2662035039882355e-95	0.10236251	1.0
IRF7	3.984848484848485	4.290407050829078e-197	-0.034916826	1.0
CCT6A	5.090909090909091	5.1713704161927095e-55	-0.035907898	1.0
TCFL5	5.242424242424242	6.099209833098505e-41	-0.051690143	1.0
UBE4A	5.196969696969697	5.681854045967462e-45	0.10168789	1.0
ZNF689	4.590909090909091	1.7383763998462225e-112	-0.07937702	1.0
CCDC174	7.424242424242424	1.0	-0.046560153	1.0
ENO3	15.0	1.0	-0.02962719	1.0
GLDC	6.03030303030303	0.17626248537921577	0.12745444	1.0
BAIAP2L1	4.363636363636363	7.512830586913155e-143	0.008954331	1.0
ACVRL1	4.954545454545454	3.884182853552079e-69	-0.12361236	1.0
SERPIND1	7.242424242424242	1.0	-0.07709919	1.0
ETV5	4.0606060606060606	5.7613808878307085e-186	-0.003868763	1.0
KIDINS220	4.53030303030303	2.2306482421952033e-120	0.24453597	2.8082620758570377e-26
RPAP3	4.5	2.201714823989054e-124	-0.01662354	1.0
ZP3	15.0	1.0	-0.012195745	1.0
PLEKHM2	5.651515151515151	7.347178639562884e-13	0.13267171	1.0
LCAT	6.924242424242424	1.0	-0.024288896	1.0
RAD18	4.803030303030303	2.7367645399029442e-86	-0.079388075	1.0
ADRB1	5.621212121212121	2.1281896348445874e-14	-0.052576117	1.0
GPS1	4.424242424242424	1.483232711503633e-134	-0.15290895	1.0
PDCD7	4.848484848484849	5.380669780436885e-81	-0.03676773	1.0
PAX6	4.606060606060606	1.5330310558122995e-110	-0.0734546	1.0
CD3EAP	4.4393939393939394	1.673299379658336e-132	-0.10771417	1.0
MMP13	7.924242424242424	1.0	-0.10498267	1.0
DCTN4	5.909090909090909	0.0015217723481678817	-0.05243963	1.0
SHB	4.181818181818182	2.0431422463121415e-168	0.008095294	1.0
PPP1R13B	4.257575757575758	1.225183680326422e-157	0.12025663	1.0
ERC1	5.484848484848484	1.988067711542528e-22	0.057671797	1.0
RBMY1A1	5.181818181818182	2.3605024707753786e-46	-0.10260954	1.0
PKMYT1	4.136363636363637	5.955732217746212e-175	-0.052057497	1.0
WDR37	5.242424242424242	6.099209833098505e-41	-0.031393144	1.0
PVRL4	4.984848484848484	6.973868836232615e-66	-0.07885901	1.0
CACNB4	5.106060606060606	1.5872832289342982e-53	-0.097883105	1.0
PDZRN3	4.96969696969697	1.6768237566517874e-67	0.12528366	1.0
CDC42BPA	5.136363636363637	1.329601873108839e-50	0.25269806	1.4841277875346927e-33
MECP2	4.2727272727272725	1.6441818492106707e-155	-0.053560592	1.0
ETV3	6.0	0.07311233693762956	-0.059740387	1.0
ZNF439	5.393939393939394	9.413594363001394e-29	-0.021671055	1.0
OC90	5.757575757575758	3.3260698279418764e-08	-0.038896944	1.0
TRIP6	4.257575757575758	1.225183680326422e-157	-0.17898276	1.0
IRX4	4.742424242424242	1.5808109845269243e-93	-0.04724893	1.0
ACACB	6.121212121212121	0.8477923380061042	0.38007975	4.1107128328509227e-222
TBRG4	5.121212121212121	4.676730757762688e-52	-0.05354064	1.0
IRF5	4.878787878787879	1.5453967442950229e-77	-0.07008541	1.0
TERF2	4.484848484848484	2.1281592221250877e-126	-0.11253665	1.0
ITIH4	15.0	1.0	0.11441864	1.0
MMP3	8.530303030303031	1.0	-0.13873218	1.0
EML4	5.742424242424242	8.455253740774733e-09	0.11538103	1.0
VPS4B	8.424242424242424	1.0	-0.06153278	1.0
POLR1A	5.015151515151516	1.0736043812980293e-62	0.26371762	1.1603379447321683e-44
KCNG2	15.0	1.0	-0.006216544	1.0
WAS	4.015151515151516	1.2499973933095756e-192	-0.1101679	1.0
CHRNB1	4.818181818181818	1.6425866582786677e-84	-0.050265677	1.0
CLK2	4.151515151515151	9.15888580977784e-173	0.0007665356	1.0
ESRRB	4.53030303030303	2.2306482421952033e-120	-0.027422467	1.0
ESR1	2.984848484848485	0.0	-0.20077832	1.0
KREMEN1	14.712121212121213	1.0	-0.042292435	1.0
U2AF2	4.696969696969697	4.296316092130633e-99	-0.2082684	1.0
HSPA13	5.318181818181818	1.3394031029632731e-34	-0.0198763	1.0
NAGPA	5.03030303030303	3.992657506387221e-61	-0.059337985	1.0
UTRN	6.378787878787879	1.0	0.3651539	1.29568635560134e-195
DGCR14	7.621212121212121	1.0	-0.039422706	1.0
DLC1	4.045454545454546	3.500482389273137e-188	0.16074209	1.0
SNTA1	5.378787878787879	7.002849665867642e-30	-0.19488746	1.0
TCHP	4.666666666666667	7.336184814303851e-103	-0.10014471	1.0
EXOC2	6.0606060606060606	0.35240497543927884	0.14316256	1.0
ENTPD2	8.015151515151516	1.0	-0.063304156	1.0
ITGA5	5.196969696969697	5.681854045967462e-45	0.06814502	1.0
TMF1	3.893939393939394	1.469768442176506e-210	0.15719296	1.0
EFEMP1	5.2272727272727275	2.9052237252149825e-42	-0.07837591	1.0
HDAC4	4.106060606060606	2.4294474174401478e-179	-0.09305316	1.0
NFIC	7.742424242424242	1.0	-0.06091698	1.0
TBC1D10A	5.121212121212121	4.676730757762688e-52	-0.061620004	1.0
SPATA2	4.742424242424242	1.5808109845269243e-93	-0.07452052	1.0
PLRG1	5.606060606060606	3.3531991138491256e-15	-0.05852203	1.0
TFCP2	4.257575757575758	1.225183680326422e-157	-0.039212175	1.0
GFRA1	4.924242424242424	1.874969259881809e-72	-0.06157152	1.0
NR1D2	4.7272727272727275	2.2662035039882355e-95	-0.09041747	1.0
UNC13D	6.121212121212121	0.8477923380061042	0.07660814	1.0
ZBTB2	4.2727272727272725	1.6441818492106707e-155	0.0050658816	1.0
SMARCA5	4.363636363636363	7.512830586913155e-143	0.06381759	1.0
NFKBIE	4.242424242424242	8.837767506374353e-160	-0.02740777	1.0
MMP19	8.590909090909092	1.0	-0.05527211	1.0
TAF4	4.833333333333333	9.548106231121443e-83	-0.023104552	1.0
CHRNA3	5.878787878787879	0.00027450830962018466	-0.06493223	1.0
CHRM1	5.621212121212121	2.1281896348445874e-14	-0.027109643	1.0
DHCR24	3.9696969696969697	2.4674890859968454e-199	-0.04981409	1.0
WIPF1	4.378787878787879	9.114755093831552e-141	-0.031822685	1.0
DYSF	5.151515151515151	3.59408870467608e-49	0.281259	4.043093123212077e-65
GPT	6.075757575757576	0.4654418176526208	-0.03478399	1.0
SARS2	4.303030303030303	2.9329124127824168e-151	-0.02372718	1.0
WIPF3	6.151515151515151	1.0	-0.058909006	1.0
AMY1A	5.621212121212121	2.1281896348445874e-14	-0.06843732	1.0
MYO18B	4.424242424242424	1.483232711503633e-134	0.36918578	1.0112615769541458e-202
CAND2	4.53030303030303	2.2306482421952033e-120	0.07499664	1.0
INA	4.712121212121212	3.1719869210396293e-97	-0.022007905	1.0
FOXG1	3.787878787878788	2.115340487863969e-226	-0.06741147	1.0
SLC18A2	4.106060606060606	2.4294474174401478e-179	-0.009236791	1.0
TCERG1	3.9696969696969697	2.4674890859968454e-199	-0.05063178	1.0
INPP5K	8.045454545454545	1.0	-0.041911107	1.0
SMAD6	4.212121212121212	4.33582970150717e-164	-0.08341962	1.0
NPY5R	15.0	1.0	-0.050234973	1.0
RADIL	6.045454545454546	0.254656797901843	0.07257858	1.0
GLIS2	4.196969696969697	2.9882021010514624e-166	-0.025037762	1.0
SEPT4	5.393939393939394	9.413594363001394e-29	-0.07215818	1.0
MAP3K7	3.878787878787879	8.171994366410397e-213	-0.18516794	1.0
POU3F3	5.242424242424242	6.099209833098505e-41	-0.09213619	1.0
SCN2A	15.0	1.0	0.23850368	1.8957422058201008e-21
NT5E	7.045454545454546	1.0	-0.07909751	1.0
DDX39A	7.121212121212121	1.0	-0.03512321	1.0
TRIM33	4.742424242424242	1.5808109845269243e-93	0.13215724	1.0
TFAP2B	5.03030303030303	3.992657506387221e-61	-0.068671025	1.0
PDE3B	3.893939393939394	1.469768442176506e-210	0.20585296	0.0005623756392552562
NPTX2	15.0	1.0	-0.021285392	1.0
DNAJA3	4.454545454545454	1.8518644066753443e-130	-0.09920763	1.0
SF3A2	4.9393939393939394	8.666842423299595e-71	-0.061218422	1.0
ATR	3.8484848484848486	2.5229778063339486e-217	0.18430983	1.0
CCT3	4.545454545454546	2.1705639517453993e-118	-0.10774925	1.0
CACNB3	5.636363636363637	1.2851410704542627e-13	-0.044593453	1.0
SLC16A10	5.121212121212121	4.676730757762688e-52	-0.06167165	1.0
TTC8	6.5	1.0	-0.045234516	1.0
UBA1	4.575757575757576	1.9231756304013163e-114	0.028456219	1.0
C7orf25	8.075757575757576	1.0	-0.06277445	1.0
DOK1	4.121212121212121	3.8192567646814513e-177	-0.061562993	1.0
GDI1	6.378787878787879	1.0	-0.03932749	1.0
PHF10	4.863636363636363	2.926718135188438e-79	-0.09625389	1.0
NPFFR1	15.0	1.0	-0.036261875	1.0
TRDN	8.227272727272727	1.0	-0.061624095	1.0
PPP3CB	4.893939393939394	7.917093618468979e-76	-0.12031229	1.0
SESN2	5.9393939393939394	0.006813995721858698	-0.056363992	1.0
BLK	4.606060606060606	1.5330310558122995e-110	-0.11033309	1.0
BNC2	4.393939393939394	1.0948844848673155e-138	0.16833237	1.0
USP28	4.621212121212121	1.3207905061700894e-108	0.15610315	1.0
KATNAL1	5.651515151515151	7.347178639562884e-13	-0.06311956	1.0
PSPC1	4.9393939393939394	8.666842423299595e-71	-0.09979729	1.0
NELF	4.863636363636363	2.926718135188438e-79	-0.07599107	1.0
PARP3	4.7727272727272725	6.9489106635318485e-90	-0.053750187	1.0
ADCY1	6.075757575757576	0.4654418176526208	0.09353969	1.0
SLC2A2	4.166666666666667	1.3774237346063119e-170	-0.07459373	1.0
SAAL1	6.606060606060606	1.0	-0.020383634	1.0
CACNA1H	7.818181818181818	1.0	0.35984004	2.56169319214394e-186
PDIA2	4.924242424242424	1.874969259881809e-72	-0.08409291	1.0
CD5	4.2272727272727275	6.257190620228874e-162	-0.019324372	1.0
KPNA3	4.212121212121212	4.33582970150717e-164	-0.13059904	1.0
RAPGEF1	4.454545454545454	1.8518644066753443e-130	0.16706596	1.0
LDHD	5.53030303030303	1.4921710187680277e-19	-0.05946014	1.0
PLEKHA8	5.9393939393939394	0.006813995721858698	-0.07020917	1.0
LIFR	4.787878787878788	4.431250677636168e-88	0.044169284	1.0
ARID2	4.378787878787879	9.114755093831552e-141	0.23479213	1.0245254332623267e-18
FBXL6	4.318181818181818	3.8075011752609048e-149	-0.06278465	1.0
PVRL1	5.181818181818182	2.3605024707753786e-46	-0.104657896	1.0
VIPR2	6.424242424242424	1.0	-0.04698111	1.0
ABI3BP	6.090909090909091	0.5901931783435886	0.09051222	1.0
C7orf26	15.0	1.0	-0.032387756	1.0
FDXR	4.348484848484849	6.158238409806613e-145	-0.09860377	1.0
NCAPG2	5.090909090909091	5.1713704161927095e-55	0.101656556	1.0
CPM	15.0	1.0	-0.04073687	1.0
NMT1	4.257575757575758	1.225183680326422e-157	-0.11287022	1.0
CHRNA5	7.878787878787879	1.0	-0.05212827	1.0
DDX56	6.196969696969697	1.0	-0.066146605	1.0
USP8	4.106060606060606	2.4294474174401478e-179	0.043252435	1.0
SUCLA2	8.212121212121213	1.0	-0.050134342	1.0
FIZ1	5.5606060606060606	9.57038049901898e-18	-0.07175973	1.0
ATXN10	8.954545454545455	1.0	-0.040301003	1.0
RIPK3	4.681818181818182	5.689414961865554e-101	-0.046398826	1.0
FAM214B	5.5	1.8957199282862748e-21	-0.04744005	1.0
SMARCC1	3.893939393939394	1.469768442176506e-210	0.06755645	1.0
SLC2A1	6.818181818181818	1.0	-0.045810714	1.0
STXBP5	6.287878787878788	1.0	0.07584312	1.0
TAPBP	8.136363636363637	1.0	-0.058689035	1.0
NACC1	4.621212121212121	1.3207905061700894e-108	-0.035133813	1.0
MDM2	3.3636363636363638	1.4066853998338107e-290	-0.13170722	1.0
SLC1A3	4.818181818181818	1.6425866582786677e-84	-0.085542224	1.0
SEC24D	6.636363636363637	1.0	0.122081295	1.0
SPINT1	8.621212121212121	1.0	-0.07064662	1.0
KPNA5	4.348484848484849	6.158238409806613e-145	-0.08719489	1.0
TRIM27	4.454545454545454	1.8518644066753443e-130	-0.11439956	1.0
ZIC2	4.9393939393939394	8.666842423299595e-71	-0.10947652	1.0
KRT8	3.742424242424242	3.2359242627538247e-233	-0.032372538	1.0
MAP3K9	5.378787878787879	7.002849665867642e-30	0.11248446	1.0
ARHGAP33	4.893939393939394	7.917093618468979e-76	0.14828429	1.0
CHRNE	15.0	1.0	-0.061554894	1.0
TBC1D8	5.5606060606060606	9.57038049901898e-18	0.09008259	1.0
TRIM17	6.181818181818182	1.0	-0.049074244	1.0
PNPLA2	4.742424242424242	1.5808109845269243e-93	-0.05964056	1.0
MATN3	8.651515151515152	1.0	-0.06093203	1.0
KCNV1	15.0	1.0	-0.062123716	1.0
GRK4	4.7727272727272725	6.9489106635318485e-90	-0.08626871	1.0
ZBTB7B	5.2272727272727275	2.9052237252149825e-42	-0.07358909	1.0
SNX2	4.2727272727272725	1.6441818492106707e-155	-0.120782025	1.0
MATN4	7.651515151515151	1.0	-0.06058077	1.0
ZMIZ1	6.287878787878788	1.0	0.13449398	1.0
UQCRC1	6.53030303030303	1.0	-0.06830558	1.0
PIP5K1B	5.0606060606060606	4.89685641010256e-58	-0.09292301	1.0
GPBP1L1	5.242424242424242	6.099209833098505e-41	-0.04400789	1.0
F8	9.121212121212121	1.0	0.25466886	1.9560967012765737e-35
NCKAP1	4.666666666666667	7.336184814303851e-103	0.036515243	1.0
ROBO1	5.257575757575758	1.2355595419735018e-39	0.0533614	1.0
ZCCHC7	4.606060606060606	1.5330310558122995e-110	-0.06164743	1.0
SMARCD2	6.96969696969697	1.0	-0.06692284	1.0
KDM5D	6.242424242424242	1.0	0.20929985	4.17649078514036e-05
ASIC2	5.196969696969697	5.681854045967462e-45	-0.11029711	1.0
TEK	4.409090909090909	1.2861037409784286e-136	-0.014477084	1.0
IPO11	5.590909090909091	5.007830731219704e-16	0.03733154	1.0
CSRNP2	4.515151515151516	2.2372994385292133e-122	-0.06478076	1.0
GHRHR	15.0	1.0	-0.049525943	1.0
CTTN	4.045454545454546	3.500482389273137e-188	-0.15733972	1.0
CELF2	15.0	1.0	-0.068834074	1.0
XPO6	4.878787878787879	1.5453967442950229e-77	0.091751784	1.0
TXK	4.287878787878788	2.2087249048920608e-153	-0.051835917	1.0
GCK	4.803030303030303	2.7367645399029442e-86	-0.06937751	1.0
FUT4	8.212121212121213	1.0	-0.080494344	1.0
HSF2	4.151515151515151	9.15888580977784e-173	-0.09038639	1.0
DES	6.878787878787879	1.0	-0.059609085	1.0
SLC12A1	15.0	1.0	0.068738915	1.0
SOCS5	4.393939393939394	1.0948844848673155e-138	-0.084786646	1.0
FGR	4.136363636363637	5.955732217746212e-175	-0.04646715	1.0
HBP1	4.212121212121212	4.33582970150717e-164	0.01286916	1.0
AIRE	4.2727272727272725	1.6441818492106707e-155	-0.017287366	1.0
ATP6V1H	5.909090909090909	0.0015217723481678817	-0.05526025	1.0
PFKFB2	3.8181818181818183	7.38036129473198e-222	0.086217314	1.0
NOVA1	5.742424242424242	8.455253740774733e-09	0.01812257	1.0
KLHL2	7.4393939393939394	1.0	-0.050745953	1.0
LSR	4.363636363636363	7.512830586913155e-143	-0.013672583	1.0
SERGEF	7.0606060606060606	1.0	-0.053564608	1.0
KIAA0240	8.287878787878787	1.0	0.11279668	1.0
CRY2	5.818181818181818	4.672299051935399e-06	-0.117360935	1.0
DKC1	4.909090909090909	3.9245179205093584e-74	-0.11338902	1.0
SHOC2	4.166666666666667	1.3774237346063119e-170	-0.10043182	1.0
CHD6	4.787878787878788	4.431250677636168e-88	0.31277013	5.1545114225112955e-109
NLK	4.166666666666667	1.3774237346063119e-170	-0.10296652	1.0
FOXC1	4.621212121212121	1.3207905061700894e-108	-0.06437332	1.0
EIF2B4	4.666666666666667	7.336184814303851e-103	-0.10942475	1.0
TOR1AIP2	6.606060606060606	1.0	-0.0447898	1.0
DDX19A	5.4393939393939394	1.6925534327478274e-25	-0.039920416	1.0
PIAS4	3.378787878787879	2.7755109508566707e-288	-0.14410253	1.0
MGAM	4.621212121212121	1.3207905061700894e-108	0.25205913	5.9064533018150724e-33
ICAM1	5.666666666666667	3.978664970448861e-12	-0.12589148	1.0
FAR1	6.5	1.0	-0.0636628	1.0
GNL3	3.9242424242424243	4.600422224434154e-206	-0.09414973	1.0
KIAA1683	5.151515151515151	3.59408870467608e-49	0.069895	1.0
HRG	6.757575757575758	1.0	-0.13486609	1.0
TTC17	4.7272727272727275	2.2662035039882355e-95	0.11451615	1.0
CPN2	11.151515151515152	1.0	-0.07732003	1.0
CCDC88A	4.045454545454546	3.500482389273137e-188	0.2539511	9.583843298161093e-35
TBCE	4.818181818181818	1.6425866582786677e-84	-0.07363104	1.0
KCNG1	15.0	1.0	-0.0351099	1.0
NFIL3	5.9393939393939394	0.006813995721858698	-0.052428283	1.0
MAN2A2	4.333333333333333	4.8731389520965527e-147	0.07574427	1.0
APEX2	4.878787878787879	1.5453967442950229e-77	-0.053081095	1.0
AFF4	4.5606060606060606	2.0701982173404105e-116	0.07819152	1.0
NPR2	8.333333333333334	1.0	0.0315133	1.0
TRAF3IP3	5.545454545454546	1.2242493613827866e-18	-0.07589217	1.0
NTNG2	5.242424242424242	6.099209833098505e-41	-0.05733021	1.0
ERF	3.893939393939394	1.469768442176506e-210	-0.053117435	1.0
TH	3.6515151515151514	6.574533281986768e-247	0.027636833	1.0
CPE	6.984848484848484	1.0	-0.049452573	1.0
FAM160A2	7.303030303030303	1.0	0.03359357	1.0
NUP62	4.53030303030303	2.2306482421952033e-120	-0.19676566	1.0
MYBPC1	5.833333333333333	1.4045368745137865e-05	0.05703858	1.0
CCT8	4.96969696969697	1.6768237566517874e-67	-0.062793836	1.0
XIRP1	4.848484848484849	5.380669780436885e-81	0.26011002	7.185881771418777e-41
PTPRO	4.575757575757576	1.9231756304013163e-114	0.061390422	1.0
GIN1	6.0606060606060606	0.35240497543927884	-0.07582177	1.0
AHNAK	6.969230769230769	1.0	0.4187767	2.344485590494208e-292
SV2B	6.53030303030303	1.0	-0.07861073	1.0
THBS2	7.53030303030303	1.0	0.04204884	1.0
MSANTD2	6.7727272727272725	1.0	-0.039560087	1.0
LARS	5.090909090909091	5.1713704161927095e-55	0.090477146	1.0
NFIB	6.742424242424242	1.0	-0.07348355	1.0
SRCIN1	4.984848484848484	6.973868836232615e-66	0.07234363	1.0
NR6A1	6.136363636363637	0.9665881464844287	-0.05261569	1.0
LAG3	4.606060606060606	1.5330310558122995e-110	-0.03624343	1.0
DYNC1LI1	5.196969696969697	5.681854045967462e-45	-0.08796189	1.0
KPNA6	3.772727272727273	1.1509613505943056e-228	-0.10314817	1.0
FXR1	4.712121212121212	3.1719869210396293e-97	-0.102006115	1.0
SYNRG	6.303030303030303	1.0	0.17787948	1.0
PAK2	3.5757575757575757	2.18169446221551e-258	-0.13731456	1.0
ISYNA1	4.53030303030303	2.2306482421952033e-120	-0.075933464	1.0
ADRA1B	5.666666666666667	3.978664970448861e-12	-0.12698747	1.0
ZNF350	4.045454545454546	3.500482389273137e-188	-0.07268571	1.0
SYK	3.878787878787879	8.171994366410397e-213	-0.1687736	1.0
CCT2	4.242424242424242	8.837767506374353e-160	0.0013678264	1.0
CSF1	5.106060606060606	1.5872832289342982e-53	-0.10157426	1.0
N4BP3	4.2727272727272725	1.6441818492106707e-155	-0.028513158	1.0
CCDC7	5.242424242424242	6.099209833098505e-41	-0.040788457	1.0
DMP1	6.151515151515151	1.0	-0.07870406	1.0
BAIAP3	6.53030303030303	1.0	0.11904399	1.0
ZNF446	7.242424242424242	1.0	-0.06488425	1.0
ZNF382	5.5606060606060606	9.57038049901898e-18	-0.08554151	1.0
AP4M1	15.0	1.0	-0.0473774	1.0
SLC7A5	15.0	1.0	-0.06449034	1.0
ARAP1	5.954545454545454	0.013318735761905466	0.0647794	1.0
STAM2	4.257575757575758	1.225183680326422e-157	-0.14735322	1.0
FBLN5	10.136363636363637	1.0	-0.050454427	1.0
SLC7A7	15.0	1.0	-0.06655942	1.0
SLC7A10	15.0	1.0	-0.07272211	1.0
CYP2C19	15.0	1.0	-0.054312788	1.0
CHRM4	5.863636363636363	0.0001074974518139196	-0.054591343	1.0
HTRA1	5.818181818181818	4.672299051935399e-06	-0.06450918	1.0
SCN4A	5.863636363636363	0.0001074974518139196	0.21686837	3.488995522109371e-08
EHD2	5.090909090909091	5.1713704161927095e-55	-0.117064886	1.0
BAIAP2	4.5606060606060606	2.0701982173404105e-116	-0.094275355	1.0
ULK1	7.621212121212121	1.0	0.0599333	1.0
CCT5	5.075757575757576	1.6271107072498622e-56	-0.13302256	1.0
STXBP4	5.287878787878788	4.435475492969264e-37	-0.09106932	1.0
FBXO33	4.515151515151516	2.2372994385292133e-122	-0.075503595	1.0
PMPCB	5.712121212121212	4.622182304966331e-10	-0.075949185	1.0
SYT9	7.333333333333333	1.0	-0.0025024456	1.0
CYP2C9	15.0	1.0	-0.054312788	1.0
ITGA2	5.96969696969697	0.024729877173714734	0.020318834	1.0
CHRND	15.0	1.0	-0.07079893	1.0
UBXN4	8.0	1.0	-0.06115138	1.0
ACBD3	4.803030303030303	2.7367645399029442e-86	-0.0556385	1.0
WARS	6.606060606060606	1.0	-0.050344598	1.0
MBD1	3.9696969696969697	2.4674890859968454e-199	-0.10379224	1.0
SEC24C	7.454545454545454	1.0	0.10409201	1.0
CARD8	5.121212121212121	4.676730757762688e-52	-0.09625378	1.0
ACVR1	4.136363636363637	5.955732217746212e-175	-0.20523505	1.0
TSC1	3.6769230769230767	4.687781113957823e-243	0.096609585	1.0
STIP1	4.181818181818182	2.0431422463121415e-168	-0.120166205	1.0
GRB14	4.0606060606060606	5.7613808878307085e-186	-0.07575342	1.0
BTBD2	3.8636363636363638	4.569907826037505e-215	-0.16675565	1.0
CDC25B	3.4393939393939394	4.255692881133359e-279	-0.027688177	1.0
KCNF1	15.0	1.0	-0.08365883	1.0
ARHGEF18	5.0606060606060606	4.89685641010256e-58	0.06620199	1.0
PRPF4	5.96969696969697	0.024729877173714734	-0.08470031	1.0
GMEB2	4.075757575757576	9.425084823205431e-184	0.01887095	1.0
PAK3	4.0606060606060606	5.7613808878307085e-186	-0.09107093	1.0
CNDP2	5.712121212121212	4.622182304966331e-10	-0.052959412	1.0
CR2	5.9393939393939394	0.006813995721858698	0.018811839	1.0
SLC22A24	5.242424242424242	6.099209833098505e-41	-0.07007916	1.0
DYNC1LI2	7.0606060606060606	1.0	-0.052745968	1.0
STK35	4.090909090909091	1.5223184067744789e-181	0.018736796	1.0
SIN3B	4.136363636363637	5.955732217746212e-175	0.01734992	1.0
TULP2	5.242424242424242	6.099209833098505e-41	-0.06459342	1.0
CLIP2	5.2727272727272725	2.3924807267209796e-38	0.19591989	0.11719240861176165
CCT4	4.575757575757576	1.9231756304013163e-114	-0.07903744	1.0
IGSF9	5.545454545454546	1.2242493613827866e-18	0.09502051	1.0
KCNA10	7.166666666666667	1.0	-0.06751719	1.0
TIMM44	15.0	1.0	-0.053776644	1.0
WDR16	4.348484848484849	6.158238409806613e-145	-0.089646906	1.0
ITPR3	5.515151515151516	1.7246853142774622e-20	0.25705504	8.942847398205558e-38
NUP210	4.212121212121212	4.33582970150717e-164	0.23392972	4.161077087279452e-18
SNX1	4.742424242424242	1.5808109845269243e-93	-0.09619936	1.0
ALDH7A1	6.348484848484849	1.0	-0.06166665	1.0
LIN9	4.378787878787879	9.114755093831552e-141	-0.05740689	1.0
SNTB1	5.575757575757576	7.098220602553354e-17	-0.15036495	1.0
ANLN	6.757575757575758	1.0	0.07392255	1.0
KCNMA1	6.954545454545454	1.0	0.016776532	1.0
VIPAS39	10.0	1.0	-0.029530415	1.0
MBTPS2	5.7727272727272725	1.240247868738064e-07	-0.07423395	1.0
NARS	5.151515151515151	3.59408870467608e-49	-0.083066024	1.0
SEC31A	9.015151515151516	1.0	0.059100304	1.0
FASN	5.166666666666667	9.397055613032697e-48	0.35033315	6.546392801130681e-170
SBF1	4.909090909090909	3.9245179205093584e-74	0.21609895	7.816066470280475e-08
MAST2	4.848484848484849	5.380669780436885e-81	0.29124978	3.882832929710047e-78
PRKAG3	15.0	1.0	-0.04280399	1.0
RAI1	4.409090909090909	1.2861037409784286e-136	0.20073247	0.013059277815028183
PLXNA1	5.575757575757576	7.098220602553354e-17	0.1718842	1.0
PGD	7.878787878787879	1.0	-0.058271095	1.0
SNTB2	5.575757575757576	7.098220602553354e-17	-0.09712433	1.0
CALCRL	15.0	1.0	-0.06692016	1.0
FH	15.0	1.0	-0.06452815	1.0
SYTL1	4.545454545454546	2.1705639517453993e-118	-0.1126319	1.0
SLC17A7	5.333333333333333	2.1706753254292354e-33	-0.08622581	1.0
PIP5K1A	4.878787878787879	1.5453967442950229e-77	-0.15957463	1.0
NUP133	5.409090909090909	1.1965605630142752e-27	0.08046185	1.0
SNW1	3.772727272727273	1.1509613505943056e-228	-0.08965169	1.0
ATP2B1	4.363636363636363	7.512830586913155e-143	0.15025964	1.0
TESK2	4.287878787878788	2.2087249048920608e-153	-0.10658238	1.0
LGI1	5.287878787878788	4.435475492969264e-37	-0.08346307	1.0
TENM1	4.166666666666667	1.3774237346063119e-170	0.33004266	4.206795175246201e-136
RNF168	5.106060606060606	1.5872832289342982e-53	-0.12057413	1.0
PAN2	5.196969696969697	5.681854045967462e-45	0.036997713	1.0
PRKCA	3.4393939393939394	4.255692881133359e-279	-0.21581933	1.0
MUC13	15.0	1.0	-0.052429944	1.0
CPNE2	5.090909090909091	5.1713704161927095e-55	-0.13419767	1.0
PUF60	4.46969696969697	2.0157488759722106e-128	-0.16841349	1.0
TBC1D3C	6.484848484848484	1.0	-0.088773005	1.0
ICAM3	5.106060606060606	1.5872832289342982e-53	-0.17503546	1.0
GP5	7.090909090909091	1.0	-0.10647395	1.0
RPS6KA5	3.621212121212121	1.6813079197000762e-251	-0.16252978	1.0
KLHL3	5.878787878787879	0.00027450830962018466	-0.1290448	1.0
SIGLEC5	5.757575757575758	3.3260698279418764e-08	-0.080127165	1.0
F10	7.7272727272727275	1.0	-0.14569542	1.0
HSF1	3.409090909090909	1.0655625061781275e-283	-0.12224694	1.0
IK	4.166666666666667	1.3774237346063119e-170	-0.1223195	1.0
GPR135	7.303030303030303	1.0	-0.0694015	1.0
TTF2	4.757575757575758	1.0619875368314136e-91	0.027426824	1.0
THBD	8.196969696969697	1.0	-0.13721612	1.0
PLCB3	4.651515151515151	9.179932486875994e-105	0.018609863	1.0
SESN1	5.9393939393939394	0.006813995721858698	-0.09267841	1.0
MELK	4.257575757575758	1.225183680326422e-157	-0.13660467	1.0
EIF3D	5.545454545454546	1.2242493613827866e-18	-0.13153094	1.0
RAG2	5.4393939393939394	1.6925534327478274e-25	-0.046331923	1.0
CLEC4F	5.151515151515151	3.59408870467608e-49	-0.0606556	1.0
ARIH2	5.090909090909091	5.1713704161927095e-55	-0.105975114	1.0
ZNF675	5.0	2.784639304065503e-64	-0.10585821	1.0
PDIA3	5.818181818181818	4.672299051935399e-06	-0.10772006	1.0
IFIT5	6.2727272727272725	1.0	-0.05550271	1.0
ARID3B	4.393939393939394	1.0948844848673155e-138	-0.03416303	1.0
SMG7	6.348484848484849	1.0	0.13933952	1.0
AMH	4.409090909090909	1.2861037409784286e-136	-0.1128242	1.0
SEC16B	9.015151515151516	1.0	0.070914425	1.0
NPTXR	15.0	1.0	-0.06490858	1.0
TAF2	4.893939393939394	7.917093618468979e-76	-0.026503071	1.0
TROVE2	5.984848484848484	0.04362517966007074	-0.08552368	1.0
BACE1	15.0	1.0	-0.05859817	1.0
AGAP2	4.5606060606060606	2.0701982173404105e-116	0.0858758	1.0
FANCC	4.0606060606060606	5.7613808878307085e-186	-0.1832816	1.0
PGM5	7.090909090909091	1.0	-0.11062869	1.0
NFX1	8.242424242424242	1.0	0.04678113	1.0
NEFL	3.757575757575758	6.114847680928736e-231	-0.11195827	1.0
MBTPS1	6.7727272727272725	1.0	0.042566232	1.0
THAP4	5.53030303030303	1.4921710187680277e-19	-0.10506011	1.0
HIPK3	4.090909090909091	1.5223184067744789e-181	-0.038502082	1.0
DLG5	5.393939393939394	9.413594363001394e-29	0.20299411	0.003621885304038723
ZNF10	4.712121212121212	3.1719869210396293e-97	-0.108565375	1.0
HIPK1	3.8333333333333335	1.3485832323205122e-219	0.013310107	1.0
CFHR5	10.151515151515152	1.0	-0.09587079	1.0
CWF19L1	8.0	1.0	-0.07906249	1.0
PLCB1	4.2727272727272725	1.6441818492106707e-155	0.048918847	1.0
SREBF1	3.621212121212121	1.6813079197000762e-251	0.11257573	1.0
CETP	8.909090909090908	1.0	-0.057473447	1.0
EFS	4.348484848484849	6.158238409806613e-145	-0.0794039	1.0
BMPR1A	5.090909090909091	5.1713704161927095e-55	-0.17325869	1.0
CBS	5.424242424242424	1.4589219929881028e-26	-0.07650323	1.0
OS9	5.621212121212121	2.1281896348445874e-14	-0.095829055	1.0
SLC16A2	4.787878787878788	4.431250677636168e-88	-0.07428054	1.0
CCDC158	5.803030303030303	1.4705485992125324e-06	-0.011425177	1.0
GRK7	5.393939393939394	9.413594363001394e-29	-0.09001654	1.0
IL1RL1	4.96969696969697	1.6768237566517874e-67	-0.13567732	1.0
SEC61A1	10.106060606060606	1.0	-0.052954376	1.0
PLEKHG4	5.348484848484849	3.361814908486116e-32	0.08593713	1.0
TAOK2	4.166666666666667	1.3774237346063119e-170	0.0042219628	1.0
CASP8AP2	4.333333333333333	4.8731389520965527e-147	0.19541802	0.141146573646567
GUCY2C	7.863636363636363	1.0	0.023996098	1.0
PTBP1	4.742424242424242	1.5808109845269243e-93	-0.18348245	1.0
ZNF250	4.984848484848484	6.973868836232615e-66	-0.17394707	1.0
ATP6AP1	7.878787878787879	1.0	-0.057775892	1.0
EGF	4.318181818181818	3.8075011752609048e-149	0.01319284	1.0
SLC37A1	6.984848484848484	1.0	-0.063004166	1.0
SLC16A8	5.621212121212121	2.1281896348445874e-14	-0.07300717	1.0
CDY1	5.136363636363637	1.329601873108839e-50	-0.10998552	1.0
JAG1	5.151515151515151	3.59408870467608e-49	0.017060807	1.0
PPP2R3B	5.015151515151516	1.0736043812980293e-62	-0.10157345	1.0
CHRNA7	4.7727272727272725	6.9489106635318485e-90	0.01387791	1.0
SLC22A3	7.863636363636363	1.0	-0.08757656	1.0
AATF	3.893939393939394	1.469768442176506e-210	-0.13061522	1.0
WAPAL	6.4393939393939394	1.0	0.07221649	1.0
FZD2	5.712121212121212	4.622182304966331e-10	-0.08661312	1.0
CYBB	4.393939393939394	1.0948844848673155e-138	-0.15491903	1.0
TANC1	4.7727272727272725	6.9489106635318485e-90	0.1545804	1.0
PPM1G	5.96969696969697	0.024729877173714734	-0.113746785	1.0
MYO5A	5.378787878787879	7.002849665867642e-30	0.186284	1.0
SLC16A1	6.2272727272727275	1.0	-0.05949575	1.0
TNKS2	7.681818181818182	1.0	0.043443237	1.0
BTBD3	15.0	1.0	0.20401597	0.0019191075694315024
ANAPC1	5.515151515151516	1.7246853142774622e-20	0.19926973	0.027458793952213893
CBX4	4.106060606060606	2.4294474174401478e-179	-0.12054438	1.0
CELF1	8.0	1.0	-0.06188558	1.0
ITSN1	4.378787878787879	9.114755093831552e-141	-0.026522646	1.0
SH2B3	4.53030303030303	2.2306482421952033e-120	0.013139781	1.0
GTPBP3	15.0	1.0	-0.06711443	1.0
EYA1	4.909090909090909	3.9245179205093584e-74	-0.13346396	1.0
PAX7	6.893939393939394	1.0	-0.02437958	1.0
COBRA1	3.8636363636363638	4.569907826037505e-215	-0.034915075	1.0
THUMPD3	7.878787878787879	1.0	-0.060680557	1.0
SH2D3A	4.409090909090909	1.2861037409784286e-136	-0.096017495	1.0
COLQ	15.0	1.0	-0.032519113	1.0
CDC6	4.409090909090909	1.2861037409784286e-136	-0.20207842	1.0
SACS	5.090909090909091	5.1713704161927095e-55	0.33715057	9.882499404472951e-148
ANXA11	8.106060606060606	1.0	-0.058414035	1.0
ADRA1D	6.378787878787879	1.0	-0.10962922	1.0
MMRN1	8.242424242424242	1.0	0.053153314	1.0
SLC1A6	5.787878787878788	4.385663779892977e-07	-0.09802075	1.0
HERC1	5.106060606060606	1.5872832289342982e-53	0.37659883	6.864557130790417e-216
EHD3	7.833333333333333	1.0	-0.0927848	1.0
CTSF	15.0	1.0	-0.05615307	1.0
OTUD5	5.46969696969697	1.979659785672327e-23	-0.107336976	1.0
IGF2BP1	4.196969696969697	2.9882021010514624e-166	-0.06016716	1.0
WHSC2	6.46969696969697	1.0	-0.07926751	1.0
TFE3	3.9696969696969697	2.4674890859968454e-199	-0.12565422	1.0
ZNF205	4.848484848484849	5.380669780436885e-81	0.0013540012	1.0
VPS45	8.257575757575758	1.0	-0.12941481	1.0
PPFIA1	4.515151515151516	2.2372994385292133e-122	0.007955516	1.0
KCNA3	5.545454545454546	1.2242493613827866e-18	-0.102862105	1.0
UPF3A	6.7272727272727275	1.0	0.039068643	1.0
SLC22A5	5.863636363636363	0.0001074974518139196	-0.11307499	1.0
TNIP1	4.575757575757576	1.9231756304013163e-114	-0.09962854	1.0
SENP3	4.121212121212121	3.8192567646814513e-177	-0.07108001	1.0
SLC38A2	7.090909090909091	1.0	-0.06285226	1.0
KLHL35	4.484848484848484	2.1281592221250877e-126	-0.06485338	1.0
FGFRL1	6.984848484848484	1.0	-0.060153835	1.0
RGS14	6.075757575757576	0.4654418176526208	-0.1121208	1.0
SORCS1	15.0	1.0	0.074623846	1.0
CHRNG	15.0	1.0	-0.07079893	1.0
LCT	5.909090909090909	0.0015217723481678817	0.18690538	1.0
TIMELESS	6.0606060606060606	0.35240497543927884	0.0065318355	1.0
PPFIA3	4.666666666666667	7.336184814303851e-103	0.015067263	1.0
SHROOM3	5.2727272727272725	2.3924807267209796e-38	0.18216652	1.0
BAG3	4.196969696969697	2.9882021010514624e-166	-0.119405404	1.0
WASF1	4.151515151515151	9.15888580977784e-173	-0.14479463	1.0
PRKAA2	5.121212121212121	4.676730757762688e-52	-0.073837735	1.0
CDK16	4.015151515151516	1.2499973933095756e-192	0.013349217	1.0
GMEB1	3.727272727272727	1.706218311485279e-235	0.018415632	1.0
ARHGAP29	4.7272727272727275	2.2662035039882355e-95	0.034546867	1.0
CGN	4.333333333333333	4.8731389520965527e-147	0.055086873	1.0
CACNB2	4.53030303030303	2.2306482421952033e-120	-0.119879104	1.0
MLLT3	4.7727272727272725	6.9489106635318485e-90	-0.12316016	1.0
PDP1	7.863636363636363	1.0	-0.09230688	1.0
HABP2	8.06060606060606	1.0	-0.12811618	1.0
FZD7	5.651515151515151	7.347178639562884e-13	-0.084921815	1.0
PLXND1	7.196969696969697	1.0	0.21173099	5.274873755770892e-06
CKAP5	4.590909090909091	1.7383763998462225e-112	0.19676551	0.08400236546198096
APBA3	4.651515151515151	9.179932486875994e-105	-0.07944048	1.0
ZNF8	3.878787878787879	8.171994366410397e-213	0.037386272	1.0
PIAS2	3.8181818181818183	7.38036129473198e-222	-0.12117639	1.0
RIC8A	6.045454545454546	0.254656797901843	-0.10092545	1.0
EBF1	4.242424242424242	8.837767506374353e-160	-0.13206676	1.0
NOL8	15.0	1.0	0.0047176997	1.0
PLCG2	4.318181818181818	3.8075011752609048e-149	-0.07168873	1.0
XRCC6	3.5	7.221070472427171e-270	-0.20565149	1.0
SF1	4.621212121212121	1.3207905061700894e-108	-0.13275641	1.0
TRIP4	3.712121212121212	8.857636845961859e-238	0.025911832	1.0
MNT	4.4393939393939394	1.673299379658336e-132	-0.1356304	1.0
CAMTA2	5.015151515151516	1.0736043812980293e-62	0.058505237	1.0
IKZF4	4.484848484848484	2.1281592221250877e-126	-0.16291673	1.0
GLUD2	8.0	1.0	-0.087544024	1.0
LTBP4	5.242424242424242	6.099209833098505e-41	0.1835922	1.0
SMC1A	4.121212121212121	3.8192567646814513e-177	0.0013497404	1.0
PTPN3	5.196969696969697	5.681854045967462e-45	-0.08430101	1.0
TTLL5	4.636363636363637	1.1170269528111936e-106	0.04836814	1.0
RAPH1	5.7727272727272725	1.240247868738064e-07	0.05565271	1.0
LTBP3	6.7727272727272725	1.0	0.008839051	1.0
GLUD1	15.0	1.0	-0.09112905	1.0
CAMKV	7.393939393939394	1.0	-0.06064382	1.0
KRT10	3.696969696969697	4.6359708472492094e-240	-0.004604926	1.0
TCF7L1	4.196969696969697	2.9882021010514624e-166	-0.06680833	1.0
CAMSAP3	8.287878787878787	1.0	0.024182813	1.0
TRPM6	5.287878787878788	4.435475492969264e-37	0.17503771	1.0
SGOL2	4.454545454545454	1.8518644066753443e-130	0.027151119	1.0
DSCAM	4.333333333333333	4.8731389520965527e-147	0.201182	0.010265878898790012
PARP2	4.636363636363637	1.1170269528111936e-106	-0.16387576	1.0
PLEKHA4	4.454545454545454	1.8518644066753443e-130	-0.056270044	1.0
CACHD1	7.287878787878788	1.0	0.04674117	1.0
BRAP	5.257575757575758	1.2355595419735018e-39	-0.1263697	1.0
VARS	4.924242424242424	1.874969259881809e-72	0.037839606	1.0
HMGXB4	4.393939393939394	1.0948844848673155e-138	-0.094440885	1.0
SFI1	5.409090909090909	1.1965605630142752e-27	0.022781793	1.0
IPO5	5.242424242424242	6.099209833098505e-41	-0.078790754	1.0
CPNE4	4.787878787878788	4.431250677636168e-88	-0.14787818	1.0
DSP	4.484848484848484	2.1281592221250877e-126	0.1838871	1.0
ENOX2	5.318181818181818	1.3394031029632731e-34	-0.11085908	1.0
FLNC	5.2727272727272725	2.3924807267209796e-38	0.31734726	5.136470475081325e-116
SLC22A1	6.015151515151516	0.11603843419891441	-0.096741505	1.0
STARD9	6.984848484848484	1.0	0.3502626	8.63268762642967e-170
NT5C2	5.46969696969697	1.979659785672327e-23	-0.13830832	1.0
ARSA	15.0	1.0	-0.063510865	1.0
CDON	4.181818181818182	2.0431422463121415e-168	0.025440719	1.0
HDLBP	5.712121212121212	4.622182304966331e-10	0.010549361	1.0
PLXNA2	15.0	1.0	0.11132935	1.0
GATA6	4.2727272727272725	1.6441818492106707e-155	-0.11025038	1.0
SLC1A2	5.651515151515151	7.347178639562884e-13	-0.09742791	1.0
NID1	6.242424242424242	1.0	-0.09495186	1.0
PRCP	9.378787878787879	1.0	-0.0675952	1.0
HNRNPL	4.712121212121212	3.1719869210396293e-97	-0.17122774	1.0
SWAP70	4.7727272727272725	6.9489106635318485e-90	-0.10157722	1.0
DIAPH1	5.606060606060606	3.3531991138491256e-15	0.02265053	1.0
DYRK1B	3.9545454545454546	1.4292587375731596e-201	-0.14461306	1.0
IL28RA	15.0	1.0	-0.065784894	1.0
ARID4B	4.636363636363637	1.1170269528111936e-106	0.011243613	1.0
AKAP12	4.409090909090909	1.2861037409784286e-136	0.1677712	1.0
PC	15.0	1.0	0.01863173	1.0
STK39	15.0	1.0	-0.1143567	1.0
CRY1	5.333333333333333	2.1706753254292354e-33	-0.15019616	1.0
GPC1	7.106060606060606	1.0	-0.028258111	1.0
BEGAIN	5.287878787878788	4.435475492969264e-37	-0.19394918	1.0
SIK3	4.378787878787879	9.114755093831552e-141	0.06986557	1.0
NPHS1	4.287878787878788	2.2087249048920608e-153	0.055757698	1.0
IFIT3	15.0	1.0	-0.06999006	1.0
CTNNBL1	5.787878787878788	4.385663779892977e-07	-0.10247927	1.0
PDZK1	6.848484848484849	1.0	-0.16081426	1.0
TNFRSF8	4.878787878787879	1.5453967442950229e-77	-0.15388577	1.0
EGR4	4.7727272727272725	6.9489106635318485e-90	-0.08117632	1.0
SLK	4.348484848484849	6.158238409806613e-145	0.09390428	1.0
DCAF10	7.393939393939394	1.0	-0.08708852	1.0
KIF22	5.075757575757576	1.6271107072498622e-56	-0.13398299	1.0
ANKRD13A	5.454545454545454	1.875469319795333e-24	-0.101008974	1.0
LZTS1	4.181818181818182	2.0431422463121415e-168	-0.0933778	1.0
PXN	3.5303030303030303	2.824771523696977e-265	-0.17723435	1.0
API5	6.984848484848484	1.0	-0.060153835	1.0
HEXB	15.0	1.0	-0.089752585	1.0
KLHL12	6.4393939393939394	1.0	-0.11316383	1.0
GLCCI1	5.787878787878788	4.385663779892977e-07	-0.08642081	1.0
CFI	8.151515151515152	1.0	-0.12499129	1.0
RLF	4.651515151515151	9.179932486875994e-105	0.13528791	1.0
LGALS3BP	6.090909090909091	0.5901931783435886	-0.12695076	1.0
DNAJC1	15.0	1.0	-0.07300968	1.0
C1orf116	5.7727272727272725	1.240247868738064e-07	-0.09953057	1.0
LMNA	4.136363636363637	5.955732217746212e-175	-0.2116758	1.0
EYA3	4.7727272727272725	6.9489106635318485e-90	-0.13888466	1.0
DICER1	7.0	1.0	0.10033974	1.0
FKBP10	9.136363636363637	1.0	-0.10250707	1.0
LPA	7.287878787878788	1.0	0.12088414	1.0
VPS33A	8.0	1.0	-0.1367832	1.0
SENP2	4.090909090909091	1.5223184067744789e-181	-0.095961735	1.0
KLC1	4.666666666666667	7.336184814303851e-103	-0.1341778	1.0
GPI	6.621212121212121	1.0	-0.09241167	1.0
REV1	5.121212121212121	4.676730757762688e-52	5.249273e-06	1.0
TAF1B	3.909090909090909	2.64348710704926e-208	-0.14619936	1.0
GLMN	5.075757575757576	1.6271107072498622e-56	-0.12036315	1.0
SPTLC2	7.196969696969697	1.0	-0.09155871	1.0
FRMD5	6.46969696969697	1.0	-0.09264934	1.0
RUFY1	4.848484848484849	5.380669780436885e-81	-0.13447879	1.0
NDOR1	5.651515151515151	7.347178639562884e-13	-0.11305197	1.0
INPPL1	4.090909090909091	1.5223184067744789e-181	0.05570084	1.0
ZNF354A	5.090909090909091	5.1713704161927095e-55	-0.12884414	1.0
MAP4K4	4.833333333333333	9.548106231121443e-83	0.07077643	1.0
ASB2	4.7272727272727275	2.2662035039882355e-95	-0.108384416	1.0
DIS3L2	4.454545454545454	1.8518644066753443e-130	-0.100819364	1.0
PKLR	6.212121212121212	1.0	-0.09076739	1.0
DCP1A	8.606060606060606	1.0	-0.12810135	1.0
ARSE	4.909090909090909	3.9245179205093584e-74	-0.115680955	1.0
EZR	4.136363636363637	5.955732217746212e-175	-0.21980572	1.0
MTMR9	15.0	1.0	-0.10306377	1.0
NTN1	4.924242424242424	1.874969259881809e-72	-0.13410595	1.0
DMBT1	9.651515151515152	1.0	0.12104664	1.0
ECD	4.2727272727272725	1.6441818492106707e-155	-0.07163385	1.0
NRP2	6.242424242424242	1.0	-0.14896685	1.0
P4HB	7.712121212121212	1.0	-0.09567801	1.0
CHD9	3.893939393939394	1.469768442176506e-210	0.2917607	7.93567465024196e-79
SOCS7	4.212121212121212	4.33582970150717e-164	-0.056357387	1.0
DTX2	5.151515151515151	3.59408870467608e-49	-0.14763662	1.0
NEDD4	4.166666666666667	1.3774237346063119e-170	-0.12798186	1.0
CSTF2	4.333333333333333	4.8731389520965527e-147	-0.18571763	1.0
MMP16	6.409090909090909	1.0	-0.13166155	1.0
PPP2R5D	4.409090909090909	1.2861037409784286e-136	-0.16153146	1.0
ARID5A	5.151515151515151	3.59408870467608e-49	-0.08028273	1.0
IGFALS	6.545454545454546	1.0	-0.14088036	1.0
TOMM70A	4.181818181818182	2.0431422463121415e-168	-0.08394547	1.0
PTCH2	15.0	1.0	-0.01344701	1.0
NEK1	4.621212121212121	1.3207905061700894e-108	0.031561762	1.0
EIF4B	4.242424242424242	8.837767506374353e-160	-0.15081853	1.0
PRKCI	3.6818181818181817	2.3853005820836463e-242	-0.17388597	1.0
PPM1D	3.9393939393939394	8.13036209830832e-204	-0.14131932	1.0
COIL	4.348484848484849	6.158238409806613e-145	-0.22016223	1.0
LMNB2	4.363636363636363	7.512830586913155e-143	-0.11668255	1.0
MCOLN1	5.454545454545454	1.875469319795333e-24	-0.10087187	1.0
TBCD	5.515151515151516	1.7246853142774622e-20	-0.014706239	1.0
ARAF	4.106060606060606	2.4294474174401478e-179	-0.17449836	1.0
GALNT12	15.0	1.0	-0.09861957	1.0
KLHL20	4.787878787878788	4.431250677636168e-88	-0.11245687	1.0
MYO6	4.5606060606060606	2.0701982173404105e-116	0.023770235	1.0
ZNF559	5.4393939393939394	1.6925534327478274e-25	-0.0895175	1.0
TTN	5.409090909090909	1.1965605630142752e-27	-0.12841892	1.0
ARNTL2	5.651515151515151	7.347178639562884e-13	-0.09736695	1.0
PPP1R18	4.515151515151516	2.2372994385292133e-122	-0.10119135	1.0
RFX5	4.606060606060606	1.5330310558122995e-110	-0.14431283	1.0
FAM21C	5.151515151515151	3.59408870467608e-49	0.048929565	1.0
GALNT14	15.0	1.0	-0.08681095	1.0
PRKAA1	15.0	1.0	-0.10023559	1.0
ASH1L	4.878787878787879	1.5453967442950229e-77	0.25544545	3.442927500468932e-36
MAG	6.53030303030303	1.0	-0.12592408	1.0
NTN3	6.333333333333333	1.0	-0.07184799	1.0
COL20A1	5.924242424242424	0.0033040705224971884	0.027850844	1.0
UBASH3A	4.484848484848484	2.1281592221250877e-126	-0.10040994	1.0
NCAN	5.393939393939394	9.413594363001394e-29	-0.0048080967	1.0
RAB11FIP1	6.409090909090909	1.0	0.002936392	1.0
NFRKB	4.46969696969697	2.0157488759722106e-128	0.05088745	1.0
SACM1L	6.348484848484849	1.0	-0.12979408	1.0
REXO1	5.681818181818182	2.0488697101334917e-11	0.03308326	1.0
USP47	6.454545454545454	1.0	0.0010131256	1.0
MAGI1	4.287878787878788	2.2087249048920608e-153	-0.0050643147	1.0
BCR	3.712121212121212	8.857636845961859e-238	0.02156287	1.0
MLL	4.681818181818182	5.689414961865554e-101	0.22896661	8.431516975434094e-15
GNE	4.424242424242424	1.483232711503633e-134	-0.13587068	1.0
SLC6A3	4.348484848484849	6.158238409806613e-145	-0.13338359	1.0
MINK1	4.136363636363637	5.955732217746212e-175	0.013739173	1.0
NUMBL	4.2272727272727275	6.257190620228874e-162	-0.09841045	1.0
PTPN9	8.621212121212121	1.0	-0.10694415	1.0
SEC24B	7.454545454545454	1.0	0.024152245	1.0
KRT9	4.454545454545454	1.8518644066753443e-130	-0.09312289	1.0
NR1D1	4.651515151515151	9.179932486875994e-105	-0.115637206	1.0
TRIOBP	4.696969696969697	4.296316092130633e-99	0.3193334	4.2826397947186487e-119
MYBPC3	5.636363636363637	1.2851410704542627e-13	0.04346779	1.0
KIAA1217	4.681818181818182	5.689414961865554e-101	-0.01847396	1.0
RYK	10.712121212121213	1.0	-0.1271041	1.0
MLPH	5.954545454545454	0.013318735761905466	-0.12792175	1.0
EPN3	5.106060606060606	1.5872832289342982e-53	-0.12564565	1.0
DCP1B	6.909090909090909	1.0	-0.15476774	1.0
RAF1	3.378787878787879	2.7755109508566707e-288	-0.20157008	1.0
SOS2	4.136363636363637	5.955732217746212e-175	-0.02442158	1.0
DOCK8	4.348484848484849	6.158238409806613e-145	0.007301321	1.0
CRTC3	4.363636363636363	7.512830586913155e-143	-0.06128592	1.0
TESK1	4.287878787878788	2.2087249048920608e-153	-0.14193827	1.0
RPA1	4.575757575757576	1.9231756304013163e-114	-0.22884789	1.0
ZNF440	5.378787878787879	7.002849665867642e-30	-0.113089085	1.0
IVL	11.030303030303031	1.0	-0.10722014	1.0
MEN1	3.8636363636363638	4.569907826037505e-215	-0.1293043	1.0
ABCB4	6.53030303030303	1.0	0.013604379	1.0
ANKRD13D	5.409090909090909	1.1965605630142752e-27	-0.08330644	1.0
KCNA5	4.2272727272727275	6.257190620228874e-162	-0.09484635	1.0
LAMA5	6.181818181818182	1.0	0.34090555	5.661107393508688e-154
ALG9	5.136363636363637	1.329601873108839e-50	-0.11554233	1.0
SLC6A2	5.2727272727272725	2.3924807267209796e-38	-0.13352548	1.0
PGM1	5.893939393939394	0.0006641214396199383	-0.115923025	1.0
IFFO1	6.9393939393939394	1.0	-0.10267656	1.0
ZNF335	4.621212121212121	1.3207905061700894e-108	0.029533828	1.0
COL7A1	6.545454545454546	1.0	0.17992659	1.0
CARM1	4.0	7.386654389169344e-195	-0.060878407	1.0
ARMCX2	4.696969696969697	4.296316092130633e-99	-0.09668283	1.0
GPR125	5.893939393939394	0.0006641214396199383	0.04357707	1.0
CCDC116	5.181818181818182	2.3605024707753786e-46	-0.06325835	1.0
LCP1	5.257575757575758	1.2355595419735018e-39	-0.15225248	1.0
GSPT2	5.712121212121212	4.622182304966331e-10	-0.14458379	1.0
MYBBP1A	3.9696969696969697	2.4674890859968454e-199	0.026916968	1.0
DEF6	4.515151515151516	2.2372994385292133e-122	-0.053647477	1.0
STXBP1	5.515151515151516	1.7246853142774622e-20	-0.12632039	1.0
ETS2	3.8333333333333335	1.3485832323205122e-219	-0.1276558	1.0
FOXP1	15.0	1.0	-0.11099489	1.0
GBP3	5.833333333333333	1.4045368745137865e-05	-0.085709274	1.0
KBTBD10	5.606060606060606	3.3531991138491256e-15	-0.1051395	1.0
DPYSL5	5.924242424242424	0.0033040705224971884	-0.107063174	1.0
REL	3.909090909090909	2.64348710704926e-208	-0.13837786	1.0
LILRB2	6.818181818181818	1.0	-0.15702762	1.0
CCDC22	5.7727272727272725	1.240247868738064e-07	-0.12414539	1.0
SLC6A9	4.4393939393939394	1.673299379658336e-132	-0.12661321	1.0
HSPA1A	3.515151515151515	1.493266887443125e-267	-0.21779835	1.0
FBXO21	7.166666666666667	1.0	-0.12609318	1.0
LBR	5.4393939393939394	1.6925534327478274e-25	-0.14763008	1.0
CANX	6.378787878787879	1.0	-0.12171978	1.0
TRIP12	15.0	1.0	0.16073129	1.0
IL1RL2	6.303030303030303	1.0	-0.09617872	1.0
SORCS3	9.575757575757576	1.0	0.00674288	1.0
DCAF8	15.0	1.0	-0.09208217	1.0
KLHL8	4.833333333333333	9.548106231121443e-83	-0.106244326	1.0
GSPT1	4.833333333333333	9.548106231121443e-83	-0.15638946	1.0
TAF6L	5.257575757575758	1.2355595419735018e-39	-0.13072424	1.0
RAD21	5.712121212121212	4.622182304966331e-10	-0.14833193	1.0
RNGTT	5.681818181818182	2.0488697101334917e-11	-0.110009715	1.0
TBC1D4	5.287878787878788	4.435475492969264e-37	-0.036638945	1.0
YLPM1	5.424242424242424	1.4589219929881028e-26	0.14426723	1.0
ICK	4.545454545454546	2.1705639517453993e-118	-0.091151	1.0
UBQLN2	5.136363636363637	1.329601873108839e-50	-0.16945854	1.0
IVNS1ABP	4.287878787878788	2.2087249048920608e-153	-0.12311646	1.0
MAN1C1	4.757575757575758	1.0619875368314136e-91	-0.10252993	1.0
GDPD2	6.090909090909091	0.5901931783435886	-0.12843503	1.0
DDX5	3.712121212121212	8.857636845961859e-238	-0.06994207	1.0
IRS2	4.287878787878788	2.2087249048920608e-153	-0.0759196	1.0
ZNF74	5.045454545454546	1.4229306440703084e-59	-0.14173353	1.0
NXF2	4.909090909090909	3.9245179205093584e-74	-0.16293769	1.0
ZDHHC17	6.378787878787879	1.0	-0.13781862	1.0
GGA2	5.484848484848484	1.988067711542528e-22	-0.19517455	1.0
ITK	4.333333333333333	4.8731389520965527e-147	-0.07236283	1.0
SHC4	4.7272727272727275	2.2662035039882355e-95	-0.06921781	1.0
PLS3	7.106060606060606	1.0	-0.11028086	1.0
GTPBP4	4.363636363636363	7.512830586913155e-143	-0.06908513	1.0
TOX4	5.151515151515151	3.59408870467608e-49	-0.09292503	1.0
IRAK2	4.878787878787879	1.5453967442950229e-77	-0.20895274	1.0
MCMBP	4.848484848484849	5.380669780436885e-81	-0.12360213	1.0
CHAT	4.121212121212121	3.8192567646814513e-177	-0.07664304	1.0
CNTNAP3	6.196969696969697	1.0	0.055324953	1.0
MAPK8IP3	3.893939393939394	1.469768442176506e-210	-0.059451763	1.0
PABPC4	4.787878787878788	4.431250677636168e-88	-0.14427345	1.0
NPR3	6.333333333333333	1.0	-0.09639189	1.0
SNRNP200	5.606060606060606	3.3531991138491256e-15	0.117102355	1.0
HNF1A	3.696969696969697	4.6359708472492094e-240	-0.1177771	1.0
LMO7	4.363636363636363	7.512830586913155e-143	-0.005188802	1.0
FLRT3	5.242424242424242	6.099209833098505e-41	-0.12397992	1.0
RECQL	4.666666666666667	7.336184814303851e-103	-0.15668073	1.0
IL10RA	15.0	1.0	-0.08557859	1.0
DROSHA	4.424242424242424	1.483232711503633e-134	0.020828959	1.0
P2RX7	15.0	1.0	-0.0960735	1.0
MED13L	7.4393939393939394	1.0	0.11491429	1.0
ATL2	15.0	1.0	-0.09030046	1.0
FZD9	9.712121212121213	1.0	-0.12140325	1.0
NTN4	5.46969696969697	1.979659785672327e-23	-0.09984029	1.0
FBXL4	5.863636363636363	0.0001074974518139196	-0.110860005	1.0
ABHD16A	6.742424242424242	1.0	-0.1066182	1.0
CTPS2	7.393939393939394	1.0	-0.10495501	1.0
MPL	4.621212121212121	1.3207905061700894e-108	-0.12791008	1.0
KCNQ4	5.803030303030303	1.4705485992125324e-06	-0.123317644	1.0
KLC2	4.181818181818182	2.0431422463121415e-168	-0.102428764	1.0
HSPA1B	3.9696969696969697	2.4674890859968454e-199	-0.16487509	1.0
TNFRSF21	5.545454545454546	1.2242493613827866e-18	-0.12780564	1.0
PHF21A	4.393939393939394	1.0948844848673155e-138	-0.111897245	1.0
EDEM2	6.803030303030303	1.0	-0.09396267	1.0
CLK3	4.348484848484849	6.158238409806613e-145	-0.12352104	1.0
C6orf165	5.409090909090909	1.1965605630142752e-27	-0.13432121	1.0
ENG	6.5606060606060606	1.0	-0.20508137	1.0
C19orf57	5.257575757575758	1.2355595419735018e-39	-0.1700414	1.0
PICALM	4.212121212121212	4.33582970150717e-164	-0.16620071	1.0
MYO9B	6.757575757575758	1.0	0.106506154	1.0
MAN1A2	4.757575757575758	1.0619875368314136e-91	-0.10557061	1.0
FSIP1	15.0	1.0	-0.03446367	1.0
MAP3K3	3.893939393939394	1.469768442176506e-210	-0.1703386	1.0
GPR50	6.2272727272727275	1.0	-0.12685665	1.0
ABCB11	6.53030303030303	1.0	0.0024614667	1.0
PDIA4	7.454545454545454	1.0	-0.12501407	1.0
TCF4	3.803030303030303	4.0245198343713096e-224	-0.19154254	1.0
PCM1	5.5	1.8957199282862748e-21	-0.08189547	1.0
CAPN2	5.196969696969697	5.681854045967462e-45	-0.1579884	1.0
MCAM	4.348484848484849	6.158238409806613e-145	-0.09198126	1.0
RTN4	5.848484848484849	4.0048182067238415e-05	-0.05404841	1.0
ZSWIM2	6.015151515151516	0.11603843419891441	-0.11480746	1.0
PTPRE	4.166666666666667	1.3774237346063119e-170	-0.05727964	1.0
PIAS3	3.5	7.221070472427171e-270	-0.092161775	1.0
PLK3	3.621212121212121	1.6813079197000762e-251	-0.16495404	1.0
MMP24	8.166666666666666	1.0	-0.12902702	1.0
FRMD6	5.287878787878788	4.435475492969264e-37	-0.110330015	1.0
NAIP	4.575757575757576	1.9231756304013163e-114	-0.020624753	1.0
ATG16L1	9.909090909090908	1.0	-0.09906001	1.0
RNPEP	4.893939393939394	7.917093618468979e-76	-0.1301976	1.0
LIMK1	4.181818181818182	2.0431422463121415e-168	-0.2039839	1.0
MTMR6	15.0	1.0	-0.1010824	1.0
KATNB1	4.5	2.201714823989054e-124	-0.13541183	1.0
TLE2	4.454545454545454	1.8518644066753443e-130	-0.08550245	1.0
POLA2	4.757575757575758	1.0619875368314136e-91	-0.20311062	1.0
STRBP	5.287878787878788	4.435475492969264e-37	-0.1461097	1.0
GAD1	4.575757575757576	1.9231756304013163e-114	-0.13323952	1.0
XRCC1	4.5	2.201714823989054e-124	-0.17726016	1.0
PLK1	4.166666666666667	1.3774237346063119e-170	-0.25272778	1.0
CBFA2T3	4.363636363636363	7.512830586913155e-143	-0.14213385	1.0
ADAMTS13	7.424242424242424	1.0	0.0080476245	1.0
NID2	6.7727272727272725	1.0	-0.00606348	1.0
CCDC67	15.0	1.0	-0.09475153	1.0
ANO8	6.696969696969697	1.0	0.0127565265	1.0
C9	7.393939393939394	1.0	-0.090641454	1.0
TNKS	6.681818181818182	1.0	-0.034637105	1.0
ARID1B	4.338461538461538	2.5323246287526745e-146	0.07964054	1.0
CUL4A	4.742424242424242	1.5808109845269243e-93	-0.18161738	1.0
SPTBN1	3.8181818181818183	7.38036129473198e-222	0.17925969	1.0
TMEM57	4.757575757575758	1.0619875368314136e-91	-0.11385553	1.0
MEX3D	4.954545454545454	3.884182853552079e-69	-0.13799095	1.0
ELF4	4.151515151515151	9.15888580977784e-173	-0.17520726	1.0
DUSP16	3.984848484848485	4.290407050829078e-197	-0.12672184	1.0
KCND1	5.696969696969697	9.995055185491281e-11	-0.14442971	1.0
AKAP10	5.757575757575758	3.3260698279418764e-08	-0.15218768	1.0
FSHR	4.2727272727272725	1.6441818492106707e-155	-0.1717298	1.0
FAF1	3.8636363636363638	4.569907826037505e-215	-0.11097684	1.0
DYNC1I2	4.984848484848484	6.973868836232615e-66	-0.14119065	1.0
SPG20	4.424242424242424	1.483232711503633e-134	-0.16267426	1.0
NINL	4.666666666666667	7.336184814303851e-103	-0.1547836	1.0
RALBP1	4.106060606060606	2.4294474174401478e-179	-0.12833452	1.0
FXR2	4.5	2.201714823989054e-124	-0.24865797	1.0
VASN	6.7727272727272725	1.0	-0.1655674	1.0
MMP15	6.409090909090909	1.0	-0.13511945	1.0
HACL1	15.0	1.0	-0.09141967	1.0
GTPBP1	6.409090909090909	1.0	-0.13511945	1.0
C8A	8.393939393939394	1.0	-0.107757986	1.0
RHPN1	5.5606060606060606	9.57038049901898e-18	-0.13032375	1.0
RRN3	4.893939393939394	7.917093618468979e-76	-0.13897127	1.0
CNGA2	5.03030303030303	3.992657506387221e-61	-0.12488356	1.0
EFHC1	5.424242424242424	1.4589219929881028e-26	-0.07499653	1.0
PTPRB	5.106060606060606	1.5872832289342982e-53	0.052854422	1.0
PLCE1	4.787878787878788	4.431250677636168e-88	0.0880568	1.0
XPNPEP1	4.590909090909091	1.7383763998462225e-112	-0.10507682	1.0
TKT	6.212121212121212	1.0	-0.11165173	1.0
ERVW-1	15.0	1.0	-0.08204252	1.0
ODF2L	6.242424242424242	1.0	-0.11996867	1.0
DBF4	5.409090909090909	1.1965605630142752e-27	-0.1665852	1.0
PTPRK	4.030769230769231	2.4660840025820053e-190	-0.048773702	1.0
MPP4	6.681818181818182	1.0	-0.10043569	1.0
PTPRG	5.712121212121212	4.622182304966331e-10	0.004953276	1.0
ZNF609	5.151515151515151	3.59408870467608e-49	0.0049715806	1.0
ADD3	4.4393939393939394	1.673299379658336e-132	-0.09077717	1.0
DIXDC1	4.484848484848484	2.1281592221250877e-126	-0.14923322	1.0
NGLY1	5.651515151515151	7.347178639562884e-13	-0.1255571	1.0
WNK2	5.151515151515151	3.59408870467608e-49	0.11931121	1.0
FEM1A	5.242424242424242	6.099209833098505e-41	-0.12466104	1.0
THOC5	4.393939393939394	1.0948844848673155e-138	-0.12407787	1.0
RAP1GAP	4.2727272727272725	1.6441818492106707e-155	-0.1729204	1.0
VPS33B	9.0	1.0	-0.09805221	1.0
TRAK1	4.5606060606060606	2.0701982173404105e-116	-0.16151541	1.0
ADCK3	7.333333333333333	1.0	-0.12606329	1.0
WRN	3.9242424242424243	4.600422224434154e-206	-0.07866882	1.0
THOP1	5.954545454545454	0.013318735761905466	-0.15528452	1.0
LZTS2	4.7272727272727275	2.2662035039882355e-95	-0.16744484	1.0
FOXO3	3.5606060606060606	1.0767191768626267e-260	-0.050697163	1.0
RAD17	4.7272727272727275	2.2662035039882355e-95	-0.19856165	1.0
FBXL5	5.863636363636363	0.0001074974518139196	-0.12852655	1.0
ILF3	4.5	2.201714823989054e-124	-0.19022404	1.0
TXLNB	6.287878787878788	1.0	-0.15429349	1.0
CASKIN1	5.075757575757576	1.6271107072498622e-56	0.003275837	1.0
CRMP1	4.2272727272727275	6.257190620228874e-162	-0.2436468	1.0
PODXL2	7.9393939393939394	1.0	-0.10196183	1.0
ARHGEF4	4.651515151515151	9.179932486875994e-105	-0.13988316	1.0
TBR1	6.196969696969697	1.0	-0.10068698	1.0
ADRBK1	4.03030303030303	2.1087738388507592e-190	-0.22680177	1.0
NCOA2	3.621212121212121	1.6813079197000762e-251	-0.119156	1.0
RAVER2	5.742424242424242	8.455253740774733e-09	-0.12323868	1.0
CEP63	5.515151515151516	1.7246853142774622e-20	-0.16683316	1.0
RGS12	5.2727272727272725	2.3924807267209796e-38	-0.05596119	1.0
NOLC1	3.9393939393939394	8.13036209830832e-204	-0.13334656	1.0
SLCO1A2	5.863636363636363	0.0001074974518139196	-0.15568829	1.0
SRPK1	4.515151515151516	2.2372994385292133e-122	-0.23785804	1.0
RASGRP3	4.242424242424242	8.837767506374353e-160	-0.12661214	1.0
MPP5	5.681818181818182	2.0488697101334917e-11	-0.1527079	1.0
PTH2R	15.0	1.0	-0.08011291	1.0
ZWILCH	15.0	1.0	-0.041712195	1.0
COL9A3	7.409090909090909	1.0	-0.14577855	1.0
LNX2	4.7727272727272725	6.9489106635318485e-90	-0.13214676	1.0
POLA1	4.484848484848484	2.1281592221250877e-126	-0.055231687	1.0
CKAP2	4.363636363636363	7.512830586913155e-143	-0.08865485	1.0
TBC1D17	5.4393939393939394	1.6925534327478274e-25	-0.1345019	1.0
FZD6	12.712121212121213	1.0	-0.14432931	1.0
AKAP8	4.2727272727272725	1.6441818492106707e-155	-0.14411369	1.0
NIN	4.0	7.386654389169344e-195	0.05762608	1.0
NAV1	6.287878787878788	1.0	0.11546457	1.0
NUFIP2	4.333333333333333	4.8731389520965527e-147	-0.1271746	1.0
SYNCRIP	6.333333333333333	1.0	-0.15104277	1.0
NEO1	5.333333333333333	2.1706753254292354e-33	-0.017526869	1.0
COL1A1	5.651515151515151	7.347178639562884e-13	-0.12404422	1.0
EPM2AIP1	15.0	1.0	-0.10135737	1.0
SAMD4B	4.363636363636363	7.512830586913155e-143	-0.09151701	1.0
DYNC1I1	5.0	2.784639304065503e-64	-0.15824534	1.0
KIAA0232	7.393939393939394	1.0	-0.019566586	1.0
ALOX12	5.545454545454546	1.2242493613827866e-18	-0.142876	1.0
CECR2	6.121212121212121	0.8477923380061042	-0.05357479	1.0
NUP153	4.303030303030303	2.9329124127824168e-151	-0.11340753	1.0
AMFR	5.621212121212121	2.1281896348445874e-14	-0.15384276	1.0
KY	6.2727272727272725	1.0	-0.09181904	1.0
TRIM32	5.878787878787879	0.00027450830962018466	-0.13043877	1.0
UBQLN4	4.409090909090909	1.2861037409784286e-136	-0.27432176	1.0
TRMT1	6.015151515151516	0.11603843419891441	-0.123486	1.0
NKTR	6.106060606060606	0.7203309180246135	-0.023909155	1.0
NEK8	4.484848484848484	2.1281592221250877e-126	-0.11429629	1.0
CRTC2	4.181818181818182	2.0431422463121415e-168	-0.1421914	1.0
PRDM2	3.9242424242424243	4.600422224434154e-206	0.027618295	1.0
TRIM9	4.5606060606060606	2.0701982173404105e-116	-0.14330284	1.0
EDEM1	7.378787878787879	1.0	-0.10908658	1.0
SH2D3C	3.757575757575758	6.114847680928736e-231	-0.123673774	1.0
DHX58	6.196969696969697	1.0	-0.13676327	1.0
NADSYN1	6.378787878787879	1.0	-0.15057759	1.0
ZNF263	6.393939393939394	1.0	-0.14240898	1.0
ELL	7.090909090909091	1.0	-0.12517452	1.0
EXOC5	4.787878787878788	4.431250677636168e-88	-0.16250084	1.0
SH3BP1	4.181818181818182	2.0431422463121415e-168	-0.0824979	1.0
AHRR	4.696969696969697	4.296316092130633e-99	-0.1298255	1.0
BCL9L	4.196969696969697	2.9882021010514624e-166	-0.006270889	1.0
ZNF518A	5.075757575757576	1.6271107072498622e-56	-0.021113513	1.0
TGM2	4.893939393939394	7.917093618468979e-76	-0.18586043	1.0
RARS	5.545454545454546	1.2242493613827866e-18	-0.14482264	1.0
RAB3GAP2	15.0	1.0	0.015444188	1.0
ACHE	15.0	1.0	-0.10993505	1.0
MTMR7	15.0	1.0	-0.11377214	1.0
TUBGCP4	5.0	2.784639304065503e-64	-0.19312178	1.0
HIC1	4.378787878787879	9.114755093831552e-141	-0.13935703	1.0
GEMIN5	5.424242424242424	1.4589219929881028e-26	-0.11723585	1.0
GMPS	5.090909090909091	5.1713704161927095e-55	-0.13604811	1.0
RAD54L2	3.878787878787879	8.171994366410397e-213	0.015179253	1.0
GGA3	6.363636363636363	1.0	-0.19596025	1.0
PEG10	5.196969696969697	5.681854045967462e-45	-0.1646024	1.0
TPR	3.8181818181818183	7.38036129473198e-222	0.0772582	1.0
ALOX12B	5.136363636363637	1.329601873108839e-50	-0.15064506	1.0
GGCX	8.227272727272727	1.0	-0.19474196	1.0
ANKRD6	4.757575757575758	1.0619875368314136e-91	-0.15123096	1.0
L3MBTL2	5.0606060606060606	4.89685641010256e-58	-0.15680432	1.0
IL1RAPL1	6.136363636363637	0.9665881464844287	-0.14406344	1.0
SLC9A6	6.257575757575758	1.0	-0.14444172	1.0
KIF3A	4.757575757575758	1.0619875368314136e-91	-0.15699744	1.0
MAPK6	4.2727272727272725	1.6441818492106707e-155	-0.15387459	1.0
MRE11A	4.257575757575758	1.225183680326422e-157	-0.18395686	1.0
GNPAT	8.090909090909092	1.0	-0.1359792	1.0
PTPRD	4.515151515151516	2.2372994385292133e-122	-0.07008277	1.0
ZNF334	8.606060606060606	1.0	-0.13329872	1.0
NFATC2	3.772727272727273	1.1509613505943056e-228	-0.17055492	1.0
ZBTB48	5.196969696969697	5.681854045967462e-45	-0.15681127	1.0
UVRAG	8.0	1.0	-0.16270998	1.0
TMEM214	7.0606060606060606	1.0	-0.14357258	1.0
INTS10	4.378787878787879	9.114755093831552e-141	-0.112309724	1.0
BBS2	4.7727272727272725	6.9489106635318485e-90	-0.14926368	1.0
SLC15A1	7.863636363636363	1.0	-0.14435261	1.0
MMP9	6.575757575757576	1.0	-0.22088686	1.0
APBB1	4.287878787878788	2.2087249048920608e-153	-0.18458968	1.0
TRIM46	15.0	1.0	-0.14125653	1.0
SYN1	3.742424242424242	3.2359242627538247e-233	-0.1409755	1.0
MTIF2	5.0606060606060606	4.89685641010256e-58	-0.14248762	1.0
CASC3	5.666666666666667	3.978664970448861e-12	-0.15794848	1.0
RFX2	6.03030303030303	0.17626248537921577	-0.12699774	1.0
BRD3	5.409090909090909	1.1965605630142752e-27	-0.15323825	1.0
HIVEP3	5.045454545454546	1.4229306440703084e-59	0.07117313	1.0
ABCB8	5.121212121212121	4.676730757762688e-52	-0.15759407	1.0
LNX1	4.515151515151516	2.2372994385292133e-122	-0.25589344	1.0
ZNF408	5.333333333333333	2.1706753254292354e-33	-0.19053318	1.0
HUNK	6.409090909090909	1.0	-0.14753596	1.0
HMMR	4.090909090909091	1.5223184067744789e-181	-0.16605262	1.0
CDC42BPG	4.606060606060606	1.5330310558122995e-110	-0.022297151	1.0
LRRC4C	15.0	1.0	-0.13100928	1.0
C2CD2L	5.333333333333333	2.1706753254292354e-33	-0.12161567	1.0
TF	6.545454545454546	1.0	-0.19392648	1.0
EEF2K	4.03030303030303	2.1087738388507592e-190	-0.18157393	1.0
NCAPD2	15.0	1.0	0.05734941	1.0
NGEF	5.833333333333333	1.4045368745137865e-05	-0.1476211	1.0
EFCAB4B	5.151515151515151	3.59408870467608e-49	-0.15275691	1.0
ZFYVE16	5.075757575757576	1.6271107072498622e-56	-0.0600717	1.0
MAD1L1	4.454545454545454	1.8518644066753443e-130	-0.2025096	1.0
EXOC8	5.257575757575758	1.2355595419735018e-39	-0.19086413	1.0
TRPM2	6.515151515151516	1.0	-0.00969667	1.0
DCLRE1C	4.121212121212121	3.8192567646814513e-177	-0.12800564	1.0
MBD5	6.181818181818182	1.0	-0.02941368	1.0
TBK1	4.121212121212121	3.8192567646814513e-177	-0.19707806	1.0
KCNQ1	5.424242424242424	1.4589219929881028e-26	-0.15136851	1.0
TJP1	5.015151515151516	1.0736043812980293e-62	-0.09429214	1.0
ZBTB17	3.742424242424242	3.2359242627538247e-233	-0.15768538	1.0
SRPR	15.0	1.0	-0.021492595	1.0
LRCH4	6.575757575757576	1.0	-0.13181582	1.0
ELMO2	5.287878787878788	4.435475492969264e-37	-0.13553862	1.0
DPP3	4.5606060606060606	2.0701982173404105e-116	-0.17029119	1.0
RFX3	6.03030303030303	0.17626248537921577	-0.12927935	1.0
IL17RD	4.651515151515151	9.179932486875994e-105	-0.14993757	1.0
CCNT1	3.8636363636363638	4.569907826037505e-215	-0.20785041	1.0
PLK2	5.4393939393939394	1.6925534327478274e-25	-0.14192668	1.0
RPS6KA2	3.8181818181818183	7.38036129473198e-222	-0.1426859	1.0
ATP7A	7.666666666666667	1.0	-0.047802076	1.0
COL10A1	6.742424242424242	1.0	-0.1400177	1.0
IFI16	3.712121212121212	8.857636845961859e-238	-0.14310357	1.0
TBX2	5.409090909090909	1.1965605630142752e-27	-0.14713323	1.0
FCRL3	5.242424242424242	6.099209833098505e-41	-0.1288364	1.0
DGKA	4.303030303030303	2.9329124127824168e-151	-0.1575887	1.0
GARS	4.787878787878788	4.431250677636168e-88	-0.17255177	1.0
ZBED1	8.181818181818182	1.0	-0.13779736	1.0
TXNRD1	15.0	1.0	-0.10823614	1.0
MAP1B	4.7272727272727275	2.2662035039882355e-95	0.009301201	1.0
POLR3E	15.0	1.0	-0.13638021	1.0
TAP2	7.712121212121212	1.0	-0.16743624	1.0
DTL	5.7727272727272725	1.240247868738064e-07	-0.15120712	1.0
DMWD	8.257575757575758	1.0	-0.12649532	1.0
EPB41	4.333333333333333	4.8731389520965527e-147	-0.22177257	1.0
ABCA2	5.2727272727272725	2.3924807267209796e-38	0.059698638	1.0
APP	4.545454545454546	2.1705639517453993e-118	-0.241305	1.0
LRRN4	5.4393939393939394	1.6925534327478274e-25	-0.13215423	1.0
F13A1	7.318181818181818	1.0	-0.1995299	1.0
PSD	7.212121212121212	1.0	-0.12327093	1.0
RAVER1	4.96969696969697	1.6768237566517874e-67	-0.1682293	1.0
CTNNAL1	4.651515151515151	9.179932486875994e-105	-0.14533901	1.0
ANKZF1	6.787878787878788	1.0	-0.16160595	1.0
DVL2	4.303030303030303	2.9329124127824168e-151	-0.24470489	1.0
SKI	3.8181818181818183	7.38036129473198e-222	-0.11982238	1.0
MAGED4B	6.181818181818182	1.0	-0.1522209	1.0
EXOC3	5.0606060606060606	4.89685641010256e-58	-0.17538126	1.0
ZNF219	5.924242424242424	0.0033040705224971884	-0.13907681	1.0
SP1	3.4242424242424243	2.2487550267309993e-281	-0.20318654	1.0
CHUK	3.3636363636363638	1.4066853998338107e-290	-0.17314057	1.0
SGSM3	4.575757575757576	1.9231756304013163e-114	-0.15552889	1.0
LHCGR	6.409090909090909	1.0	-0.16837688	1.0
ABCF3	5.5606060606060606	9.57038049901898e-18	-0.15953733	1.0
RPS6KA3	3.4696969696969697	1.8210607086521873e-274	-0.1506719	1.0
DOT1L	6.075757575757576	0.4654418176526208	-0.05848421	1.0
CAPN1	5.075757575757576	1.6271107072498622e-56	-0.17510939	1.0
ITCH	4.4393939393939394	1.673299379658336e-132	-0.20476304	1.0
SLIT1	6.2272727272727275	1.0	-0.026397984	1.0
SIX5	4.424242424242424	1.483232711503633e-134	-0.14323254	1.0
PRKRIR	4.53030303030303	2.2306482421952033e-120	-0.1854331	1.0
MYCBP2	3.8181818181818183	7.38036129473198e-222	0.2040675	0.0018575957148261738
COMP	7.075757575757576	1.0	-0.18619445	1.0
ARHGAP24	4.833333333333333	9.548106231121443e-83	-0.15128382	1.0
MFN1	5.621212121212121	2.1281896348445874e-14	-0.15059757	1.0
HIVEP2	7.545454545454546	1.0	0.06880144	1.0
RB1CC1	4.712121212121212	3.1719869210396293e-97	-0.030321429	1.0
NSD1	3.8333333333333335	1.3485832323205122e-219	0.12884226	1.0
RASGRP1	4.863636363636363	2.926718135188438e-79	-0.1671781	1.0
SYNM	7.2272727272727275	1.0	-0.061927825	1.0
FAP	7.015151515151516	1.0	-0.1761388	1.0
NVL	5.181818181818182	2.3605024707753786e-46	-0.16309285	1.0
PKP1	5.484848484848484	1.988067711542528e-22	-0.16217233	1.0
FZD8	11.712121212121213	1.0	-0.13879907	1.0
DVL3	4.424242424242424	1.483232711503633e-134	-0.20880951	1.0
TOP2B	3.6363636363636362	3.245605426130343e-249	-0.07466031	1.0
SUSD1	5.075757575757576	1.6271107072498622e-56	-0.14315437	1.0
DTX3L	5.136363636363637	1.329601873108839e-50	-0.17769958	1.0
SEMA3B	7.106060606060606	1.0	-0.17288223	1.0
RABL6	5.075757575757576	1.6271107072498622e-56	-0.14875291	1.0
DZANK1	6.196969696969697	1.0	-0.139114	1.0
MFN2	8.378787878787879	1.0	-0.1638243	1.0
NLN	7.96969696969697	1.0	-0.14134613	1.0
SNRK	4.196969696969697	2.9882021010514624e-166	-0.14218181	1.0
HTATSF1	5.0	2.784639304065503e-64	-0.19943272	1.0
EVPL	10.030303030303031	1.0	-0.01194956	1.0
BAI1	5.53030303030303	1.4921710187680277e-19	-0.053765953	1.0
MIB2	5.454545454545454	1.875469319795333e-24	-0.15489759	1.0
FAM48A	4.121212121212121	3.8192567646814513e-177	-0.10946323	1.0
MYO9A	4.666666666666667	7.336184814303851e-103	0.030426748	1.0
PPIG	4.348484848484849	6.158238409806613e-145	-0.15603042	1.0
TCEB3B	4.984848484848484	6.973868836232615e-66	-0.21039058	1.0
TLE4	4.575757575757576	1.9231756304013163e-114	-0.17641738	1.0
LPHN1	5.03030303030303	3.992657506387221e-61	0.007173055	1.0
PNN	5.015151515151516	1.0736043812980293e-62	-0.17883296	1.0
GPD2	15.0	1.0	-0.14051746	1.0
MOGS	5.757575757575758	3.3260698279418764e-08	-0.14486709	1.0
NSF	6.7272727272727275	1.0	-0.1805575	1.0
NELL1	5.242424242424242	6.099209833098505e-41	-0.14715743	1.0
RPS6KA4	3.757575757575758	6.114847680928736e-231	-0.12457495	1.0
SLC26A6	7.848484848484849	1.0	-0.13698201	1.0
CNOT10	9.424242424242424	1.0	-0.15891139	1.0
ANAPC5	4.454545454545454	1.8518644066753443e-130	-0.13300067	1.0
KHSRP	8.227272727272727	1.0	-0.15500183	1.0
FLNA	4.015151515151516	1.2499973933095756e-192	-0.10182618	1.0
CHPF	6.257575757575758	1.0	-0.16545	1.0
CHD8	4.196969696969697	2.9882021010514624e-166	0.031832777	1.0
RB1	3.393939393939394	5.532868029307353e-286	-0.2265366	1.0
STIM2	5.424242424242424	1.4589219929881028e-26	-0.14890051	1.0
PLCD1	4.984848484848484	6.973868836232615e-66	-0.19364782	1.0
PDZD4	6.196969696969697	1.0	-0.14219464	1.0
EIF4G1	4.803030303030303	2.7367645399029442e-86	-0.13160133	1.0
RANBP9	4.0	7.386654389169344e-195	-0.19861233	1.0
USP9Y	4.545454545454546	2.1705639517453993e-118	0.048802957	1.0
HECTD1	4.363636363636363	7.512830586913155e-143	0.030484246	1.0
FGD4	4.848484848484849	5.380669780436885e-81	-0.13419273	1.0
CUL5	3.9393939393939394	8.13036209830832e-204	-0.21221086	1.0
BRSK1	4.2727272727272725	1.6441818492106707e-155	-0.16052768	1.0
ABCC8	15.0	1.0	-0.06233633	1.0
DNM1L	9.030303030303031	1.0	-0.14205337	1.0
IKBKB	3.5606060606060606	1.0767191768626267e-260	-0.18370876	1.0
SLC26A3	6.090909090909091	0.5901931783435886	-0.14388523	1.0
SATB1	4.106060606060606	2.4294474174401478e-179	-0.14581765	1.0
LRRFIP2	5.696969696969697	9.995055185491281e-11	-0.06241823	1.0
TTC28	15.0	1.0	0.06606997	1.0
LRP3	6.484848484848484	1.0	-0.16807781	1.0
SHROOM2	4.363636363636363	7.512830586913155e-143	-0.020362923	1.0
PTPN22	4.257575757575758	1.225183680326422e-157	-0.09460965	1.0
PCSK4	7.53030303030303	1.0	-0.15345612	1.0
FLNB	5.0	2.784639304065503e-64	0.018978648	1.0
CDK11A	4.303030303030303	2.9329124127824168e-151	-0.19460133	1.0
RRP1B	7.0606060606060606	1.0	-0.1600358	1.0
USP1	4.46969696969697	2.0157488759722106e-128	-0.15643899	1.0
DDX21	4.363636363636363	7.512830586913155e-143	-0.13373291	1.0
KIFAP3	4.575757575757576	1.9231756304013163e-114	-0.2198309	1.0
RFX4	7.03030303030303	1.0	-0.118184134	1.0
COG2	15.0	1.0	-0.14048341	1.0
SIK1	4.378787878787879	9.114755093831552e-141	-0.1599648	1.0
PHEX	7.53030303030303	1.0	-0.15457892	1.0
ABCD1	10.166666666666666	1.0	-0.17470463	1.0
NEB	5.545454545454546	1.2242493613827866e-18	-0.18109742	1.0
SV2A	7.181818181818182	1.0	-0.12675561	1.0
E4F1	3.9242424242424243	4.600422224434154e-206	-0.16586523	1.0
MID2	6.5	1.0	-0.15894997	1.0
ZNF41	4.015151515151516	1.2499973933095756e-192	-0.1262815	1.0
CEL	11.045454545454545	1.0	-0.15477812	1.0
ZNF585B	7.045454545454546	1.0	-0.1390089	1.0
C2orf44	8.090909090909092	1.0	-0.14244023	1.0
DLG1	4.893939393939394	7.917093618468979e-76	-0.23154645	1.0
TSHR	5.409090909090909	1.1965605630142752e-27	-0.21460254	1.0
BAI2	4.863636363636363	2.926718135188438e-79	-0.024766391	1.0
EPG5	5.075757575757576	1.6271107072498622e-56	0.03952705	1.0
ITGB3	4.545454545454546	2.1705639517453993e-118	-0.21064049	1.0
TEP1	3.590909090909091	4.490108049188853e-256	0.018640319	1.0
ACO2	5.090909090909091	5.1713704161927095e-55	-0.15395078	1.0
PCSK7	5.484848484848484	1.988067711542528e-22	-0.17557754	1.0
LRSAM1	7.242424242424242	1.0	-0.14684919	1.0
AMOTL2	5.196969696969697	5.681854045967462e-45	-0.2094275	1.0
TFRC	8.424242424242424	1.0	-0.15776037	1.0
ZP2	15.0	1.0	-0.15227267	1.0
SEMA4A	6.409090909090909	1.0	-0.14479701	1.0
PLCD3	4.803030303030303	2.7367645399029442e-86	-0.14649437	1.0
STAT5A	3.6666666666666665	1.2657727916532822e-244	-0.1676036	1.0
DAZ1	15.0	1.0	-0.17651336	1.0
REPS1	4.590909090909091	1.7383763998462225e-112	-0.16472666	1.0
SCNN1D	6.106060606060606	0.7203309180246135	-0.17739058	1.0
PLAA	4.848484848484849	5.380669780436885e-81	-0.18059295	1.0
COL4A4	7.318181818181818	1.0	-0.121302694	1.0
USP54	4.878787878787879	1.5453967442950229e-77	-0.05880251	1.0
CTTNBP2	5.045454545454546	1.4229306440703084e-59	-0.047222726	1.0
PFKP	5.2727272727272725	2.3924807267209796e-38	-0.1551758	1.0
MAATS1	6.5606060606060606	1.0	-0.16056621	1.0
HNRNPU	3.9696969696969697	2.4674890859968454e-199	-0.16895752	1.0
ANKRD11	4.46969696969697	2.0157488759722106e-128	0.016484637	1.0
SIGLEC1	5.045454545454546	1.4229306440703084e-59	-0.081685595	1.0
ITPR1	4.575757575757576	1.9231756304013163e-114	-0.094184324	1.0
RSBN1	4.590909090909091	1.7383763998462225e-112	-0.13919647	1.0
MAPK7	3.878787878787879	8.171994366410397e-213	-0.20536573	1.0
PIK3AP1	4.606060606060606	1.5330310558122995e-110	-0.1264592	1.0
LTK	4.348484848484849	6.158238409806613e-145	-0.1524467	1.0
SHPRH	5.045454545454546	1.4229306440703084e-59	-0.08900332	1.0
CDH15	4.96969696969697	1.6768237566517874e-67	-0.18661225	1.0
TNFAIP3	3.9393939393939394	8.13036209830832e-204	-0.1606958	1.0
NCBP1	5.575757575757576	7.098220602553354e-17	-0.20702952	1.0
PCDHA4	4.621212121212121	1.3207905061700894e-108	-0.17185245	1.0
PTPN23	7.0	1.0	-0.05719917	1.0
COL4A1	7.0606060606060606	1.0	-0.15128796	1.0
MARK3	5.606060606060606	3.3531991138491256e-15	-0.17572622	1.0
KIRREL3	6.181818181818182	1.0	-0.15062049	1.0
CHD1	4.2727272727272725	1.6441818492106707e-155	-0.092238754	1.0
HID1	4.833333333333333	9.548106231121443e-83	-0.16019613	1.0
ENGASE	15.0	1.0	-0.13617541	1.0
PDE5A	4.303030303030303	2.9329124127824168e-151	-0.16164055	1.0
STRN4	5.7727272727272725	1.240247868738064e-07	-0.17561252	1.0
EVI5L	6.53030303030303	1.0	-0.1554792	1.0
CDH9	15.0	1.0	-0.18774174	1.0
ADAM15	4.106060606060606	2.4294474174401478e-179	-0.19009016	1.0
AFAP1	4.03030303030303	2.1087738388507592e-190	-0.108815245	1.0
PKP3	5.196969696969697	5.681854045967462e-45	-0.17972371	1.0
KIFC3	5.181818181818182	2.3605024707753786e-46	-0.17586589	1.0
WDR24	6.2727272727272725	1.0	-0.15717505	1.0
TRRAP	3.8615384615384616	2.3467488869592044e-215	0.011571169	1.0
CDH6	15.0	1.0	-0.19351363	1.0
SHANK3	5.363636363636363	4.9677529912471725e-31	-0.08320272	1.0
FAM193B	5.045454545454546	1.4229306440703084e-59	-0.1618809	1.0
MCM8	5.515151515151516	1.7246853142774622e-20	-0.17572507	1.0
PPP1R12C	5.151515151515151	3.59408870467608e-49	-0.1787626	1.0
ASCC2	4.545454545454546	2.1705639517453993e-118	-0.21933578	1.0
SEC23B	7.5606060606060606	1.0	-0.15169059	1.0
TRPV2	9.333333333333334	1.0	-0.14108501	1.0
BCL11A	4.742424242424242	1.5808109845269243e-93	-0.17256308	1.0
NPAS2	4.106060606060606	2.4294474174401478e-179	-0.11265331	1.0
COL4A2	7.075757575757576	1.0	-0.1339005	1.0
MEP1A	7.5606060606060606	1.0	-0.16374512	1.0
MAP4K1	4.212121212121212	4.33582970150717e-164	-0.14066897	1.0
KIF3C	5.757575757575758	3.3260698279418764e-08	-0.13276507	1.0
RBM5	5.045454545454546	1.4229306440703084e-59	-0.1487923	1.0
EIF3B	5.7272727272727275	2.031818790138371e-09	-0.19396421	1.0
NRAP	4.787878787878788	4.431250677636168e-88	-0.08379955	1.0
SMURF1	3.787878787878788	2.115340487863969e-226	-0.25395355	1.0
EXOC6B	5.909090909090909	0.0015217723481678817	-0.15384732	1.0
RASA3	4.545454545454546	2.1705639517453993e-118	-0.16842492	1.0
ELAC2	5.318181818181818	1.3394031029632731e-34	-0.15083632	1.0
NLGN1	5.681818181818182	2.0488697101334917e-11	-0.16831845	1.0
ADAM17	5.181818181818182	2.3605024707753786e-46	-0.19834252	1.0
TBL3	5.212121212121212	1.3139036660141977e-43	-0.18240738	1.0
TAOK1	4.878787878787879	1.5453967442950229e-77	-0.19711412	1.0
QARS	6.242424242424242	1.0	-0.1766406	1.0
TFR2	7.53030303030303	1.0	-0.17221455	1.0
NLGN2	5.681818181818182	2.0488697101334917e-11	-0.17647961	1.0
ARHGEF15	3.984848484848485	4.290407050829078e-197	-0.19091403	1.0
FER	3.787878787878788	2.115340487863969e-226	-0.13418406	1.0
TACC3	4.484848484848484	2.1281592221250877e-126	-0.19385803	1.0
SRRM2	4.212121212121212	4.33582970150717e-164	0.019614393	1.0
SART1	8.075757575757576	1.0	-0.16125703	1.0
ZNF484	4.757575757575758	1.0619875368314136e-91	-0.14655218	1.0
CRNKL1	4.2272727272727275	6.257190620228874e-162	-0.17632712	1.0
PPP1R9B	4.863636363636363	2.926718135188438e-79	-0.21687745	1.0
EPC1	5.2272727272727275	2.9052237252149825e-42	-0.17466807	1.0
SMPD4	7.2272727272727275	1.0	-0.15817256	1.0
RINT1	5.590909090909091	5.007830731219704e-16	-0.1275537	1.0
LRP6	12.712121212121213	1.0	-0.085431695	1.0
LRP5	12.712121212121213	1.0	-0.08854713	1.0
ZFYVE20	6.181818181818182	1.0	-0.19271614	1.0
RXFP2	15.0	1.0	-0.13284625	1.0
SPON1	5.545454545454546	1.2242493613827866e-18	-0.14285718	1.0
MCM3	4.5606060606060606	2.0701982173404105e-116	-0.2218647	1.0
MATR3	4.7272727272727275	2.2662035039882355e-95	-0.18901573	1.0
NLGN3	5.621212121212121	2.1281896348445874e-14	-0.18772107	1.0
COL14A1	6.106060606060606	0.7203309180246135	-0.10049216	1.0
GRIPAP1	3.8333333333333335	1.3485832323205122e-219	-0.14604639	1.0
MAP1A	4.893939393939394	7.917093618468979e-76	-0.025636392	1.0
PRICKLE2	4.803030303030303	2.7367645399029442e-86	-0.15883961	1.0
DNMT3B	4.196969696969697	2.9882021010514624e-166	-0.19746418	1.0
MAP7D1	4.818181818181818	1.6425866582786677e-84	-0.15076031	1.0
RALGDS	4.196969696969697	2.9882021010514624e-166	-0.22800736	1.0
FURIN	15.0	1.0	-0.1734111	1.0
CACNA1B	6.636363636363637	1.0	0.0283901	1.0
TAP1	8.712121212121213	1.0	-0.16949795	1.0
ZNF142	15.0	1.0	-0.077838324	1.0
LZTR1	5.196969696969697	5.681854045967462e-45	-0.15356208	1.0
APBA1	5.196969696969697	5.681854045967462e-45	-0.19012216	1.0
KIF6	6.2727272727272725	1.0	-0.15991732	1.0
KCTD3	7.878787878787879	1.0	-0.16273955	1.0
CLOCK	5.348484848484849	3.361814908486116e-32	-0.1783322	1.0
PARP9	6.136363636363637	0.9665881464844287	-0.13934027	1.0
TCEB3	6.681818181818182	1.0	-0.13931419	1.0
GTF3C4	4.893939393939394	7.917093618468979e-76	-0.20268208	1.0
WDR44	7.015151515151516	1.0	-0.17689829	1.0
NIPBL	5.818181818181818	4.672299051935399e-06	-0.011368613	1.0
TTC27	4.484848484848484	2.1281592221250877e-126	-0.1524749	1.0
MUSK	15.0	1.0	-0.15961783	1.0
DSC1	5.106060606060606	1.5872832289342982e-53	-0.18176264	1.0
ATP6V0A2	5.333333333333333	2.1706753254292354e-33	-0.16437583	1.0
MAP3K11	3.8333333333333335	1.3485832323205122e-219	-0.19093013	1.0
OSBPL3	4.212121212121212	4.33582970150717e-164	-0.11850926	1.0
MSH5	7.166666666666667	1.0	-0.1663766	1.0
EEF2	3.787878787878788	2.115340487863969e-226	-0.20584124	1.0
ACAP3	6.212121212121212	1.0	-0.17611004	1.0
COG3	15.0	1.0	-0.15871273	1.0
RBBP8	3.8333333333333335	1.3485832323205122e-219	-0.19393599	1.0
IFT172	7.53030303030303	1.0	-0.08794394	1.0
DNM3	5.045454545454546	1.4229306440703084e-59	-0.17530665	1.0
VAV3	4.181818181818182	2.0431422463121415e-168	-0.13321172	1.0
MICALL1	4.212121212121212	4.33582970150717e-164	-0.1467917	1.0
ADAMTS4	8.015151515151516	1.0	-0.16995543	1.0
USP13	5.7727272727272725	1.240247868738064e-07	-0.20153475	1.0
MCM4	4.606060606060606	1.5330310558122995e-110	-0.19466673	1.0
KCNH2	5.4393939393939394	1.6925534327478274e-25	-0.18293202	1.0
RASA4	15.0	1.0	-0.17536731	1.0
HMGCR	4.515151515151516	2.2372994385292133e-122	-0.19309156	1.0
ITGB4	3.9545454545454546	1.4292587375731596e-201	-0.08301951	1.0
KIF13B	5.666666666666667	3.978664970448861e-12	-0.06834099	1.0
GTF3C3	4.53030303030303	2.2306482421952033e-120	-0.19087738	1.0
SIPA1L1	6.636363636363637	1.0	-0.08477866	1.0
PDCD11	4.318181818181818	3.8075011752609048e-149	-0.08559042	1.0
AGAP1	5.454545454545454	1.875469319795333e-24	-0.18215644	1.0
SHANK2	5.333333333333333	2.1706753254292354e-33	-0.07085547	1.0
BSN	6.515151515151516	1.0	0.10131809	1.0
DOCK1	4.545454545454546	2.1705639517453993e-118	-0.10620662	1.0
DZIP1	15.0	1.0	-0.16649583	1.0
DCAF6	3.6818181818181817	2.3853005820836463e-242	-0.11034387	1.0
PHIP	6.393939393939394	1.0	-0.1098067	1.0
FCHO1	4.287878787878788	2.2087249048920608e-153	-0.16369592	1.0
KDM1A	4.666666666666667	7.336184814303851e-103	-0.19019069	1.0
TYRO3	4.2727272727272725	1.6441818492106707e-155	-0.14363918	1.0
TLR3	5.0	2.784639304065503e-64	-0.19531254	1.0
ATG9A	5.257575757575758	1.2355595419735018e-39	-0.113362856	1.0
SND1	4.0	7.386654389169344e-195	-0.1975501	1.0
NFKB2	3.8333333333333335	1.3485832323205122e-219	-0.21912949	1.0
DSC3	4.196969696969697	2.9882021010514624e-166	-0.17585278	1.0
MYRIP	6.121212121212121	0.8477923380061042	-0.14630462	1.0
AKAP11	4.196969696969697	2.9882021010514624e-166	-0.12939078	1.0
EXOC1	5.909090909090909	0.0015217723481678817	-0.16031802	1.0
SAFB	4.515151515151516	2.2372994385292133e-122	-0.21748292	1.0
BAZ2A	4.378787878787879	9.114755093831552e-141	-0.10174698	1.0
ACTN4	4.575757575757576	1.9231756304013163e-114	-0.22227947	1.0
GPRASP2	6.621212121212121	1.0	-0.18167591	1.0
MORC4	4.803030303030303	2.7367645399029442e-86	-0.15733744	1.0
ZFP106	4.803030303030303	2.7367645399029442e-86	-0.081952125	1.0
TRAK2	5.651515151515151	7.347178639562884e-13	-0.17994496	1.0
ICAM5	4.636363636363637	1.1170269528111936e-106	-0.20537513	1.0
DNAJC6	4.9393939393939394	8.666842423299595e-71	-0.17165023	1.0
FAM115A	5.106060606060606	1.5872832289342982e-53	-0.18820159	1.0
TAOK3	4.96969696969697	1.6768237566517874e-67	-0.14635782	1.0
CLCA1	4.954545454545454	3.884182853552079e-69	-0.17558375	1.0
WFS1	6.2272727272727275	1.0	-0.17397262	1.0
PSMD1	4.242424242424242	8.837767506374353e-160	-0.17319547	1.0
FRYL	4.242424242424242	8.837767506374353e-160	-0.017329443	1.0
TRPV1	8.333333333333334	1.0	-0.14233148	1.0
WWP1	4.287878787878788	2.2087249048920608e-153	-0.19943118	1.0
ESYT2	6.5	1.0	-0.16821943	1.0
ANK1	6.492307692307692	1.0	-0.13274024	1.0
CASK	5.196969696969697	5.681854045967462e-45	-0.21865155	1.0
TRPC3	5.121212121212121	4.676730757762688e-52	-0.20017572	1.0
MYH7	5.545454545454546	1.2242493613827866e-18	-0.12017844	1.0
MAP3K14	4.045454545454546	3.500482389273137e-188	-0.23773843	1.0
PRPF6	3.803030303030303	4.0245198343713096e-224	-0.18284053	1.0
NEFM	5.03030303030303	3.992657506387221e-61	-0.17110828	1.0
FAM120B	5.045454545454546	1.4229306440703084e-59	-0.14482075	1.0
TEX10	4.893939393939394	7.917093618468979e-76	-0.15661468	1.0
PLK4	4.0	7.386654389169344e-195	-0.16800731	1.0
C17orf70	10.727272727272727	1.0	-0.16951112	1.0
NCOA7	3.984848484848485	4.290407050829078e-197	-0.15034378	1.0
SCN5A	4.909090909090909	3.9245179205093584e-74	-0.12805194	1.0
HK2	5.878787878787879	0.00027450830962018466	-0.16724224	1.0
SLC8A1	4.151515151515151	9.15888580977784e-173	-0.16409706	1.0
DAG1	6.787878787878788	1.0	-0.18819657	1.0
ENPP1	4.666666666666667	7.336184814303851e-103	-0.15284513	1.0
PPP6R2	5.151515151515151	3.59408870467608e-49	-0.15580848	1.0
TRIO	4.454545454545454	1.8518644066753443e-130	-0.027481467	1.0
TJP3	6.015151515151516	0.11603843419891441	-0.19896917	1.0
PPP4R1	4.636363636363637	1.1170269528111936e-106	-0.17616463	1.0
AP2A2	4.575757575757576	1.9231756304013163e-114	-0.20978291	1.0
SCN8A	6.121212121212121	0.8477923380061042	-0.123420164	1.0
ERAP1	4.666666666666667	7.336184814303851e-103	-0.18089025	1.0
C6	11.151515151515152	1.0	-0.18876798	1.0
AP1B1	4.696969696969697	4.296316092130633e-99	-0.21040058	1.0
TMEM67	8.0	1.0	-0.1776855	1.0
RASIP1	4.696969696969697	4.296316092130633e-99	-0.20430818	1.0
PKD1	3.8181818181818183	7.38036129473198e-222	0.014310668	1.0
ERC2	5.515151515151516	1.7246853142774622e-20	-0.17657521	1.0
KCNB1	15.0	1.0	-0.20294997	1.0
ZNF638	5.106060606060606	1.5872832289342982e-53	-0.12235153	1.0
PPP1R12A	4.242424242424242	8.837767506374353e-160	-0.17107396	1.0
TRPC6	6.106060606060606	0.7203309180246135	-0.17738783	1.0
EIF3C	5.863636363636363	0.0001074974518139196	-0.21412204	1.0
PPP1R10	4.515151515151516	2.2372994385292133e-122	-0.15780237	1.0
ZFC3H1	5.348484848484849	3.361814908486116e-32	-0.098322146	1.0
GLIS3	5.924242424242424	0.0033040705224971884	-0.16397467	1.0
GANAB	5.2272727272727275	2.9052237252149825e-42	-0.20176585	1.0
MAP3K13	4.515151515151516	2.2372994385292133e-122	-0.19213206	1.0
ZNRF3	6.196969696969697	1.0	-0.15907165	1.0
MATN2	6.651515151515151	1.0	-0.21075228	1.0
PWP2	8.0	1.0	-0.17191502	1.0
CHTF18	4.863636363636363	2.926718135188438e-79	-0.19106495	1.0
NOTCH4	3.9242424242424243	4.600422224434154e-206	-0.12279069	1.0
GRIK4	6.212121212121212	1.0	-0.17652708	1.0
GMIP	4.924242424242424	1.874969259881809e-72	-0.18024974	1.0
GABBR2	5.712121212121212	4.622182304966331e-10	-0.19309464	1.0
CEP350	5.909090909090909	0.0015217723481678817	-0.023608902	1.0
DLGAP2	5.651515151515151	7.347178639562884e-13	-0.19854319	1.0
HELZ	8.045454545454545	1.0	-0.0878812	1.0
SYNPO	5.287878787878788	4.435475492969264e-37	-0.15423141	1.0
NEDD4L	5.0606060606060606	4.89685641010256e-58	-0.21484524	1.0
CLCA2	4.954545454545454	3.884182853552079e-69	-0.14184877	1.0
PARG	4.348484848484849	6.158238409806613e-145	-0.15159492	1.0
PCSK6	5.212121212121212	1.3139036660141977e-43	-0.087121546	1.0
PRPF40A	4.424242424242424	1.483232711503633e-134	-0.24776427	1.0
ERN1	4.166666666666667	1.3774237346063119e-170	-0.19400994	1.0
NR3C2	3.712121212121212	8.857636845961859e-238	-0.18870132	1.0
EPHA2	4.303030303030303	2.9329124127824168e-151	-0.21158625	1.0
DLGAP3	4.666666666666667	7.336184814303851e-103	-0.1703879	1.0
TTC3	5.075757575757576	1.6271107072498622e-56	-0.09752442	1.0
USO1	5.363636363636363	4.9677529912471725e-31	-0.21321219	1.0
EIF4ENIF1	5.303030303030303	7.887011253946248e-36	-0.21162657	1.0
EPHA4	5.2272727272727275	2.9052237252149825e-42	-0.21935473	1.0
ARHGEF2	3.9242424242424243	4.600422224434154e-206	-0.14823999	1.0
MPDZ	5.4393939393939394	1.6925534327478274e-25	-0.14775242	1.0
RNF111	3.984848484848485	4.290407050829078e-197	-0.17837065	1.0
EPHB3	4.7727272727272725	6.9489106635318485e-90	-0.17131771	1.0
ZFPM1	4.393939393939394	1.0948844848673155e-138	-0.19892898	1.0
DHX16	5.348484848484849	3.361814908486116e-32	-0.18499045	1.0
MERTK	4.424242424242424	1.483232711503633e-134	-0.17480606	1.0
HK3	15.0	1.0	-0.17910631	1.0
AARS	6.075757575757576	0.4654418176526208	-0.17445134	1.0
NUP214	4.878787878787879	1.5453967442950229e-77	-0.15747744	1.0
RECK	7.575757575757576	1.0	-0.15022644	1.0
MIB1	4.621212121212121	1.3207905061700894e-108	-0.19923759	1.0
ARHGAP4	5.2727272727272725	2.3924807267209796e-38	-0.17150158	1.0
INTS4	7.393939393939394	1.0	-0.17187995	1.0
PKD2	15.0	1.0	-0.17777456	1.0
R3HDM2	5.151515151515151	3.59408870467608e-49	-0.15911004	1.0
AARS2	6.2272727272727275	1.0	-0.16940092	1.0
PEX6	5.075757575757576	1.6271107072498622e-56	-0.1965797	1.0
PLCL2	4.515151515151516	2.2372994385292133e-122	-0.19327126	1.0
ITGA9	4.454545454545454	1.8518644066753443e-130	-0.21223964	1.0
SRCAP	4.257575757575758	1.225183680326422e-157	-0.025899215	1.0
COL6A1	6.0606060606060606	0.35240497543927884	-0.20102954	1.0
CARD14	5.151515151515151	3.59408870467608e-49	-0.19701248	1.0
MYH9	5.363636363636363	4.9677529912471725e-31	-0.08513344	1.0
DOCK9	4.757575757575758	1.0619875368314136e-91	-0.09281251	1.0
MMS19	3.984848484848485	4.290407050829078e-197	-0.17423058	1.0
KCNH1	15.0	1.0	-0.18630503	1.0
SNX19	8.121212121212121	1.0	-0.16029777	1.0
ITGAV	5.045454545454546	1.4229306440703084e-59	-0.24660076	1.0
PHC1	5.287878787878788	4.435475492969264e-37	-0.2227778	1.0
SEMA6A	4.984848484848484	6.973868836232615e-66	-0.1981978	1.0
GOLGB1	5.803030303030303	1.4705485992125324e-06	-0.08544732	1.0
KIF5A	4.515151515151516	2.2372994385292133e-122	-0.19990292	1.0
NCAPG	5.0	2.784639304065503e-64	-0.171242	1.0
ITGA2B	5.454545454545454	1.875469319795333e-24	-0.21801797	1.0
BUB1B	4.666666666666667	7.336184814303851e-103	-0.22816223	1.0
PIK3CD	4.712121212121212	3.1719869210396293e-97	-0.22207823	1.0
TMEM132A	4.287878787878788	2.2087249048920608e-153	-0.19917405	1.0
SKIV2L2	6.757575757575758	1.0	-0.23718561	1.0
RAG1	4.46969696969697	2.0157488759722106e-128	-0.19849119	1.0
TNK2	3.9696969696969697	2.4674890859968454e-199	-0.23522116	1.0
KIAA2026	5.151515151515151	3.59408870467608e-49	-0.09791315	1.0
GRIN3B	5.287878787878788	4.435475492969264e-37	-0.18091267	1.0
MAN2B1	4.757575757575758	1.0619875368314136e-91	-0.16183689	1.0
SMARCA1	5.363636363636363	4.9677529912471725e-31	-0.18207656	1.0
CEBPZ	3.9545454545454546	1.4292587375731596e-201	-0.19649152	1.0
MPHOSPH9	5.242424242424242	6.099209833098505e-41	-0.17856874	1.0
IGHMBP2	7.878787878787879	1.0	-0.17815994	1.0
C15orf39	5.575757575757576	7.098220602553354e-17	-0.17782567	1.0
RBL1	3.8333333333333335	1.3485832323205122e-219	-0.22966982	1.0
PAXIP1	4.424242424242424	1.483232711503633e-134	-0.21484521	1.0
HERC6	6.803030303030303	1.0	-0.13195468	1.0
ITGA8	6.363636363636363	1.0	-0.21447045	1.0
SUPT16H	5.5606060606060606	9.57038049901898e-18	-0.19338194	1.0
ATP2A3	4.5	2.201714823989054e-124	-0.16165642	1.0
NUMA1	5.909090909090909	0.0015217723481678817	-0.098249465	1.0
AP3B2	4.348484848484849	6.158238409806613e-145	-0.20876561	1.0
MPRIP	4.166666666666667	1.3774237346063119e-170	-0.16158833	1.0
ADAMTSL4	5.166666666666667	9.397055613032697e-48	-0.22737591	1.0
HIRA	5.893939393939394	0.0006641214396199383	-0.20573716	1.0
SIPA1	4.9393939393939394	8.666842423299595e-71	-0.17705195	1.0
SGSM2	5.363636363636363	4.9677529912471725e-31	-0.22300681	1.0
MYO7A	7.121212121212121	1.0	-0.12745976	1.0
ZBTB11	4.878787878787879	1.5453967442950229e-77	-0.16156952	1.0
POP1	15.0	1.0	-0.22373249	1.0
BUB1	4.242424242424242	8.837767506374353e-160	-0.19969681	1.0
PARD3B	4.333333333333333	4.8731389520965527e-147	-0.20071647	1.0
RNF31	4.863636363636363	2.926718135188438e-79	-0.20145802	1.0
MYO1C	5.833333333333333	1.4045368745137865e-05	-0.16905077	1.0
CACNA1E	4.515151515151516	2.2372994385292133e-122	-0.10707397	1.0
GRIP1	4.075757575757576	9.425084823205431e-184	-0.18045552	1.0
FRMD4B	7.196969696969697	1.0	-0.18033366	1.0
CP	15.0	1.0	-0.18814765	1.0
HELB	5.333333333333333	2.1706753254292354e-33	-0.1874546	1.0
ADCY7	4.378787878787879	9.114755093831552e-141	-0.16093166	1.0
GRIN3A	4.757575757575758	1.0619875368314136e-91	-0.19838043	1.0
PCDH8	5.409090909090909	1.1965605630142752e-27	-0.16173038	1.0
GOLGA4	7.424242424242424	1.0	-0.12881926	1.0
HDAC5	4.075757575757576	9.425084823205431e-184	-0.23593709	1.0
SH3PXD2A	4.257575757575758	1.225183680326422e-157	-0.18390341	1.0
RET	3.9242424242424243	4.600422224434154e-206	-0.1971999	1.0
CASC5	6.484848484848484	1.0	-0.14628224	1.0
MCF2L	4.590909090909091	1.7383763998462225e-112	-0.1820147	1.0
MAML3	4.818181818181818	1.6425866582786677e-84	-0.20473056	1.0
DAB2IP	4.5	2.201714823989054e-124	-0.19757973	1.0
GSE1	6.181818181818182	1.0	-0.19930755	1.0
TMCO7	7.9393939393939394	1.0	-0.17271273	1.0
GRIP2	5.318181818181818	1.3394031029632731e-34	-0.20739247	1.0
KNTC1	15.0	1.0	-0.08917739	1.0
PELP1	3.6818181818181817	2.3853005820836463e-242	-0.12603952	1.0
HERC4	7.803030303030303	1.0	-0.117528185	1.0
FMNL2	5.424242424242424	1.4589219929881028e-26	-0.15459329	1.0
XPO4	4.878787878787879	1.5453967442950229e-77	-0.20819813	1.0
LAMB3	7.287878787878788	1.0	-0.215417	1.0
NAV2	4.393939393939394	1.0948844848673155e-138	-0.14724612	1.0
WWC1	5.757575757575758	3.3260698279418764e-08	-0.21785615	1.0
ANKS1A	4.333333333333333	4.8731389520965527e-147	-0.16371202	1.0
SMG5	5.818181818181818	4.672299051935399e-06	-0.085177	1.0
ADCY6	5.7727272727272725	1.240247868738064e-07	-0.15795663	1.0
CEP250	4.181818181818182	2.0431422463121415e-168	-0.13585353	1.0
ATP2B4	5.636363636363637	1.2851410704542627e-13	-0.19866212	1.0
ATP2B2	5.666666666666667	3.978664970448861e-12	-0.19445324	1.0
CD163	4.409090909090909	1.2861037409784286e-136	-0.16002151	1.0
GUCY2D	15.0	1.0	-0.20511228	1.0
TRERF1	4.166666666666667	1.3774237346063119e-170	-0.16607147	1.0
WDR6	6.484848484848484	1.0	-0.19694094	1.0
APAF1	4.181818181818182	2.0431422463121415e-168	-0.22832803	1.0
GRIN2C	5.606060606060606	3.3531991138491256e-15	-0.20683552	1.0
PLCG1	3.8484848484848486	2.5229778063339486e-217	-0.22939827	1.0
EIF5B	4.924242424242424	1.874969259881809e-72	-0.19197291	1.0
PCDH17	5.409090909090909	1.1965605630142752e-27	-0.16578384	1.0
DHX38	4.893939393939394	7.917093618468979e-76	-0.19896649	1.0
EVC2	4.757575757575758	1.0619875368314136e-91	-0.16998851	1.0
DGKD	5.545454545454546	1.2242493613827866e-18	-0.2002649	1.0
ARHGEF10L	5.446153846153846	4.993421599168011e-25	-0.2199984	1.0
SPTBN4	6.2153846153846155	1.0	-0.15698713	1.0
NOMO3	5.409090909090909	1.1965605630142752e-27	-0.18378541	1.0
SMARCC2	6.015151515151516	0.11603843419891441	-0.18606418	1.0
RBP3	5.151515151515151	3.59408870467608e-49	-0.17507605	1.0
FLII	4.696969696969697	4.296316092130633e-99	-0.17199488	1.0
RECQL4	6.242424242424242	1.0	-0.17466046	1.0
POLRMT	15.0	1.0	-0.20200609	1.0
PHLDB2	4.363636363636363	7.512830586913155e-143	-0.17589636	1.0
SCAP	4.666666666666667	7.336184814303851e-103	-0.22336298	1.0
NOMO1	7.409090909090909	1.0	-0.16312133	1.0
RASAL2	4.242424242424242	8.837767506374353e-160	-0.18497193	1.0
UBE2O	5.590909090909091	5.007830731219704e-16	-0.2052832	1.0
IRS4	4.393939393939394	1.0948844848673155e-138	-0.17085412	1.0
GRIN2D	3.803030303030303	4.0245198343713096e-224	-0.24203132	1.0
MTR	5.2727272727272725	2.3924807267209796e-38	-0.17763473	1.0
SYMPK	4.181818181818182	2.0431422463121415e-168	-0.18383488	1.0
CEP192	6.984848484848484	1.0	-0.12885344	1.0
CRB2	4.757575757575758	1.0619875368314136e-91	-0.1726971	1.0
TRPS1	4.954545454545454	3.884182853552079e-69	-0.18771169	1.0
OBSCN	5.5	1.8957199282862748e-21	-0.20629914	1.0
EHMT1	7.333333333333333	1.0	-0.17940228	1.0
KTN1	4.590909090909091	1.7383763998462225e-112	-0.19572757	1.0
IGF1R	3.8333333333333335	1.3485832323205122e-219	-0.20452023	1.0
CDHR2	5.848484848484849	4.0048182067238415e-05	-0.14797664	1.0
MED23	6.742424242424242	1.0	-0.21407235	1.0
SMC4	15.0	1.0	-0.1738721	1.0
SCAF1	5.409090909090909	1.1965605630142752e-27	-0.17040968	1.0
NUP155	15.0	1.0	-0.17921627	1.0
ATAD2	3.984848484848485	4.290407050829078e-197	-0.18474865	1.0
UTY	5.151515151515151	3.59408870467608e-49	-0.1883514	1.0
NPAT	4.257575757575758	1.225183680326422e-157	-0.18559194	1.0
SNAPC4	4.5	2.201714823989054e-124	-0.22010864	1.0
COL3A1	5.621212121212121	2.1281896348445874e-14	-0.21645164	1.0
COL17A1	4.318181818181818	3.8075011752609048e-149	-0.22396018	1.0
ADCY10	7.333333333333333	1.0	-0.20536269	1.0
HTT	3.409090909090909	1.0655625061781275e-283	-0.21172403	1.0
VPRBP	4.7727272727272725	6.9489106635318485e-90	-0.17859228	1.0
ARHGEF12	5.363636363636363	4.9677529912471725e-31	-0.22352621	1.0
MRC1	4.696969696969697	4.296316092130633e-99	-0.17870164	1.0
CUX2	4.212121212121212	4.33582970150717e-164	-0.1694042	1.0
BAZ1A	3.9393939393939394	8.13036209830832e-204	-0.20150413	1.0
CLASP2	5.7272727272727275	2.031818790138371e-09	-0.2064253	1.0
REV3L	5.090909090909091	5.1713704161927095e-55	-0.17016646	1.0
COL18A1	7.181818181818182	1.0	-0.20649008	1.0
MAST1	4.818181818181818	1.6425866582786677e-84	-0.19454604	1.0
PLA2R1	7.833333333333333	1.0	-0.21151592	1.0
MED1	3.757575757575758	6.114847680928736e-231	-0.22458756	1.0
ABCC2	6.090909090909091	0.5901931783435886	-0.21217772	1.0
NISCH	5.318181818181818	1.3394031029632731e-34	-0.18092732	1.0
MEGF6	5.242424242424242	6.099209833098505e-41	-0.19621058	1.0
WDR7	15.0	1.0	-0.17098641	1.0
CCDC141	6.121212121212121	0.8477923380061042	-0.17858768	1.0
RUSC2	15.0	1.0	-0.15836355	1.0
RELN	5.166666666666667	9.397055613032697e-48	-0.18678372	1.0
C4A	11.151515151515152	1.0	-0.20569678	1.0
PIK3C2A	4.424242424242424	1.483232711503633e-134	-0.17822497	1.0
C4B	10.181818181818182	1.0	-0.2190803	1.0
N4BP2	4.0	7.386654389169344e-195	-0.19909278	1.0
AKD1	4.7272727272727275	2.2662035039882355e-95	-0.18077366	1.0
PLXNB3	15.0	1.0	-0.15666595	1.0
MDC1	3.696969696969697	4.6359708472492094e-240	-0.22251606	1.0
MYH10	6.257575757575758	1.0	-0.19681728	1.0
ANKRD12	5.454545454545454	1.875469319795333e-24	-0.18572988	1.0
TNXB	6.287878787878788	1.0	-0.18018632	1.0
CCDC88C	5.106060606060606	1.5872832289342982e-53	-0.18009849	1.0
SHANK1	5.3076923076923075	1.8973484535558828e-35	-0.23737833	1.0
MYH14	6.196969696969697	1.0	-0.17963235	1.0
DIDO1	4.7727272727272725	6.9489106635318485e-90	-0.22333975	1.0
EPPK1	4.4393939393939394	1.673299379658336e-132	-0.08637539	1.0
BAHCC1	6.015151515151516	0.11603843419891441	-0.17426115	1.0
FSIP2	15.0	1.0	-0.17554034	1.0
SMG1	6.484848484848484	1.0	-0.20595515	1.0
PRKDC	3.5303030303030303	2.824771523696977e-265	-0.23861618	1.0
